order,subset,domain,arm,n,OD,OC,macro
0,remaining_dev,REFUGE,C,336,88.3771914422293,83.27966210909302,85.82842677566116
0,remaining_dev,REFUGE,C_PER256,336,88.01753738799141,83.14476021353491,85.58114880076316
0,remaining_dev,REFUGE,C_SENS,336,88.3771914422293,83.27966210909302,85.82842677566116
0,remaining_dev,REFUGE,C_PCA_GLOBAL,336,88.44765965832116,83.27275465467444,85.8602071564978
0,remaining_dev,REFUGE,C_PCA_SHUFFLED,336,88.44741247020268,83.27256687804132,85.859989674122
0,remaining_dev,REFUGE,C_PCA_REGION,336,88.411074025397,83.27343977723501,85.84225690131602
0,remaining_dev,ORIGA,C,586,88.25708328613436,72.46894910986828,80.3630161980013
0,remaining_dev,ORIGA,C_PER256,586,80.96118868640981,63.65648269643514,72.30883569142249
0,remaining_dev,ORIGA,C_SENS,586,88.25708328613436,72.46894910986828,80.3630161980013
0,remaining_dev,ORIGA,C_PCA_GLOBAL,586,88.35581163532582,72.39434768296434,80.37507965914507
0,remaining_dev,ORIGA,C_PCA_SHUFFLED,586,88.35308236556483,72.3938638671189,80.37347311634187
0,remaining_dev,ORIGA,C_PCA_REGION,586,88.22463524909729,72.93762762981366,80.58113143945548
0,remaining_dev,REFUGE_Valid,C,736,78.41050005855557,59.722511469446815,69.06650576400119
0,remaining_dev,REFUGE_Valid,C_PER256,736,85.94905152893631,66.18393095288609,76.0664912409112
0,remaining_dev,REFUGE_Valid,C_SENS,736,78.41050005855557,59.722511469446815,69.06650576400119
0,remaining_dev,REFUGE_Valid,C_PCA_GLOBAL,736,77.83309352511681,59.63508969865728,68.73409161188704
0,remaining_dev,REFUGE_Valid,C_PCA_SHUFFLED,736,77.83540078951019,59.6453433838229,68.74037208666654
0,remaining_dev,REFUGE_Valid,C_PCA_REGION,736,78.05376018695198,58.70903823296187,68.38139920995692
0,remaining_dev,Drishti_GS,C,37,92.94947586476542,69.36867603266047,81.15907594871295
0,remaining_dev,Drishti_GS,C_PER256,37,86.2004110368718,60.80736111349545,73.50388607518363
0,remaining_dev,Drishti_GS,C_SENS,37,92.94947586476542,69.36867603266047,81.15907594871295
0,remaining_dev,Drishti_GS,C_PCA_GLOBAL,37,93.19331790453302,68.71088870289157,80.95210330371229
0,remaining_dev,Drishti_GS,C_PCA_SHUFFLED,37,93.19696857145603,68.7095159791701,80.95324227531306
0,remaining_dev,Drishti_GS,C_PCA_REGION,37,93.18712377083344,71.52391085469023,82.35551731276183
0,legacy_dev,REFUGE,C,32,88.31338896126675,83.0850007524686,85.69919485686768
0,legacy_dev,REFUGE,C_PER256,32,87.90911080354465,82.79958459311337,85.35434769832901
0,legacy_dev,REFUGE,C_SENS,32,88.31338896126675,83.0850007524686,85.69919485686768
0,legacy_dev,REFUGE,C_PCA_GLOBAL,32,88.40058597591116,83.08028943552316,85.74043770571717
0,legacy_dev,REFUGE,C_PCA_SHUFFLED,32,88.39959132301706,83.07965413687955,85.73962272994831
0,legacy_dev,REFUGE,C_PCA_REGION,32,88.35939601218898,83.10089987443921,85.7301479433141
0,legacy_dev,ORIGA,C,32,87.54784416815073,74.83879530775215,81.19331973795144
0,legacy_dev,ORIGA,C_PER256,32,80.6831329403491,65.91264025312917,73.29788659673913
0,legacy_dev,ORIGA,C_SENS,32,87.54784416815073,74.83879530775215,81.19331973795144
0,legacy_dev,ORIGA,C_PCA_GLOBAL,32,87.67693861962037,74.81285664332884,81.2448976314746
0,legacy_dev,ORIGA,C_PCA_SHUFFLED,32,87.6764172311702,74.80657928778399,81.2414982594771
0,legacy_dev,ORIGA,C_PCA_REGION,32,87.52418213298986,75.19826283199187,81.36122248249087
0,legacy_dev,REFUGE_Valid,C,32,77.9154891346125,58.53148479469444,68.22348696465347
0,legacy_dev,REFUGE_Valid,C_PER256,32,84.33097825356644,64.70912468311917,74.52005146834281
0,legacy_dev,REFUGE_Valid,C_SENS,32,77.9154891346125,58.53148479469444,68.22348696465347
0,legacy_dev,REFUGE_Valid,C_PCA_GLOBAL,32,77.31857635692948,58.43888912005514,67.87873273849232
0,legacy_dev,REFUGE_Valid,C_PCA_SHUFFLED,32,77.31972716104698,58.45134601852203,67.88553658978451
0,legacy_dev,REFUGE_Valid,C_PCA_REGION,32,77.56615413534828,57.52480390990357,67.54547902262593
0,legacy_dev,Drishti_GS,C,32,93.27922797295665,70.94007552859645,82.10965175077655
0,legacy_dev,Drishti_GS,C_PER256,32,86.13660937112343,63.452258616336394,74.79443399372991
0,legacy_dev,Drishti_GS,C_SENS,32,93.27922797295665,70.94007552859645,82.10965175077655
0,legacy_dev,Drishti_GS,C_PCA_GLOBAL,32,93.45253535115118,70.38400818844508,81.91827176979814
0,legacy_dev,Drishti_GS,C_PCA_SHUFFLED,32,93.45280104706835,70.37321554737046,81.9130082972194
0,legacy_dev,Drishti_GS,C_PCA_REGION,32,93.4432952813028,72.7836657950808,83.11348053819178
0,p1_extension_dev,REFUGE,C,32,88.66249636780505,82.28951630258189,85.47600633519346
0,p1_extension_dev,REFUGE,C_PER256,32,88.35198310750316,82.44243653031879,85.39720981891097
0,p1_extension_dev,REFUGE,C_SENS,32,88.66249636780505,82.28951630258189,85.47600633519346
0,p1_extension_dev,REFUGE,C_PCA_GLOBAL,32,88.73889894986775,82.28213886540146,85.5105189076346
0,p1_extension_dev,REFUGE,C_PCA_SHUFFLED,32,88.7387113439909,82.28215784993466,85.51043459696278
0,p1_extension_dev,REFUGE,C_PCA_REGION,32,88.69229276889817,82.31428601422907,85.50328939156361
0,p1_extension_dev,ORIGA,C,32,87.86889494615805,72.19132389007868,80.03010941811837
0,p1_extension_dev,ORIGA,C_PER256,32,79.15811514011368,61.26621310661841,70.21216412336605
0,p1_extension_dev,ORIGA,C_SENS,32,87.86889494615805,72.19132389007868,80.03010941811837
0,p1_extension_dev,ORIGA,C_PCA_GLOBAL,32,87.9867478559154,72.15643413609996,80.07159099600769
0,p1_extension_dev,ORIGA,C_PCA_SHUFFLED,32,87.98230533802686,72.14966040733803,80.06598287268244
0,p1_extension_dev,ORIGA,C_PCA_REGION,32,87.79762293101169,72.73222441511535,80.26492367306352
0,p1_extension_dev,REFUGE_Valid,C,32,79.86353847970113,61.63104902046818,70.74729375008468
0,p1_extension_dev,REFUGE_Valid,C_PER256,32,87.13487751290623,67.45489727929849,77.29488739610235
0,p1_extension_dev,REFUGE_Valid,C_SENS,32,79.86353847970113,61.63104902046818,70.74729375008468
0,p1_extension_dev,REFUGE_Valid,C_PCA_GLOBAL,32,79.34269564494352,61.53696044954343,70.43982804724348
0,p1_extension_dev,REFUGE_Valid,C_PCA_SHUFFLED,32,79.34310192789977,61.55024002003358,70.44667097396669
0,p1_extension_dev,REFUGE_Valid,C_PCA_REGION,32,79.5225723140035,60.63145302194493,70.0770126679742
0,p1_extension_dev,Drishti_GS,C,32,93.75500140074092,69.71498321174829,81.7349923062446
0,p1_extension_dev,Drishti_GS,C_PER256,32,86.51328393347686,64.26017194654938,75.38672794001312
0,p1_extension_dev,Drishti_GS,C_SENS,32,93.75500140074092,69.71498321174829,81.7349923062446
0,p1_extension_dev,Drishti_GS,C_PCA_GLOBAL,32,93.9175855310695,69.3252706892576,81.62142811016355
0,p1_extension_dev,Drishti_GS,C_PCA_SHUFFLED,32,93.92165573820722,69.32685485718814,81.62425529769769
0,p1_extension_dev,Drishti_GS,C_PCA_REGION,32,93.9004751829057,70.92023069100682,82.41035293695626
0,all_dev,REFUGE,C,400,88.39491163779836,83.18487753604218,85.78989458692027
0,all_dev,REFUGE,C_PER256,400,88.03561891879662,83.06096026924392,85.54828959402026
0,all_dev,REFUGE,C_SENS,400,88.39491163779836,83.18487753604218,85.78989458692027
0,all_dev,REFUGE,C_PCA_GLOBAL,400,88.46719290705208,83.17810817400049,85.82265054052628
0,all_dev,REFUGE,C_PCA_SHUFFLED,400,88.46689068833089,83.17790113649986,85.82239591241537
0,all_dev,REFUGE,C_PCA_REGION,400,88.42943728382046,83.18290428397087,85.80617078389567
0,all_dev,ORIGA,C,650,88.20305608820402,72.57195075802059,80.3875034231123
0,all_dev,ORIGA,C_PER256,650,80.85873309047841,63.64988025788139,72.2543066741799
0,all_dev,ORIGA,C_SENS,650,88.20305608820402,72.57195075802059,80.3875034231123
0,all_dev,ORIGA,C_PCA_GLOBAL,650,88.30422090079702,72.50170007255204,80.40296048667453
0,all_dev,ORIGA,C_PCA_SHUFFLED,650,88.30151598220816,72.50062137903936,80.40106868062375
0,all_dev,ORIGA,C_PCA_REGION,650,88.16912925849086,73.03880828150498,80.60396876999793
0,all_dev,REFUGE_Valid,C,800,78.44882115844366,59.751211904497566,69.10001653147062
0,all_dev,REFUGE_Valid,C_PER256,800,85.9317616372803,66.17577735515191,76.0537694962161
0,all_dev,REFUGE_Valid,C_SENS,800,78.44882115844366,59.751211904497566,69.10001653147062
0,all_dev,REFUGE_Valid,C_PCA_GLOBAL,800,77.8728969231824,59.66331650554864,68.76810671436552
0,all_dev,REFUGE_Valid,C_PCA_SHUFFLED,800,77.87508188990724,59.67377935465929,68.77443062228328
0,all_dev,REFUGE_Valid,C_PCA_REGION,800,78.0930084299699,58.73856545159886,68.41578694078437
0,all_dev,Drishti_GS,C,101,93.30916779163013,69.9762662663314,81.64271702898075
0,all_dev,Drishti_GS,C_PER256,101,86.27932469417291,62.7393083090265,74.50931650159971
0,all_dev,Drishti_GS,C_SENS,101,93.30916779163013,69.9762662663314,81.64271702898075
0,all_dev,Drishti_GS,C_PCA_GLOBAL,101,93.50491713563154,69.43564164448985,81.47027939006068
0,all_dev,Drishti_GS,C_PCA_SHUFFLED,101,93.50762826012566,69.43222122945713,81.46992474479137
0,all_dev,Drishti_GS,C_PCA_REGION,101,93.49429935025256,71.73177613047865,82.6130377403656
1,remaining_dev,REFUGE,C,336,91.04440483046776,81.06637633862896,86.05539058454835
1,remaining_dev,REFUGE,C_PER256,336,87.58054235433792,83.18520896483558,85.38287565958674
1,remaining_dev,REFUGE,C_SENS,336,91.04440483046776,81.06637633862896,86.05539058454835
1,remaining_dev,REFUGE,C_PCA_GLOBAL,336,90.96967430075958,81.00270543302959,85.98618986689458
1,remaining_dev,REFUGE,C_PCA_SHUFFLED,336,90.9695864014527,81.01311116519244,85.99134878332258
1,remaining_dev,REFUGE,C_PCA_REGION,336,91.0006191823699,80.00194225689964,85.50128071963476
1,remaining_dev,ORIGA,C,586,87.84554846283864,69.85253871598225,78.84904358941044
1,remaining_dev,ORIGA,C_PER256,586,81.05764075767144,63.59626420317423,72.32695248042283
1,remaining_dev,ORIGA,C_SENS,586,87.84554846283864,69.85253871598225,78.84904358941044
1,remaining_dev,ORIGA,C_PCA_GLOBAL,586,87.8084256567608,69.56111822990677,78.68477194333379
1,remaining_dev,ORIGA,C_PCA_SHUFFLED,586,87.80321382726888,69.54972135425025,78.67646759075957
1,remaining_dev,ORIGA,C_PCA_REGION,586,87.7881006637253,70.55086695193681,79.16948380783106
1,remaining_dev,REFUGE_Valid,C,736,82.49780776701517,64.5032474911912,73.50052762910319
1,remaining_dev,REFUGE_Valid,C_PER256,736,86.05557867522653,66.35780070691573,76.20668969107112
1,remaining_dev,REFUGE_Valid,C_SENS,736,82.49780776701517,64.5032474911912,73.50052762910319
1,remaining_dev,REFUGE_Valid,C_PCA_GLOBAL,736,82.26136454169739,64.45715433566386,73.35925943868062
1,remaining_dev,REFUGE_Valid,C_PCA_SHUFFLED,736,82.24178629071568,64.45235513088069,73.34707071079819
1,remaining_dev,REFUGE_Valid,C_PCA_REGION,736,82.25651263667314,64.12303628906461,73.18977446286888
1,remaining_dev,Drishti_GS,C,37,85.95899660557197,61.281864065427285,73.62043033549963
1,remaining_dev,Drishti_GS,C_PER256,37,85.95899660557197,61.281864065427285,73.62043033549963
1,remaining_dev,Drishti_GS,C_SENS,37,85.95899660557197,61.281864065427285,73.62043033549963
1,remaining_dev,Drishti_GS,C_PCA_GLOBAL,37,85.96552645277323,61.273250407462754,73.619388430118
1,remaining_dev,Drishti_GS,C_PCA_SHUFFLED,37,85.96528892489809,61.272417434846375,73.61885317987223
1,remaining_dev,Drishti_GS,C_PCA_REGION,37,85.9546986187967,61.29669213895056,73.62569537887362
1,legacy_dev,REFUGE,C,32,91.2011303565555,80.51875180585125,85.85994108120337
1,legacy_dev,REFUGE,C_PER256,32,87.38612325546427,82.79626936078566,85.09119630812498
1,legacy_dev,REFUGE,C_SENS,32,91.2011303565555,80.51875180585125,85.85994108120337
1,legacy_dev,REFUGE,C_PCA_GLOBAL,32,91.13749934582859,80.45343529057637,85.7954673182025
1,legacy_dev,REFUGE,C_PCA_SHUFFLED,32,91.13729155142178,80.458139576198,85.7977155638099
1,legacy_dev,REFUGE,C_PCA_REGION,32,91.1506908067891,79.62630615328641,85.38849848003775
1,legacy_dev,ORIGA,C,32,86.69418706515917,71.14052791856565,78.91735749186242
1,legacy_dev,ORIGA,C_PER256,32,79.91092240227574,64.43184100906028,72.17138170566801
1,legacy_dev,ORIGA,C_SENS,32,86.69418706515917,71.14052791856565,78.91735749186242
1,legacy_dev,ORIGA,C_PCA_GLOBAL,32,86.66079810830375,70.92034260483192,78.79057035656783
1,legacy_dev,ORIGA,C_PCA_SHUFFLED,32,86.64991119891702,70.89608825716348,78.77299972804026
1,legacy_dev,ORIGA,C_PCA_REGION,32,86.62470801014271,71.61101954520453,79.11786377767362
1,legacy_dev,REFUGE_Valid,C,32,81.21545526241732,62.76040228465249,71.98792877353492
1,legacy_dev,REFUGE_Valid,C_PER256,32,85.13476002376761,65.13138966168697,75.1330748427273
1,legacy_dev,REFUGE_Valid,C_SENS,32,81.21545526241732,62.76040228465249,71.98792877353492
1,legacy_dev,REFUGE_Valid,C_PCA_GLOBAL,32,80.96138550848399,62.69125490015911,71.82632020432155
1,legacy_dev,REFUGE_Valid,C_PCA_SHUFFLED,32,80.9391775180379,62.68486393839204,71.81202072821496
1,legacy_dev,REFUGE_Valid,C_PCA_REGION,32,80.97348678279485,62.352279581027226,71.66288318191103
1,legacy_dev,Drishti_GS,C,32,86.02962806835491,63.794620642928066,74.91212435564148
1,legacy_dev,Drishti_GS,C_PER256,32,86.02962806835491,63.794620642928066,74.91212435564148
1,legacy_dev,Drishti_GS,C_SENS,32,86.02962806835491,63.794620642928066,74.91212435564148
1,legacy_dev,Drishti_GS,C_PCA_GLOBAL,32,86.03745273516287,63.788255193378255,74.91285396427057
1,legacy_dev,Drishti_GS,C_PCA_SHUFFLED,32,86.03686696949336,63.78641139428917,74.91163918189126
1,legacy_dev,Drishti_GS,C_PCA_REGION,32,86.02703390824165,63.80756546287968,74.91729968556066
1,p1_extension_dev,REFUGE,C,32,90.92874489730974,81.08067250434402,86.00470870082688
1,p1_extension_dev,REFUGE,C_PER256,32,87.84951246420749,82.32019170361161,85.08485208390957
1,p1_extension_dev,REFUGE,C_SENS,32,90.92874489730974,81.08067250434402,86.00470870082688
1,p1_extension_dev,REFUGE,C_PCA_GLOBAL,32,90.8697376756729,80.9518628745321,85.9108002751025
1,p1_extension_dev,REFUGE,C_PCA_SHUFFLED,32,90.87021656868816,80.95904780834479,85.91463218851648
1,p1_extension_dev,REFUGE,C_PCA_REGION,32,90.88889096421113,80.53725541553598,85.71307318987354
1,p1_extension_dev,ORIGA,C,32,87.46598940651783,68.68668245294045,78.07633592972914
1,p1_extension_dev,ORIGA,C_PER256,32,79.44220202819635,61.39155683238927,70.41687943029282
1,p1_extension_dev,ORIGA,C_SENS,32,87.46598940651783,68.68668245294045,78.07633592972914
1,p1_extension_dev,ORIGA,C_PCA_GLOBAL,32,87.43127079334374,68.3600570562412,77.89566392479247
1,p1_extension_dev,ORIGA,C_PCA_SHUFFLED,32,87.42118313570406,68.34375695524554,77.88247004547479
1,p1_extension_dev,ORIGA,C_PCA_REGION,32,87.36824262234668,69.4969322070275,78.43258741468708
1,p1_extension_dev,REFUGE_Valid,C,32,83.83540271903655,65.38553614086865,74.6104694299526
1,p1_extension_dev,REFUGE_Valid,C_PER256,32,87.16727126441012,67.39375500324581,77.28051313382798
1,p1_extension_dev,REFUGE_Valid,C_SENS,32,83.83540271903655,65.38553614086865,74.6104694299526
1,p1_extension_dev,REFUGE_Valid,C_PCA_GLOBAL,32,83.61736994176985,65.3371261283458,74.47724803505781
1,p1_extension_dev,REFUGE_Valid,C_PCA_SHUFFLED,32,83.60315615846719,65.33455546282816,74.46885581064768
1,p1_extension_dev,REFUGE_Valid,C_PCA_REGION,32,83.60227705013448,65.00371179655933,74.30299442334689
1,p1_extension_dev,Drishti_GS,C,32,86.43317059269245,64.5978629420718,75.51551676738211
1,p1_extension_dev,Drishti_GS,C_PER256,32,86.43317059269245,64.5978629420718,75.51551676738211
1,p1_extension_dev,Drishti_GS,C_SENS,32,86.43317059269245,64.5978629420718,75.51551676738211
1,p1_extension_dev,Drishti_GS,C_PCA_GLOBAL,32,86.44191778220036,64.59364883572457,75.51778330896246
1,p1_extension_dev,Drishti_GS,C_PCA_SHUFFLED,32,86.44132775754841,64.59329214758004,75.51730995256422
1,p1_extension_dev,Drishti_GS,C_PCA_REGION,32,86.43150553227254,64.60949951240791,75.52050252234022
1,all_dev,REFUGE,C,400,91.04769007790212,81.02371006926394,86.03570007358303
1,all_dev,REFUGE,C_PER256,400,87.5865064352176,83.08489241561367,85.33569942541563
1,all_dev,REFUGE,C_SENS,400,91.04769007790212,81.02371006926394,86.03570007358303
1,all_dev,REFUGE,C_PCA_GLOBAL,400,90.97510537435818,80.95469641695354,85.96490089565584
1,all_dev,REFUGE,C_PCA_SHUFFLED,400,90.97505322682908,80.96438836952508,85.96972079817708
1,all_dev,REFUGE,C_PCA_REGION,400,91.00368665487072,80.01471642130149,85.5092015380861
1,all_dev,ORIGA,C,650,87.77018007125707,69.8585514145443,78.8143657429007
1,all_dev,ORIGA,C_PER256,650,80.92165763964702,63.5288608522869,72.22525924596695
1,all_dev,ORIGA,C_SENS,650,87.77018007125707,69.8585514145443,78.8143657429007
1,all_dev,ORIGA,C_PCA_GLOBAL,650,87.7333594457147,69.56890472596878,78.65113208584174
1,all_dev,ORIGA,C_PCA_SHUFFLED,650,87.72762818690374,69.55663347751958,78.64213083221168
1,all_dev,ORIGA,C_PCA_REGION,650,87.7101560141272,70.55117306139445,79.13066453776082
1,all_dev,REFUGE_Valid,C,800,82.50001746491212,64.46882522891676,73.48442134691444
1,all_dev,REFUGE_Valid,C_PER256,800,86.0632136327355,66.35018243695978,76.20669803484765
1,all_dev,REFUGE_Valid,C_SENS,800,82.50001746491212,64.46882522891676,73.48442134691444
1,all_dev,REFUGE_Valid,C_PCA_GLOBAL,800,82.26360559637176,64.42171722995096,73.34266141316135
1,all_dev,REFUGE_Valid,C_PCA_SHUFFLED,800,82.24413673451863,64.41694349645904,73.33054011548883
1,all_dev,REFUGE_Valid,C_PCA_REGION,800,82.25902217905649,64.08743304104293,73.1732276100497
1,all_dev,Drishti_GS,C,101,86.13160823326413,63.12859846674065,74.63010335000239
1,all_dev,Drishti_GS,C_PER256,101,86.13160823326413,63.12859846674065,74.63010335000239
1,all_dev,Drishti_GS,C_SENS,101,86.13160823326413,63.12859846674065,74.63010335000239
1,all_dev,Drishti_GS,C_PCA_GLOBAL,101,86.13925084463597,63.12209102977636,74.63067093720615
1,all_dev,Drishti_GS,C_PCA_SHUFFLED,101,86.13879130184719,63.12108869731812,74.62993999958266
1,all_dev,Drishti_GS,C_PCA_REGION,101,86.12868426724685,63.14181869653836,74.6352514818926
2,remaining_dev,REFUGE,C,336,90.2345238753077,83.04122096043173,86.63787241786973
2,remaining_dev,REFUGE,C_PER256,336,87.71129232813198,83.08697131119978,85.39913181966588
2,remaining_dev,REFUGE,C_SENS,336,90.2345238753077,83.04122096043173,86.63787241786973
2,remaining_dev,REFUGE,C_PCA_GLOBAL,336,90.30006865799126,83.00841331518893,86.6542409865901
2,remaining_dev,REFUGE,C_PCA_SHUFFLED,336,90.29866102648364,83.0098229020465,86.65424196426507
2,remaining_dev,REFUGE,C_PCA_REGION,336,90.21550057935158,82.90629091142041,86.560895745386
2,remaining_dev,ORIGA,C,586,85.161810995662,68.6191522319363,76.89048161379914
2,remaining_dev,ORIGA,C_PER256,586,81.68985947792203,64.80723109238275,73.24854528515239
2,remaining_dev,ORIGA,C_SENS,586,85.161810995662,68.6191522319363,76.89048161379914
2,remaining_dev,ORIGA,C_PCA_GLOBAL,586,85.19619391401342,68.62401485793755,76.9101043859755
2,remaining_dev,ORIGA,C_PCA_SHUFFLED,586,85.19934926757257,68.62451461359434,76.91193194058346
2,remaining_dev,ORIGA,C_PCA_REGION,586,85.18198835142033,68.78180644676769,76.981897399094
2,remaining_dev,REFUGE_Valid,C,736,80.88075744280204,61.94284163547999,71.41179953914101
2,remaining_dev,REFUGE_Valid,C_PER256,736,86.02488304363978,66.2820840298647,76.15348353675223
2,remaining_dev,REFUGE_Valid,C_SENS,736,80.88075744280204,61.94284163547999,71.41179953914101
2,remaining_dev,REFUGE_Valid,C_PCA_GLOBAL,736,80.41191258471201,61.76415618740427,71.08803438605814
2,remaining_dev,REFUGE_Valid,C_PCA_SHUFFLED,736,80.42153402232415,61.7830408558625,71.10228743909333
2,remaining_dev,REFUGE_Valid,C_PCA_REGION,736,80.56559914456669,61.1380835772913,70.85184136092899
2,remaining_dev,Drishti_GS,C,37,89.77479869514293,64.4080646100431,77.09143165259302
2,remaining_dev,Drishti_GS,C_PER256,37,87.12078138651887,62.01840287726329,74.56959213189107
2,remaining_dev,Drishti_GS,C_SENS,37,89.77479869514293,64.4080646100431,77.09143165259302
2,remaining_dev,Drishti_GS,C_PCA_GLOBAL,37,89.85540904369495,64.3908298728088,77.12311945825186
2,remaining_dev,Drishti_GS,C_PCA_SHUFFLED,37,89.85438445662753,64.37451472068282,77.11444958865518
2,remaining_dev,Drishti_GS,C_PCA_REGION,37,89.74844229965794,65.210776481539,77.47960939059848
2,legacy_dev,REFUGE,C,32,90.46295896515232,82.5743450865223,86.51865202583731
2,legacy_dev,REFUGE,C_PER256,32,87.46231692491264,82.89643147011031,85.17937419751148
2,legacy_dev,REFUGE,C_SENS,32,90.46295896515232,82.5743450865223,86.51865202583731
2,legacy_dev,REFUGE,C_PCA_GLOBAL,32,90.54071469259674,82.55301139915584,86.5468630458763
2,legacy_dev,REFUGE,C_PCA_SHUFFLED,32,90.54144710144072,82.55098353419191,86.54621531781632
2,legacy_dev,REFUGE,C_PCA_REGION,32,90.44766190835605,82.45514351858905,86.45140271347255
2,legacy_dev,ORIGA,C,32,83.62166557806793,70.08592018424376,76.85379288115584
2,legacy_dev,ORIGA,C_PER256,32,81.71263950868294,67.96837807673357,74.84050879270826
2,legacy_dev,ORIGA,C_SENS,32,83.62166557806793,70.08592018424376,76.85379288115584
2,legacy_dev,ORIGA,C_PCA_GLOBAL,32,83.65068142942816,70.100550244331,76.87561583687959
2,legacy_dev,ORIGA,C_PCA_SHUFFLED,32,83.65375859238218,70.09994731017915,76.87685295128065
2,legacy_dev,ORIGA,C_PCA_REGION,32,83.63938415207033,70.21485319429756,76.92711867318394
2,legacy_dev,REFUGE_Valid,C,32,79.9091975641444,60.56189269325118,70.2355451286978
2,legacy_dev,REFUGE_Valid,C_PER256,32,84.60233697305102,65.02261106891716,74.8124740209841
2,legacy_dev,REFUGE_Valid,C_SENS,32,79.9091975641444,60.56189269325118,70.2355451286978
2,legacy_dev,REFUGE_Valid,C_PCA_GLOBAL,32,79.40921454144384,60.380180302601076,69.89469742202246
2,legacy_dev,REFUGE_Valid,C_PCA_SHUFFLED,32,79.4181375637126,60.39775793526254,69.90794774948756
2,legacy_dev,REFUGE_Valid,C_PCA_REGION,32,79.59738733933274,59.79063186854328,69.69400960393801
2,legacy_dev,Drishti_GS,C,32,90.56013278394731,66.72038555762366,78.64025917078547
2,legacy_dev,Drishti_GS,C_PER256,32,87.49860011843694,64.6333847751256,76.06599244678127
2,legacy_dev,Drishti_GS,C_SENS,32,90.56013278394731,66.72038555762366,78.64025917078547
2,legacy_dev,Drishti_GS,C_PCA_GLOBAL,32,90.63496467703462,66.69371868564691,78.66434168134076
2,legacy_dev,Drishti_GS,C_PCA_SHUFFLED,32,90.63430117417361,66.67894675824931,78.65662396621147
2,legacy_dev,Drishti_GS,C_PCA_REGION,32,90.53524366965557,67.36158234839043,78.948413009023
2,p1_extension_dev,REFUGE,C,32,90.13381006952463,81.92960090008891,86.03170548480678
2,p1_extension_dev,REFUGE,C_PER256,32,87.9085278421685,82.17487501740399,85.04170142978624
2,p1_extension_dev,REFUGE,C_SENS,32,90.13381006952463,81.92960090008891,86.03170548480678
2,p1_extension_dev,REFUGE,C_PCA_GLOBAL,32,90.1937856426245,81.905805059348,86.04979535098624
2,p1_extension_dev,REFUGE,C_PCA_SHUFFLED,32,90.19212495215365,81.90413344143697,86.0481291967953
2,p1_extension_dev,REFUGE,C_PCA_REGION,32,90.10644708963667,81.93795119572238,86.02219914267953
2,p1_extension_dev,ORIGA,C,32,84.63892088725288,67.6032579258754,76.12108940656415
2,p1_extension_dev,ORIGA,C_PER256,32,79.0936777294622,61.22743081998063,70.16055427472142
2,p1_extension_dev,ORIGA,C_SENS,32,84.63892088725288,67.6032579258754,76.12108940656415
2,p1_extension_dev,ORIGA,C_PCA_GLOBAL,32,84.68626685928635,67.61739432758517,76.15183059343576
2,p1_extension_dev,ORIGA,C_PCA_SHUFFLED,32,84.68944510836599,67.61937547514722,76.1544102917566
2,p1_extension_dev,ORIGA,C_PCA_REGION,32,84.66047133818563,67.78448090273457,76.2224761204601
2,p1_extension_dev,REFUGE_Valid,C,32,82.278952610004,63.44138950220764,72.86017105610581
2,p1_extension_dev,REFUGE_Valid,C_PER256,32,87.10086296495007,67.42081985915199,77.26084141205104
2,p1_extension_dev,REFUGE_Valid,C_SENS,32,82.278952610004,63.44138950220764,72.86017105610581
2,p1_extension_dev,REFUGE_Valid,C_PCA_GLOBAL,32,81.83797486428463,63.26644694529799,72.55221090479131
2,p1_extension_dev,REFUGE_Valid,C_PCA_SHUFFLED,32,81.8469713165461,63.28671268115773,72.56684199885193
2,p1_extension_dev,REFUGE_Valid,C_PCA_REGION,32,81.96033604104022,62.69882801911708,72.32958203007865
2,p1_extension_dev,Drishti_GS,C,32,91.06409108771997,66.89223253062296,78.97816180917147
2,p1_extension_dev,Drishti_GS,C_PER256,32,87.81609767565826,65.35882031575662,76.58745899570744
2,p1_extension_dev,Drishti_GS,C_SENS,32,91.06409108771997,66.89223253062296,78.97816180917147
2,p1_extension_dev,Drishti_GS,C_PCA_GLOBAL,32,91.14050601836213,66.88470850251883,79.01260726044049
2,p1_extension_dev,Drishti_GS,C_PCA_SHUFFLED,32,91.1391057803219,66.87413561598717,79.00662069815453
2,p1_extension_dev,Drishti_GS,C_PCA_REGION,32,91.04729798759973,67.38539573198291,79.21634685979132
2,all_dev,REFUGE,C,400,90.24474157803263,82.91494128569155,86.57984143186209
2,all_dev,REFUGE,C_PER256,400,87.70715313699735,82.99876042040894,85.35295677870316
2,all_dev,REFUGE,C_SENS,400,90.24474157803263,82.91494128569155,86.57984143186209
2,all_dev,REFUGE,C_PCA_GLOBAL,400,90.31081769953035,82.883772501439,86.59729510048469
2,all_dev,REFUGE,C_PCA_SHUFFLED,400,90.3095610265338,82.88466059576936,86.59711081115158
2,all_dev,REFUGE,C_PCA_REGION,400,90.22534920649476,82.79273194273806,86.5090405746164
2,all_dev,ORIGA,C,650,85.06024616976644,68.64134908836688,76.85079762906666
2,all_dev,ORIGA,C_PER256,650,81.56316893181993,64.786620468971,73.17489470039546
2,all_dev,ORIGA,C_SENS,650,85.06024616976644,68.64134908836688,76.85079762906666
2,all_dev,ORIGA,C_PCA_GLOBAL,650,85.09500304438573,68.64714912777342,76.87107608607958
2,all_dev,ORIGA,C_PCA_SHUFFLED,650,85.09815567572534,68.64766752722572,76.87291160147554
2,all_dev,ORIGA,C_PCA_REGION,650,85.08037007633924,68.80325733678599,76.94181370656261
2,all_dev,REFUGE_Valid,C,800,80.89782285434381,61.947545592459946,71.42268422340189
2,all_dev,REFUGE_Valid,C_PER256,800,86.01102039766862,66.27725454459829,76.14413747113346
2,all_dev,REFUGE_Valid,C_SENS,800,80.89782285434381,61.947545592459946,71.42268422340189
2,all_dev,REFUGE_Valid,C_PCA_GLOBAL,800,80.4288471541642,61.768888782327885,71.09886796824605
2,all_dev,REFUGE_Valid,C_PCA_SHUFFLED,800,80.43841565574856,61.78777641205031,71.11309603389944
2,all_dev,REFUGE_Valid,C_PCA_REGION,800,80.58266014821628,61.14661528661441,70.86463771741535
2,all_dev,Drishti_GS,C,101,90.43210609518457,65.92774425144046,78.17992517331251
2,all_dev,Drishti_GS,C_PER256,101,87.4607845615074,63.90526207294032,75.68302331722384
2,all_dev,Drishti_GS,C_SENS,101,90.43210609518457,65.92774425144046,78.17992517331251
2,all_dev,Drishti_GS,C_PCA_GLOBAL,101,90.5095564046476,65.9105977753983,78.21007709002298
2,all_dev,Drishti_GS,C_PCA_SHUFFLED,101,90.50852720236706,65.89659089743398,78.20255904990054
2,all_dev,Drishti_GS,C_PCA_REGION,101,90.40924453583679,66.5812082018702,78.49522636885348
3,remaining_dev,REFUGE,C,336,91.1475014106275,82.83879939120862,86.99315040091807
3,remaining_dev,REFUGE,C_PER256,336,87.74601479096548,83.09814944323882,85.42208211710215
3,remaining_dev,REFUGE,C_SENS,336,91.1475014106275,82.83879939120862,86.99315040091807
3,remaining_dev,REFUGE,C_PCA_GLOBAL,336,91.25289608940784,82.7600151188491,87.00645560412848
3,remaining_dev,REFUGE,C_PCA_SHUFFLED,336,91.2475565651018,82.7638487879927,87.00570267654724
3,remaining_dev,REFUGE,C_PCA_REGION,336,91.21020976130796,82.49352234679468,86.85186605405133
3,remaining_dev,ORIGA,C,586,88.25137226105925,69.49208926544902,78.87173076325413
3,remaining_dev,ORIGA,C_PER256,586,81.6734571636025,64.74220156393801,73.20782936377026
3,remaining_dev,ORIGA,C_SENS,586,88.25137226105925,69.49208926544902,78.87173076325413
3,remaining_dev,ORIGA,C_PCA_GLOBAL,586,88.14557446890237,69.21287079783859,78.67922263337049
3,remaining_dev,ORIGA,C_PCA_SHUFFLED,586,88.13559310852573,69.18950850332294,78.66255080592435
3,remaining_dev,ORIGA,C_PCA_REGION,586,88.23596532429333,71.36541554249655,79.80069043339495
3,remaining_dev,REFUGE_Valid,C,736,84.82521665485947,65.57989099161321,75.20255382323634
3,remaining_dev,REFUGE_Valid,C_PER256,736,85.94846556882365,66.28047106611216,76.11446831746791
3,remaining_dev,REFUGE_Valid,C_SENS,736,84.82521665485947,65.57989099161321,75.20255382323634
3,remaining_dev,REFUGE_Valid,C_PCA_GLOBAL,736,84.64923716218145,65.50070863716125,75.07497289967135
3,remaining_dev,REFUGE_Valid,C_PCA_SHUFFLED,736,84.65885711756047,65.50685174334978,75.08285443045513
3,remaining_dev,REFUGE_Valid,C_PCA_REGION,736,84.70813651365447,65.10056608218278,74.90435129791862
3,remaining_dev,Drishti_GS,C,37,91.95395174735668,60.520319155717466,76.2371354515371
3,remaining_dev,Drishti_GS,C_PER256,37,85.9372374004862,61.79865749193255,73.86794744620939
3,remaining_dev,Drishti_GS,C_SENS,37,91.95395174735668,60.520319155717466,76.2371354515371
3,remaining_dev,Drishti_GS,C_PCA_GLOBAL,37,92.13696678607432,60.17685953030433,76.15691315818933
3,remaining_dev,Drishti_GS,C_PCA_SHUFFLED,37,92.12602396632161,60.162175029123354,76.14409949772248
3,remaining_dev,Drishti_GS,C_PCA_REGION,37,91.96413388447868,64.837962846053,78.40104836526582
3,legacy_dev,REFUGE,C,32,91.02860780674058,82.52574363898029,86.77717572286043
3,legacy_dev,REFUGE,C_PER256,32,87.41801928561132,83.00394892328421,85.21098410444776
3,legacy_dev,REFUGE,C_SENS,32,91.02860780674058,82.52574363898029,86.77717572286043
3,legacy_dev,REFUGE,C_PCA_GLOBAL,32,91.15102568943982,82.45652836019474,86.80377702481726
3,legacy_dev,REFUGE,C_PCA_SHUFFLED,32,91.1447186635319,82.46089817450319,86.80280841901754
3,legacy_dev,REFUGE,C_PCA_REGION,32,91.0899894233859,82.34147264274782,86.71573103306686
3,legacy_dev,ORIGA,C,32,87.353423016612,70.87685541272428,79.11513921466815
3,legacy_dev,ORIGA,C_PER256,32,81.89859888928397,67.97018584758499,74.93439236843449
3,legacy_dev,ORIGA,C_SENS,32,87.353423016612,70.87685541272428,79.11513921466815
3,legacy_dev,ORIGA,C_PCA_GLOBAL,32,87.25111587567557,70.61920014715739,78.93515801141646
3,legacy_dev,ORIGA,C_PCA_SHUFFLED,32,87.23698201867208,70.59374268724636,78.91536235295922
3,legacy_dev,ORIGA,C_PCA_REGION,32,87.3282232240514,72.25100180006137,79.78961251205638
3,legacy_dev,REFUGE_Valid,C,32,83.7355119423744,64.03033707851523,73.88292451044481
3,legacy_dev,REFUGE_Valid,C_PER256,32,84.46434084834229,64.55193253052806,74.50813668943519
3,legacy_dev,REFUGE_Valid,C_SENS,32,83.7355119423744,64.03033707851523,73.88292451044481
3,legacy_dev,REFUGE_Valid,C_PCA_GLOBAL,32,83.5455153103926,63.93744353474148,73.74147942256705
3,legacy_dev,REFUGE_Valid,C_PCA_SHUFFLED,32,83.55773271202679,63.94262799049922,73.75018035126301
3,legacy_dev,REFUGE_Valid,C_PCA_REGION,32,83.63207461764208,63.50606380609594,73.569069211869
3,legacy_dev,Drishti_GS,C,32,91.91951587422827,63.81323857832145,77.86637722627486
3,legacy_dev,Drishti_GS,C_PER256,32,86.20007590888316,64.17667636951674,75.18837613919996
3,legacy_dev,Drishti_GS,C_SENS,32,91.91951587422827,63.81323857832145,77.86637722627486
3,legacy_dev,Drishti_GS,C_PCA_GLOBAL,32,92.07045865701429,63.60746994807079,77.83896430254254
3,legacy_dev,Drishti_GS,C_PCA_SHUFFLED,32,92.05794003018735,63.58906633187992,77.82350318103363
3,legacy_dev,Drishti_GS,C_PCA_REGION,32,91.91214793445003,67.11716519606142,79.51465656525573
3,p1_extension_dev,REFUGE,C,32,91.30152274155638,82.04543860648988,86.67348067402312
3,p1_extension_dev,REFUGE,C_PER256,32,87.89112816244088,82.36772061641784,85.12942438942936
3,p1_extension_dev,REFUGE,C_SENS,32,91.30152274155638,82.04543860648988,86.67348067402312
3,p1_extension_dev,REFUGE,C_PCA_GLOBAL,32,91.4115443323519,81.93282202706624,86.67218317970907
3,p1_extension_dev,REFUGE,C_PCA_SHUFFLED,32,91.4089252810551,81.94361343217655,86.67626935661582
3,p1_extension_dev,REFUGE,C_PCA_REGION,32,91.35577946041408,82.0063762787433,86.68107786957869
3,p1_extension_dev,ORIGA,C,32,88.1422460236927,68.43039075785643,78.28631839077457
3,p1_extension_dev,ORIGA,C_PER256,32,79.72409450725999,61.76142164387167,70.74275807556583
3,p1_extension_dev,ORIGA,C_SENS,32,88.1422460236927,68.43039075785643,78.28631839077457
3,p1_extension_dev,ORIGA,C_PCA_GLOBAL,32,88.07822221685686,68.14121571612787,78.10971896649237
3,p1_extension_dev,ORIGA,C_PCA_SHUFFLED,32,88.06241482235494,68.11185384728302,78.08713433481897
3,p1_extension_dev,ORIGA,C_PCA_REGION,32,88.11771757014355,70.73235078852231,79.42503417933293
3,p1_extension_dev,REFUGE_Valid,C,32,86.20859892730502,66.36865970338363,76.28862931534432
3,p1_extension_dev,REFUGE_Valid,C_PER256,32,87.28465553286891,67.54529273634358,77.41497413460625
3,p1_extension_dev,REFUGE_Valid,C_SENS,32,86.20859892730502,66.36865970338363,76.28862931534432
3,p1_extension_dev,REFUGE_Valid,C_PCA_GLOBAL,32,86.05464708268624,66.27558212870392,76.16511460569508
3,p1_extension_dev,REFUGE_Valid,C_PCA_SHUFFLED,32,86.06303532539306,66.28147150883358,76.17225341711332
3,p1_extension_dev,REFUGE_Valid,C_PCA_REGION,32,86.09818580997103,65.84838793567648,75.97328687282376
3,p1_extension_dev,Drishti_GS,C,32,92.32372978763709,64.63116535839976,78.47744757301842
3,p1_extension_dev,Drishti_GS,C_PER256,32,86.04376143969225,64.6368471993988,75.34030431954551
3,p1_extension_dev,Drishti_GS,C_SENS,32,92.32372978763709,64.63116535839976,78.47744757301842
3,p1_extension_dev,Drishti_GS,C_PCA_GLOBAL,32,92.48939863080591,64.448655544215,78.46902708751045
3,p1_extension_dev,Drishti_GS,C_PCA_SHUFFLED,32,92.48038916390604,64.43837878167224,78.45938397278914
3,p1_extension_dev,Drishti_GS,C_PCA_REGION,32,92.33594547292586,67.39735006297587,79.86664776795087
3,all_dev,REFUGE,C,400,91.15031162879086,82.75028606825286,86.95029884852187
3,all_dev,REFUGE,C_PER256,400,87.73138422025517,83.0321790954968,85.38178165787598
3,all_dev,REFUGE,C_SENS,400,91.15031162879086,82.75028606825286,86.95029884852187
3,all_dev,REFUGE,C_PCA_GLOBAL,400,91.2574383168459,82.66956073081411,86.96349952383004
3,all_dev,REFUGE,C_PCA_SHUFFLED,400,91.25223903025248,82.67399391044825,86.96311647035036
3,all_dev,REFUGE,C_PCA_REGION,400,91.2122377102027,82.44238668502682,86.82731219761473
3,all_dev,ORIGA,C,650,88.2017931604161,69.50799413386417,78.85489364714014
3,all_dev,ORIGA,C_PER256,650,81.58857244086227,64.75437162491428,73.17147203288827
3,all_dev,ORIGA,C_SENS,650,88.2017931604161,69.50799413386417,78.85489364714014
3,all_dev,ORIGA,C_PCA_GLOBAL,650,88.0982237811351,69.22934706947468,78.66378542530491
3,all_dev,ORIGA,C_PCA_SHUFFLED,650,88.08775117001376,69.20558626469567,78.64666871735473
3,all_dev,ORIGA,C_PCA_REGION,650,88.18545505453866,71.37784737036561,79.78165121245213
3,all_dev,REFUGE_Valid,C,800,84.83696375725789,65.54945958356011,75.193211670409
3,all_dev,REFUGE_Valid,C_PER256,800,85.94254817856621,66.26192239149806,76.10223528503212
3,all_dev,REFUGE_Valid,C_SENS,800,84.83696375725789,65.54945958356011,75.193211670409
3,all_dev,REFUGE_Valid,C_PCA_GLOBAL,800,84.66130468493007,65.46917297272617,75.06523882882813
3,all_dev,REFUGE_Valid,C_PCA_SHUFFLED,800,84.67097926965243,65.47526758385511,75.07312342675377
3,all_dev,REFUGE_Valid,C_PCA_REGION,800,84.72069600966664,65.06669886527906,74.89369743747285
3,all_dev,Drishti_GS,C,101,92.06019877061274,62.86606668056066,77.4631327255867
3,all_dev,Drishti_GS,C_PER256,101,86.05426315814262,63.45131763769111,74.75279039791684
3,all_dev,Drishti_GS,C_SENS,101,92.06019877061274,62.86606668056066,77.4631327255867
3,all_dev,Drishti_GS,C_PCA_GLOBAL,101,92.22755647816827,62.61722592449906,77.42239120133367
3,all_dev,Drishti_GS,C_PCA_SHUFFLED,101,92.21672694024642,62.60275960110132,77.40974327067384
3,all_dev,Drishti_GS,C_PCA_REGION,101,92.06546477981922,66.37098132270451,79.21822305126186
