phase,attempt,status,GPU_worker_seconds,wall_seconds,full_forwards,head_forwards,BP,optimizer,VJP,zero_order_updates
online_STATIC_o0,0,COMPLETE,9186.349339962006,9186.34936594963,3902,3902,0,0,0,0
online_Z_BOUND_o0_s20261003,0,COMPLETE,446.7227191925049,446.7227337360382,3902,0,0,0,0,1951
online_Z_BOUND_o0_s20261004,0,COMPLETE,372.59495997428894,372.59497451782227,3902,0,0,0,0,1951
online_Z_BOUND_o1_s20261003,0,COMPLETE,455.3922965526581,455.39231610298157,3902,0,0,0,0,1951
online_Z_BOUND_o1_s20261004,0,COMPLETE,373.33593463897705,373.3359830379486,3902,0,0,0,0,1951
online_Z_CORE_o0_s20261003,0,COMPLETE,450.8146858215332,450.8146958351135,3902,0,0,0,0,1951
online_Z_CORE_o0_s20261004,0,COMPLETE,379.3520450592041,379.35205698013306,3902,0,0,0,0,1951
online_Z_CORE_o1_s20261003,0,COMPLETE,454.9305844306946,454.9305953979492,3902,0,0,0,0,1951
online_Z_CORE_o1_s20261004,0,COMPLETE,383.69959115982056,383.6996076107025,3902,0,0,0,0,1951
online_Z_PROBE_o0_s20261003,0,COMPLETE,445.88899278640747,445.8890175819397,3902,0,0,0,0,0
online_Z_PROBE_o0_s20261004,0,COMPLETE,378.5178155899048,378.5178258419037,3902,0,0,0,0,0
online_Z_PROBE_o1_s20261003,0,COMPLETE,447.87971091270447,447.87972259521484,3902,0,0,0,0,0
online_Z_PROBE_o1_s20261004,0,COMPLETE,375.29969239234924,375.2997031211853,3902,0,0,0,0,0
preflight,0,COMPLETE,495.0308241844177,495.0308344364166,192,72,8,8,0,0
preflight,1,COMPLETE,378.20981192588806,378.20982027053833,192,72,8,8,0,0
preflight,2,COMPLETE,41.27335572242737,41.27336859703064,16,16,0,0,0,0
preflight,77,COMPLETE,28.868680953979492,,2,0,0,0,0,0
score,0,COMPLETE,0,3370.3284165859222,0,0,0,0,0,0
source_D,0,COMPLETE,5071.852677106857,5071.852690458298,2334,9120,4000,4000,0,0
source_Z,0,COMPLETE,662.8406357765198,662.8406493663788,8192,0,0,0,0,4096
