condition,order,seed,status,origin,visits,principal,Dice_percent,OD_percent,OC_percent,delta_C0_pp,delta_DS_pp,delta_G_pp
C0,0,,COMPLETE,HISTORICAL_MATCHED_WITH_NEW_SHARED_PIXEL_COUNT_PARITY,1951,1695,75.07942018793999,83.26985070507065,66.8889896708093,0.0,-0.1597627613953434,-2.292680090588184
H025,0,,COMPLETE,HISTORICAL_MATCHED_WITH_NEW_SHARED_PIXEL_COUNT_PARITY,1951,1695,75.23918294933533,83.41027533180785,67.0680905668628,0.1597627613953434,0.0,-2.1329173291928405
DS,0,,COMPLETE,NEW_SHARED_STATIC,1951,1695,75.23918294933533,83.41027533180785,67.0680905668628,0.1597627613953434,0.0,-2.1329173291928405
P,0,,COMPLETE,NEW_SHARED_STATIC,1951,1695,75.34380252943338,83.47737699740975,67.210228061457,0.26438234149339657,0.10461958009805317,-2.0282977490947873
S,0,,COMPLETE,NEW_SHARED_STATIC,1951,1695,75.35941792325688,83.50115707901674,67.21767876749705,0.27999773531690586,0.12023497392156246,-2.012682355271278
P_SIMPLE,0,,COMPLETE,NEW_SHARED_STATIC,1951,1695,75.35598301277942,83.51983558389598,67.19213044166284,0.2765628248394325,0.11680006344408911,-2.0161172657487514
P_VERIFY,0,,COMPLETE,NEW_SHARED_STATIC,1951,1695,75.31810932964423,83.47831369662923,67.15790496265926,0.23868914170425137,0.07892638030890797,-2.0539909488839325
D_LOGIT,0,,COMPLETE,NEW_SHARED_STATIC,1951,1695,75.37292361383359,83.48041207272792,67.26543515493928,0.29350342589361533,0.13374066449827193,-1.9991766646945686
D_CONTEXT,0,,COMPLETE,NEW_SHARED_STATIC,1951,1695,75.38588498386578,83.50633883576602,67.26543113196556,0.30646479592579823,0.14670203453045483,-1.9862152946623857
D_VERIFY,0,,COMPLETE,NEW_SHARED_STATIC,1951,1695,75.33134601866888,83.48178948636195,67.18090255097584,0.2519258307289052,0.09216306933356178,-2.0407542598592787
Z_BOUND,0,20261003,COMPLETE,NEW_STATEFUL,1951,1695,75.08219452404823,83.27141509712507,66.89297395097141,0.0027743361082577245,-0.15698842528708568,-2.289905754479926
Z_BOUND,0,20261004,COMPLETE,NEW_STATEFUL,1951,1695,75.0822285006208,83.2717239356016,66.89273306564002,0.0028083126808242653,-0.15695444871451913,-2.2898717779073596
Z_BOUND,1,20261003,COMPLETE,NEW_STATEFUL,1951,1695,75.08046152717837,83.27117609548307,66.88974695887369,0.0010413392383945563,-0.15872142215694884,-2.006823881530062
Z_BOUND,1,20261004,COMPLETE,NEW_STATEFUL,1951,1695,75.08060334818376,83.27160719078867,66.88959950557883,0.0011831602437784028,-0.158579601151565,-2.0066820605246782
Z_CORE,0,20261003,COMPLETE,NEW_STATEFUL,1951,1695,75.08026779750526,83.27030615554058,66.89022943946993,0.0008476095652798499,-0.15891515183006355,-2.291832481022904
Z_CORE,0,20261004,COMPLETE,NEW_STATEFUL,1951,1695,75.08025345858533,83.27028474713518,66.89022217003549,0.0008332706453506589,-0.15892949074999274,-2.2918468199428332
Z_CORE,1,20261003,COMPLETE,NEW_STATEFUL,1951,1695,75.07981508070674,83.27046818661006,66.88916197480341,0.00039489276675297447,-0.15936786862859043,-2.0074703280017037
Z_CORE,1,20261004,COMPLETE,NEW_STATEFUL,1951,1695,75.07979132435808,83.27045969015344,66.88912295856271,0.0003711364180980503,-0.15939162497724535,-2.0074940843503586
Z_PROBE,0,20261003,COMPLETE,NEW_STATEFUL,1951,1695,75.07942120316784,83.269850412103,66.88899199423267,1.0152278573372087e-06,-0.15976174616748606,-2.2926790753603266
Z_PROBE,0,20261004,COMPLETE,NEW_STATEFUL,1951,1695,75.07942238104648,83.26984925553396,66.88899550655898,2.1931064964064717e-06,-0.159760568288847,-2.2926778974816875
Z_PROBE,1,20261003,COMPLETE,NEW_STATEFUL,1951,1695,75.07941797285689,83.26984981798205,66.88898612773171,-2.2150830947254008e-06,-0.15976497647843813,-2.0078674358515514
Z_PROBE,1,20261004,COMPLETE,NEW_STATEFUL,1951,1695,75.0794168285883,83.2698471677467,66.8889864894299,-3.3593516857166605e-06,-0.15976612074702912,-2.0078685801201424
C0,1,,COMPLETE,REORDERED_REUSE_WITH_HISTORICAL_PARITY,1951,1695,75.07942018793999,83.26985070507065,66.8889896708093,0.0,-0.1597627613953434,-2.0078652207684566
H025,1,,COMPLETE,REORDERED_REUSE_WITH_HISTORICAL_PARITY,1951,1695,75.23918294933533,83.41027533180785,67.0680905668628,0.1597627613953434,0.0,-1.8481024593731132
DS,1,,COMPLETE,REORDERED_REUSE_EQUIVALENT_BY_CONSTRUCTION,1951,1695,75.23918294933533,83.41027533180785,67.0680905668628,0.1597627613953434,0.0,-1.8481024593731132
P,1,,COMPLETE,REORDERED_REUSE,1951,1695,75.34380252943338,83.47737699740975,67.210228061457,0.26438234149339657,0.10461958009805317,-1.74348287927506
S,1,,COMPLETE,REORDERED_REUSE,1951,1695,75.35941792325688,83.50115707901674,67.21767876749705,0.27999773531690586,0.12023497392156246,-1.7278674854515508
P_SIMPLE,1,,COMPLETE,REORDERED_REUSE,1951,1695,75.35598301277942,83.51983558389598,67.19213044166284,0.2765628248394325,0.11680006344408911,-1.7313023959290241
P_VERIFY,1,,COMPLETE,REORDERED_REUSE,1951,1695,75.31810932964423,83.47831369662923,67.15790496265926,0.23868914170425137,0.07892638030890797,-1.7691760790642053
D_LOGIT,1,,COMPLETE,REORDERED_REUSE,1951,1695,75.37292361383359,83.48041207272792,67.26543515493928,0.29350342589361533,0.13374066449827193,-1.7143617948748413
D_CONTEXT,1,,COMPLETE,REORDERED_REUSE,1951,1695,75.38588498386578,83.50633883576602,67.26543113196556,0.30646479592579823,0.14670203453045483,-1.7014004248426584
D_VERIFY,1,,COMPLETE,REORDERED_REUSE,1951,1695,75.33134601866888,83.48178948636195,67.18090255097584,0.2519258307289052,0.09216306933356178,-1.7559393900395515
G,0,20260907,COMPLETE,HISTORICAL_MATCHED_INTACT_STATEFUL,1951,1695,77.37210027852817,85.67081594730111,69.07338460975522,2.292680090588184,2.1329173291928405,0.0
G,1,20260907,COMPLETE,HISTORICAL_MATCHED_INTACT_STATEFUL,1951,1695,77.08728540870844,85.7741134790802,68.40045733833668,2.0078652207684566,1.8481024593731132,0.0
