condition,order,seed,channel,n,fragments_total,holes_total,containment_pixels_total,containment_images,corrected_pixels,harmed_pixels
C0,0,,OD,1695,56355,66092,0,0,355569,547795
C0,0,,OC,1695,77282,92295,0,0,344076,511155
C0,1,,OD,1695,56355,66092,0,0,355569,547795
C0,1,,OC,1695,77282,92295,0,0,344076,511155
DS,0,,OD,1695,50726,62134,0,0,0,0
DS,0,,OC,1695,71301,84066,0,0,0,0
DS,1,,OD,1695,50726,62134,0,0,0,0
DS,1,,OC,1695,71301,84066,0,0,0,0
D_CONTEXT,0,,OD,1695,59147,73742,0,0,216227,152190
D_CONTEXT,0,,OC,1695,80550,100139,0,0,194102,364186
D_CONTEXT,1,,OD,1695,59147,73742,0,0,216227,152190
D_CONTEXT,1,,OC,1695,80550,100139,0,0,194102,364186
D_LOGIT,0,,OD,1695,62720,75864,0,0,200495,298016
D_LOGIT,0,,OC,1695,80550,100139,0,0,194102,364185
D_LOGIT,1,,OD,1695,62720,75864,0,0,200495,298016
D_LOGIT,1,,OC,1695,80550,100139,0,0,194102,364185
D_VERIFY,0,,OD,1695,45750,53206,0,0,66678,37329
D_VERIFY,0,,OC,1695,55399,55178,0,0,80846,129948
D_VERIFY,1,,OD,1695,45750,53206,0,0,66678,37329
D_VERIFY,1,,OC,1695,55399,55178,0,0,80846,129948
G,0,20260907,OD,1695,,,,,,
G,0,20260907,OC,1695,,,,,,
G,1,20260907,OD,1695,,,,,,
G,1,20260907,OC,1695,,,,,,
H025,0,,OD,1695,50726,62134,0,0,0,0
H025,0,,OC,1695,71301,84066,0,0,0,0
H025,1,,OD,1695,50726,62134,0,0,0,0
H025,1,,OC,1695,71301,84066,0,0,0,0
P,0,,OD,1695,62658,75822,0,0,200077,296686
P,0,,OC,1695,72748,87035,0,0,85426,124569
P,1,,OD,1695,62658,75822,0,0,200077,296686
P,1,,OC,1695,72748,87035,0,0,85426,124569
P_SIMPLE,0,,OD,1695,34153,73288,0,0,183135,203122
P_SIMPLE,0,,OC,1695,53204,86645,0,0,72108,100792
P_SIMPLE,1,,OD,1695,34153,73288,0,0,183135,203122
P_SIMPLE,1,,OC,1695,53204,86645,0,0,72108,100792
P_VERIFY,0,,OD,1695,39733,40728,0,0,117799,137249
P_VERIFY,0,,OC,1695,57660,66294,0,0,51287,71601
P_VERIFY,1,,OD,1695,39733,40728,0,0,117799,137249
P_VERIFY,1,,OC,1695,57660,66294,0,0,51287,71601
S,0,,OD,1695,37076,36774,0,0,149917,171371
S,0,,OC,1695,48503,48168,0,0,105770,159984
S,1,,OD,1695,37076,36774,0,0,149917,171371
S,1,,OC,1695,48503,48168,0,0,105770,159984
Z_BOUND,0,20261003,OD,1695,56365,66149,0,0,355795,548187
Z_BOUND,0,20261003,OC,1695,77239,92309,0,0,343974,512298
Z_BOUND,0,20261004,OD,1695,56380,66158,0,0,355848,548216
Z_BOUND,0,20261004,OC,1695,77246,92344,0,0,343980,512364
Z_BOUND,1,20261003,OD,1695,56375,66078,0,0,356238,547446
Z_BOUND,1,20261003,OC,1695,77254,92309,0,0,344369,511809
Z_BOUND,1,20261004,OD,1695,56377,66077,0,0,356405,547243
Z_BOUND,1,20261004,OC,1695,77242,92342,0,0,344343,511802
Z_CORE,0,20261003,OD,1695,56380,66102,0,0,355613,547931
Z_CORE,0,20261003,OC,1695,77298,92300,0,0,344011,511510
Z_CORE,0,20261004,OD,1695,56385,66103,0,0,355615,547939
Z_CORE,0,20261004,OC,1695,77300,92295,0,0,344015,511502
Z_CORE,1,20261003,OD,1695,56373,66094,0,0,355863,547581
Z_CORE,1,20261003,OC,1695,77278,92286,0,0,344179,511388
Z_CORE,1,20261004,OD,1695,56373,66098,0,0,355858,547590
Z_CORE,1,20261004,OC,1695,77285,92294,0,0,344165,511375
Z_PROBE,0,20261003,OD,1695,56354,66095,0,0,355568,547794
Z_PROBE,0,20261003,OC,1695,77282,92297,0,0,344077,511156
Z_PROBE,0,20261004,OD,1695,56356,66095,0,0,355568,547794
Z_PROBE,0,20261004,OC,1695,77282,92296,0,0,344076,511154
Z_PROBE,1,20261003,OD,1695,56357,66095,0,0,355570,547795
Z_PROBE,1,20261003,OC,1695,77282,92296,0,0,344076,511156
Z_PROBE,1,20261004,OD,1695,56355,66094,0,0,355568,547798
Z_PROBE,1,20261004,OC,1695,77282,92295,0,0,344075,511156
