candidate,baseline,role,aggregation,seed,order,domain,channel,delta_pp
CW_LSO_GC,W,SEARCH,individual_seed,20260907,0,REFUGE_Valid,OD,-3.221989551153115
CW_LSO_GC,W,SEARCH,individual_seed,20260907,0,REFUGE_Valid,OC,-3.54806770141996
CW_LSO_GC,W,SEARCH,individual_seed,20260907,1,REFUGE_Valid,OD,-1.181329796446576
CW_LSO_GC,W,SEARCH,individual_seed,20260907,1,REFUGE_Valid,OC,-0.9046257796566977
CW_LSO_GC,W,SEARCH,individual_seed,20260907,1,REFUGE,OC,-2.1219808139722005
CW_LSO_GC,W,SEARCH,individual_seed,17011,0,REFUGE,OD,-0.0054184460113191335
CW_LSO_GC,W,SEARCH,individual_seed,17011,0,REFUGE_Valid,OD,-1.918744341245329
CW_LSO_GC,W,SEARCH,individual_seed,17011,0,REFUGE_Valid,OC,-2.9405509688581617
CW_LSO_GC,W,SEARCH,individual_seed,17011,1,REFUGE_Valid,OD,-1.6893511214216943
CW_LSO_GC,W,SEARCH,individual_seed,17011,1,REFUGE_Valid,OC,-1.1002202727700734
CW_LSO_GC,W,SEARCH,individual_seed,17011,1,REFUGE,OC,-2.561190100532329
CW_LSO_GC,W,SEARCH,individual_seed,29009,0,REFUGE_Valid,OD,-3.9982231123100433
CW_LSO_GC,W,SEARCH,individual_seed,29009,0,REFUGE_Valid,OC,-4.426971766060134
CW_LSO_GC,W,SEARCH,individual_seed,29009,1,REFUGE_Valid,OD,-1.5183786003287452
CW_LSO_GC,W,SEARCH,individual_seed,29009,1,REFUGE_Valid,OC,-0.9882168386109953
CW_LSO_GC,W,SEARCH,individual_seed,29009,1,REFUGE,OC,-2.271352110833405
CW_LSO_GC,W,SEARCH,seed_mean,,0,REFUGE_Valid,OD,-3.0463190015694956
CW_LSO_GC,W,SEARCH,seed_mean,,0,REFUGE_Valid,OC,-3.638530145446085
CW_LSO_GC,W,SEARCH,seed_mean,,1,REFUGE_Valid,OD,-1.4630198393990053
CW_LSO_GC,W,SEARCH,seed_mean,,1,REFUGE_Valid,OC,-0.9976876303459221
CW_LSO_GC,W,SEARCH,seed_mean,,1,REFUGE,OC,-2.3181743417793115
CW_LSO_GC,W,SEALED_REVIEW,individual_seed,20260907,0,REFUGE_Valid,OD,-3.5276812631278744
CW_LSO_GC,W,SEALED_REVIEW,individual_seed,20260907,0,REFUGE_Valid,OC,-3.7211534179798065
CW_LSO_GC,W,SEALED_REVIEW,individual_seed,20260907,1,REFUGE_Valid,OD,-1.2542455496022882
CW_LSO_GC,W,SEALED_REVIEW,individual_seed,20260907,1,REFUGE_Valid,OC,-0.8334369353351718
CW_LSO_GC,W,SEALED_REVIEW,individual_seed,20260907,1,REFUGE,OD,-0.08503517354381529
CW_LSO_GC,W,SEALED_REVIEW,individual_seed,20260907,1,REFUGE,OC,-1.6448529903428692
CW_LSO_GC,W,SEALED_REVIEW,individual_seed,17011,0,REFUGE_Valid,OD,-2.2887155389041
CW_LSO_GC,W,SEALED_REVIEW,individual_seed,17011,0,REFUGE_Valid,OC,-3.099324739033001
CW_LSO_GC,W,SEALED_REVIEW,individual_seed,17011,1,REFUGE_Valid,OD,-1.6435684164169402
CW_LSO_GC,W,SEALED_REVIEW,individual_seed,17011,1,REFUGE_Valid,OC,-1.0126197777018575
CW_LSO_GC,W,SEALED_REVIEW,individual_seed,17011,1,REFUGE,OD,-0.015067860771068808
CW_LSO_GC,W,SEALED_REVIEW,individual_seed,17011,1,REFUGE,OC,-2.1024180516303943
CW_LSO_GC,W,SEALED_REVIEW,individual_seed,29009,0,REFUGE_Valid,OD,-4.320799952880847
CW_LSO_GC,W,SEALED_REVIEW,individual_seed,29009,0,REFUGE_Valid,OC,-4.599160717459036
CW_LSO_GC,W,SEALED_REVIEW,individual_seed,29009,1,REFUGE_Valid,OD,-1.4986605631141714
CW_LSO_GC,W,SEALED_REVIEW,individual_seed,29009,1,REFUGE_Valid,OC,-0.9026957697089699
CW_LSO_GC,W,SEALED_REVIEW,individual_seed,29009,1,REFUGE,OD,-0.15718372134637093
CW_LSO_GC,W,SEALED_REVIEW,individual_seed,29009,1,REFUGE,OC,-1.8307524976320053
CW_LSO_GC,W,SEALED_REVIEW,seed_mean,,0,REFUGE_Valid,OD,-3.3790655849709403
CW_LSO_GC,W,SEALED_REVIEW,seed_mean,,0,REFUGE_Valid,OC,-3.8065462914906143
CW_LSO_GC,W,SEALED_REVIEW,seed_mean,,1,REFUGE_Valid,OD,-1.4654915097111332
CW_LSO_GC,W,SEALED_REVIEW,seed_mean,,1,REFUGE_Valid,OC,-0.9162508275819997
CW_LSO_GC,W,SEALED_REVIEW,seed_mean,,1,REFUGE,OD,-0.08576225188708501
CW_LSO_GC,W,SEALED_REVIEW,seed_mean,,1,REFUGE,OC,-1.859341179868423
CW_LSO_GC,C,SEARCH,individual_seed,20260907,0,REFUGE,OD,-0.40705832440012557
CW_LSO_GC,C,SEARCH,individual_seed,20260907,0,ORIGA,OD,-0.530124790805516
CW_LSO_GC,C,SEARCH,individual_seed,20260907,0,ORIGA,OC,-0.05968492700847605
CW_LSO_GC,C,SEARCH,individual_seed,20260907,0,Drishti_GS,OD,-1.2037696704565093
CW_LSO_GC,C,SEARCH,individual_seed,20260907,1,Drishti_GS,OD,-0.19444738416792973
CW_LSO_GC,C,SEARCH,individual_seed,20260907,1,ORIGA,OD,-0.3781614945363714
CW_LSO_GC,C,SEARCH,individual_seed,20260907,1,REFUGE,OD,-0.03909433634805737
CW_LSO_GC,C,SEARCH,individual_seed,17011,0,REFUGE,OD,-0.4864207649611956
CW_LSO_GC,C,SEARCH,individual_seed,17011,0,ORIGA,OD,-0.8424198566902845
CW_LSO_GC,C,SEARCH,individual_seed,17011,0,ORIGA,OC,-0.21775469210165
CW_LSO_GC,C,SEARCH,individual_seed,17011,0,Drishti_GS,OD,-1.5409128359143125
CW_LSO_GC,C,SEARCH,individual_seed,17011,1,Drishti_GS,OD,-0.2901032258568108
CW_LSO_GC,C,SEARCH,individual_seed,17011,1,Drishti_GS,OC,-0.0008320448992833462
CW_LSO_GC,C,SEARCH,individual_seed,17011,1,ORIGA,OD,-0.2486754422640871
CW_LSO_GC,C,SEARCH,individual_seed,29009,0,REFUGE,OD,-0.39688804564146096
CW_LSO_GC,C,SEARCH,individual_seed,29009,0,ORIGA,OD,-0.3945229947703979
CW_LSO_GC,C,SEARCH,individual_seed,29009,0,Drishti_GS,OD,-0.961395130501856
CW_LSO_GC,C,SEARCH,individual_seed,29009,1,Drishti_GS,OD,-0.3511346527440935
CW_LSO_GC,C,SEARCH,individual_seed,29009,1,ORIGA,OD,-0.1653901138993632
CW_LSO_GC,C,SEARCH,seed_mean,,0,REFUGE,OD,-0.4301223783342607
CW_LSO_GC,C,SEARCH,seed_mean,,0,ORIGA,OD,-0.5890225474220662
CW_LSO_GC,C,SEARCH,seed_mean,,0,ORIGA,OC,-0.051884950237086024
CW_LSO_GC,C,SEARCH,seed_mean,,0,Drishti_GS,OD,-1.2353592122908925
CW_LSO_GC,C,SEARCH,seed_mean,,1,Drishti_GS,OD,-0.278561754256278
CW_LSO_GC,C,SEARCH,seed_mean,,1,ORIGA,OD,-0.2640756835666072
CW_LSO_GC,C,SEALED_REVIEW,individual_seed,20260907,0,REFUGE,OD,-0.43855895185059524
CW_LSO_GC,C,SEALED_REVIEW,individual_seed,20260907,0,ORIGA,OD,-0.45447919204657694
CW_LSO_GC,C,SEALED_REVIEW,individual_seed,20260907,0,ORIGA,OC,-0.018582156265921412
CW_LSO_GC,C,SEALED_REVIEW,individual_seed,20260907,0,Drishti_GS,OD,-1.2614286583565075
CW_LSO_GC,C,SEALED_REVIEW,individual_seed,20260907,1,Drishti_GS,OD,-0.2049050383905069
CW_LSO_GC,C,SEALED_REVIEW,individual_seed,20260907,1,ORIGA,OD,-0.2807787262308068
CW_LSO_GC,C,SEALED_REVIEW,individual_seed,17011,0,REFUGE,OD,-0.5219791328644163
CW_LSO_GC,C,SEALED_REVIEW,individual_seed,17011,0,ORIGA,OD,-0.7711737978571307
CW_LSO_GC,C,SEALED_REVIEW,individual_seed,17011,0,ORIGA,OC,-0.18741695532366975
CW_LSO_GC,C,SEALED_REVIEW,individual_seed,17011,0,Drishti_GS,OD,-1.6042037684336776
CW_LSO_GC,C,SEALED_REVIEW,individual_seed,17011,1,Drishti_GS,OD,-0.27095557600536324
CW_LSO_GC,C,SEALED_REVIEW,individual_seed,17011,1,Drishti_GS,OC,-0.06663111396994026
CW_LSO_GC,C,SEALED_REVIEW,individual_seed,17011,1,ORIGA,OD,-0.13293330564511052
CW_LSO_GC,C,SEALED_REVIEW,individual_seed,29009,0,REFUGE,OD,-0.4295596425847492
CW_LSO_GC,C,SEALED_REVIEW,individual_seed,29009,0,ORIGA,OD,-0.35625217725039704
CW_LSO_GC,C,SEALED_REVIEW,individual_seed,29009,0,Drishti_GS,OD,-1.0211515900536625
CW_LSO_GC,C,SEALED_REVIEW,individual_seed,29009,1,Drishti_GS,OD,-0.34119319129278836
CW_LSO_GC,C,SEALED_REVIEW,individual_seed,29009,1,Drishti_GS,OC,-0.0553325607299584
CW_LSO_GC,C,SEALED_REVIEW,seed_mean,,0,REFUGE,OD,-0.46336590909992026
CW_LSO_GC,C,SEALED_REVIEW,seed_mean,,0,ORIGA,OD,-0.5273017223847015
CW_LSO_GC,C,SEALED_REVIEW,seed_mean,,0,ORIGA,OC,-0.024992997180059245
CW_LSO_GC,C,SEALED_REVIEW,seed_mean,,0,Drishti_GS,OD,-1.2955946722812826
CW_LSO_GC,C,SEALED_REVIEW,seed_mean,,1,Drishti_GS,OD,-0.27235126856288616
CW_LSO_GC,C,SEALED_REVIEW,seed_mean,,1,Drishti_GS,OC,-0.03444491061284083
CW_LSO_GC,C,SEALED_REVIEW,seed_mean,,1,ORIGA,OD,-0.13606514978277554
CW_LSO_GP,W,SEARCH,individual_seed,20260907,0,REFUGE_Valid,OD,-3.813723459219858
CW_LSO_GP,W,SEARCH,individual_seed,20260907,0,REFUGE_Valid,OC,-4.042369393500195
CW_LSO_GP,W,SEARCH,individual_seed,20260907,1,REFUGE_Valid,OD,-1.4381400128868762
CW_LSO_GP,W,SEARCH,individual_seed,20260907,1,REFUGE_Valid,OC,-1.0801898934959269
CW_LSO_GP,W,SEARCH,individual_seed,20260907,1,REFUGE,OC,-2.4143466272614518
CW_LSO_GP,W,SEARCH,individual_seed,17011,0,REFUGE_Valid,OD,-2.4326151346494242
CW_LSO_GP,W,SEARCH,individual_seed,17011,0,REFUGE_Valid,OC,-3.4280779641228136
CW_LSO_GP,W,SEARCH,individual_seed,17011,1,REFUGE_Valid,OD,-1.951629984394387
CW_LSO_GP,W,SEARCH,individual_seed,17011,1,REFUGE_Valid,OC,-1.2636841492124802
CW_LSO_GP,W,SEARCH,individual_seed,17011,1,REFUGE,OC,-2.8916408612291207
CW_LSO_GP,W,SEARCH,individual_seed,29009,0,REFUGE_Valid,OD,-4.540148278696904
CW_LSO_GP,W,SEARCH,individual_seed,29009,0,REFUGE_Valid,OC,-4.910068057738705
CW_LSO_GP,W,SEARCH,individual_seed,29009,1,REFUGE_Valid,OD,-1.7517848541823753
CW_LSO_GP,W,SEARCH,individual_seed,29009,1,REFUGE_Valid,OC,-1.1507272669331172
CW_LSO_GP,W,SEARCH,individual_seed,29009,1,REFUGE,OC,-2.623186063739638
CW_LSO_GP,W,SEARCH,seed_mean,,0,REFUGE_Valid,OD,-3.595495624188729
CW_LSO_GP,W,SEARCH,seed_mean,,0,REFUGE_Valid,OC,-4.126838471787238
CW_LSO_GP,W,SEARCH,seed_mean,,1,REFUGE_Valid,OD,-1.7138516171545461
CW_LSO_GP,W,SEARCH,seed_mean,,1,REFUGE_Valid,OC,-1.1648671032138413
CW_LSO_GP,W,SEARCH,seed_mean,,1,REFUGE,OC,-2.6430578507434035
CW_LSO_GP,W,SEALED_REVIEW,individual_seed,20260907,0,REFUGE_Valid,OD,-4.123266870600531
CW_LSO_GP,W,SEALED_REVIEW,individual_seed,20260907,0,REFUGE_Valid,OC,-4.2180872661178626
CW_LSO_GP,W,SEALED_REVIEW,individual_seed,20260907,1,REFUGE_Valid,OD,-1.4952714256970125
CW_LSO_GP,W,SEALED_REVIEW,individual_seed,20260907,1,REFUGE_Valid,OC,-0.9963213247765452
CW_LSO_GP,W,SEALED_REVIEW,individual_seed,20260907,1,REFUGE,OD,-0.08042946568819787
CW_LSO_GP,W,SEALED_REVIEW,individual_seed,20260907,1,REFUGE,OC,-1.9190129095780435
CW_LSO_GP,W,SEALED_REVIEW,individual_seed,17011,0,REFUGE_Valid,OD,-2.808102159537711
CW_LSO_GP,W,SEALED_REVIEW,individual_seed,17011,0,REFUGE_Valid,OC,-3.592066100315897
CW_LSO_GP,W,SEALED_REVIEW,individual_seed,17011,1,REFUGE_Valid,OD,-1.8837920485150619
CW_LSO_GP,W,SEALED_REVIEW,individual_seed,17011,1,REFUGE_Valid,OC,-1.1649350918809631
CW_LSO_GP,W,SEALED_REVIEW,individual_seed,17011,1,REFUGE,OD,-0.05394163512593764
CW_LSO_GP,W,SEALED_REVIEW,individual_seed,17011,1,REFUGE,OC,-2.392509308070359
CW_LSO_GP,W,SEALED_REVIEW,individual_seed,29009,0,REFUGE_Valid,OD,-4.862217475311368
CW_LSO_GP,W,SEALED_REVIEW,individual_seed,29009,0,REFUGE_Valid,OC,-5.0876987319701925
CW_LSO_GP,W,SEALED_REVIEW,individual_seed,29009,1,REFUGE_Valid,OD,-1.7186687629611157
CW_LSO_GP,W,SEALED_REVIEW,individual_seed,29009,1,REFUGE_Valid,OC,-1.0517263055624824
CW_LSO_GP,W,SEALED_REVIEW,individual_seed,29009,1,REFUGE,OD,-0.20731998704425791
CW_LSO_GP,W,SEALED_REVIEW,individual_seed,29009,1,REFUGE,OC,-2.163550496112805
CW_LSO_GP,W,SEALED_REVIEW,seed_mean,,0,REFUGE_Valid,OD,-3.931195501816537
CW_LSO_GP,W,SEALED_REVIEW,seed_mean,,0,REFUGE_Valid,OC,-4.299284032801317
CW_LSO_GP,W,SEALED_REVIEW,seed_mean,,1,REFUGE_Valid,OD,-1.6992440790577301
CW_LSO_GP,W,SEALED_REVIEW,seed_mean,,1,REFUGE_Valid,OC,-1.0709942407399968
CW_LSO_GP,W,SEALED_REVIEW,seed_mean,,1,REFUGE,OD,-0.11389702928613114
CW_LSO_GP,W,SEALED_REVIEW,seed_mean,,1,REFUGE,OC,-2.158357571253736
CW_LSO_GP,C,SEARCH,individual_seed,20260907,0,REFUGE,OD,-0.3869914896444868
CW_LSO_GP,C,SEARCH,individual_seed,20260907,0,ORIGA,OD,-0.38906458061642013
CW_LSO_GP,C,SEARCH,individual_seed,20260907,0,Drishti_GS,OD,-0.702698009807591
CW_LSO_GP,C,SEARCH,individual_seed,20260907,1,Drishti_GS,OD,-0.16823411072074634
CW_LSO_GP,C,SEARCH,individual_seed,20260907,1,ORIGA,OD,-0.19684763658226245
CW_LSO_GP,C,SEARCH,individual_seed,20260907,1,REFUGE,OD,-0.017225208905699674
CW_LSO_GP,C,SEARCH,individual_seed,20260907,1,REFUGE,OC,-0.010179947308145643
CW_LSO_GP,C,SEARCH,individual_seed,17011,0,REFUGE,OD,-0.46658644294626583
CW_LSO_GP,C,SEARCH,individual_seed,17011,0,ORIGA,OD,-0.6858008844944692
CW_LSO_GP,C,SEARCH,individual_seed,17011,0,ORIGA,OC,-0.015716654403476582
CW_LSO_GP,C,SEARCH,individual_seed,17011,0,Drishti_GS,OD,-1.0193335822925746
CW_LSO_GP,C,SEARCH,individual_seed,17011,1,Drishti_GS,OD,-0.27517041954756394
CW_LSO_GP,C,SEARCH,individual_seed,17011,1,ORIGA,OD,-0.036334059019438314
CW_LSO_GP,C,SEARCH,individual_seed,29009,0,REFUGE,OD,-0.4130704348375076
CW_LSO_GP,C,SEARCH,individual_seed,29009,0,ORIGA,OD,-0.3227395933995183
CW_LSO_GP,C,SEARCH,individual_seed,29009,0,Drishti_GS,OD,-0.529040918836813
CW_LSO_GP,C,SEARCH,individual_seed,29009,1,Drishti_GS,OD,-0.32429946115937014
CW_LSO_GP,C,SEARCH,individual_seed,29009,1,ORIGA,OD,-0.019311338401763578
CW_LSO_GP,C,SEARCH,seed_mean,,0,REFUGE,OD,-0.42221612247608675
CW_LSO_GP,C,SEARCH,seed_mean,,0,ORIGA,OD,-0.46586835283680256
CW_LSO_GP,C,SEARCH,seed_mean,,0,Drishti_GS,OD,-0.7503575036456596
CW_LSO_GP,C,SEARCH,seed_mean,,1,Drishti_GS,OD,-0.2559013304758935
CW_LSO_GP,C,SEARCH,seed_mean,,1,ORIGA,OD,-0.08416434466782145
CW_LSO_GP,C,SEALED_REVIEW,individual_seed,20260907,0,REFUGE,OD,-0.4191899352046278
CW_LSO_GP,C,SEALED_REVIEW,individual_seed,20260907,0,ORIGA,OD,-0.33416037352515104
CW_LSO_GP,C,SEALED_REVIEW,individual_seed,20260907,0,Drishti_GS,OD,-0.7842659502142908
CW_LSO_GP,C,SEALED_REVIEW,individual_seed,20260907,1,Drishti_GS,OD,-0.1826191529720944
CW_LSO_GP,C,SEALED_REVIEW,individual_seed,20260907,1,ORIGA,OD,-0.12585233267272145
CW_LSO_GP,C,SEALED_REVIEW,individual_seed,17011,0,REFUGE,OD,-0.49886837727271427
CW_LSO_GP,C,SEALED_REVIEW,individual_seed,17011,0,ORIGA,OD,-0.6204484860672892
CW_LSO_GP,C,SEALED_REVIEW,individual_seed,17011,0,ORIGA,OC,-0.014601813882904935
CW_LSO_GP,C,SEALED_REVIEW,individual_seed,17011,0,Drishti_GS,OD,-1.0853801742559455
CW_LSO_GP,C,SEALED_REVIEW,individual_seed,17011,1,Drishti_GS,OD,-0.2536793256822847
CW_LSO_GP,C,SEALED_REVIEW,individual_seed,17011,1,Drishti_GS,OC,-0.046582806541763944
CW_LSO_GP,C,SEALED_REVIEW,individual_seed,29009,0,REFUGE,OD,-0.45209552168459766
CW_LSO_GP,C,SEALED_REVIEW,individual_seed,29009,0,ORIGA,OD,-0.30384846726116166
CW_LSO_GP,C,SEALED_REVIEW,individual_seed,29009,0,Drishti_GS,OD,-0.6187644211261016
CW_LSO_GP,C,SEALED_REVIEW,individual_seed,29009,1,Drishti_GS,OD,-0.31492675229674205
CW_LSO_GP,C,SEALED_REVIEW,individual_seed,29009,1,Drishti_GS,OC,-0.05769007982117813
CW_LSO_GP,C,SEALED_REVIEW,seed_mean,,0,REFUGE,OD,-0.4567179447206466
CW_LSO_GP,C,SEALED_REVIEW,seed_mean,,0,ORIGA,OD,-0.4194857756178673
CW_LSO_GP,C,SEALED_REVIEW,seed_mean,,0,Drishti_GS,OD,-0.829470181865446
CW_LSO_GP,C,SEALED_REVIEW,seed_mean,,1,Drishti_GS,OD,-0.25040841031704036
CW_LSO_GP,C,SEALED_REVIEW,seed_mean,,1,Drishti_GS,OC,-0.026815935561077236
CW_LSO_GP,CW_LSO_GC,SEARCH,individual_seed,20260907,0,REFUGE_Valid,OD,-0.5917339080667432
CW_LSO_GP,CW_LSO_GC,SEARCH,individual_seed,20260907,0,REFUGE_Valid,OC,-0.494301692080235
CW_LSO_GP,CW_LSO_GC,SEARCH,individual_seed,20260907,1,REFUGE_Valid,OD,-0.2568102164403001
CW_LSO_GP,CW_LSO_GC,SEARCH,individual_seed,20260907,1,REFUGE_Valid,OC,-0.1755641138392292
CW_LSO_GP,CW_LSO_GC,SEARCH,individual_seed,20260907,1,REFUGE,OC,-0.29236581328925126
CW_LSO_GP,CW_LSO_GC,SEARCH,individual_seed,17011,0,REFUGE_Valid,OD,-0.5138707934040951
CW_LSO_GP,CW_LSO_GC,SEARCH,individual_seed,17011,0,REFUGE_Valid,OC,-0.48752699526465193
CW_LSO_GP,CW_LSO_GC,SEARCH,individual_seed,17011,1,REFUGE_Valid,OD,-0.26227886297269265
CW_LSO_GP,CW_LSO_GC,SEARCH,individual_seed,17011,1,REFUGE_Valid,OC,-0.16346387644240679
CW_LSO_GP,CW_LSO_GC,SEARCH,individual_seed,17011,1,REFUGE,OD,-0.02112137704999384
CW_LSO_GP,CW_LSO_GC,SEARCH,individual_seed,17011,1,REFUGE,OC,-0.3304507606967917
CW_LSO_GP,CW_LSO_GC,SEARCH,individual_seed,29009,0,REFUGE,OD,-0.016182389196046643
CW_LSO_GP,CW_LSO_GC,SEARCH,individual_seed,29009,0,REFUGE_Valid,OD,-0.5419251663868607
CW_LSO_GP,CW_LSO_GC,SEARCH,individual_seed,29009,0,REFUGE_Valid,OC,-0.4830962916785708
CW_LSO_GP,CW_LSO_GC,SEARCH,individual_seed,29009,1,REFUGE_Valid,OD,-0.23340625385363012
CW_LSO_GP,CW_LSO_GC,SEARCH,individual_seed,29009,1,REFUGE_Valid,OC,-0.16251042832212192
CW_LSO_GP,CW_LSO_GC,SEARCH,individual_seed,29009,1,REFUGE,OD,-0.029869012000531825
CW_LSO_GP,CW_LSO_GC,SEARCH,individual_seed,29009,1,REFUGE,OC,-0.3518339529062331
CW_LSO_GP,CW_LSO_GC,SEARCH,seed_mean,,0,REFUGE_Valid,OD,-0.5491766226192331
CW_LSO_GP,CW_LSO_GC,SEARCH,seed_mean,,0,REFUGE_Valid,OC,-0.48830832634115257
CW_LSO_GP,CW_LSO_GC,SEARCH,seed_mean,,1,REFUGE_Valid,OD,-0.25083177775554094
CW_LSO_GP,CW_LSO_GC,SEARCH,seed_mean,,1,REFUGE_Valid,OC,-0.16717947286791932
CW_LSO_GP,CW_LSO_GC,SEARCH,seed_mean,,1,REFUGE,OD,-0.009707087202722656
CW_LSO_GP,CW_LSO_GC,SEARCH,seed_mean,,1,REFUGE,OC,-0.324883508964092
