condition,order,domain,n,eligible_pixel_fraction,protected_pixel_fraction
U10_H025,0,ALL,1695,0.002774529471158278,0.9972254705288417
U10_H025,0,Drishti_GS,37,0.0033631711392789272,0.996636828860721
U10_H025,0,ORIGA,586,0.003497810493963977,0.996502189506036
U10_H025,0,REFUGE,336,0.002130105381920224,0.9978698946180797
U10_H025,0,REFUGE_Valid,736,0.0024632578310759172,0.9975367421689241
U10_H025,1,ALL,1695,0.002774529471158278,0.9972254705288417
U10_H025,1,Drishti_GS,37,0.0033631711392789272,0.996636828860721
U10_H025,1,ORIGA,586,0.003497810493963977,0.996502189506036
U10_H025,1,REFUGE,336,0.002130105381920224,0.9978698946180797
U10_H025,1,REFUGE_Valid,736,0.0024632578310759172,0.9975367421689241
