episode,mode,horizon,current_writer,reference_writer,channel,hard_Dice_delta,soft_Dice_delta,probability_MAE,mask_flip_fraction,commit_m_L2,commit_q_L2,commit_h_abs,current_use_max_error,finite_candidate_best_gain
0,abrupt_16_16,16,0.0,0.5,OD,-0.00016641506028880482,-0.00013387096208694604,7.399904425753334e-05,7.987022399902344e-05,1.7266919544737116,0.8382011481568016,0.0001220703125,0.0,0.0003221518369154186
0,abrupt_16_16,16,0.0,0.5,OC,-0.0005773545175679073,-0.00037053759085392546,7.984653122861118e-05,7.867813110351562e-05,1.7266919544737116,0.8382011481568016,0.0001220703125,0.0,0.0003221518369154186
0,abrupt_16_16,16,1.0,0.5,OD,0.00017554941494934972,0.00012395732806258497,7.192140401457436e-05,7.486343383789062e-05,1.7266919544737116,0.8382011481568016,0.0001220703125,0.0,0.0003221518369154186
0,abrupt_16_16,16,1.0,0.5,OC,0.0004687542588814875,0.0003351552311706696,7.970980772142866e-05,7.486343383789062e-05,1.7266919544737116,0.8382011481568016,0.0001220703125,0.0,0.0003221518369154186
0,abrupt_16_16,4,0.0,0.5,OD,-0.0005371295630572925,-0.00044723685008429825,0.00024226597088272683,0.00024890899658203125,1.7266919544737116,0.8382011481568016,0.0001220703125,0.0,0.000984541193130517
0,abrupt_16_16,4,0.0,0.5,OC,-0.0019359412714554658,-0.0012443083795151688,0.00025693129282444715,0.00024700164794921875,1.7266919544737116,0.8382011481568016,0.0001220703125,0.0,0.000984541193130517
0,abrupt_16_16,4,1.0,0.5,OD,0.00060139830354633,0.0004110839148449008,0.0002355786709813401,0.000244140625,1.7266919544737116,0.8382011481568016,0.0001220703125,0.0,0.000984541193130517
0,abrupt_16_16,4,1.0,0.5,OC,0.001367684082714704,0.0011142150885654623,0.0002579011779744178,0.0002460479736328125,1.7266919544737116,0.8382011481568016,0.0001220703125,0.0,0.000984541193130517
2,abrupt_16_16,16,0.0,0.5,OD,-0.00010227975098919817,-4.0777639997879866e-05,6.9382391242101e-05,8.177757263183594e-05,4.845705133875579,1.310718833524767,0.0001220703125,0.0,6.109482027527591e-05
2,abrupt_16_16,16,0.0,0.5,OC,-7.543364662321306e-05,5.4564270342338794e-05,7.056398775517891e-05,7.009506225585938e-05,4.845705133875579,1.310718833524767,0.0001220703125,0.0,6.109482027527591e-05
2,abrupt_16_16,16,1.0,0.5,OD,7.409789358248098e-05,3.1020842517826e-05,6.507483555395766e-05,6.866455078125e-05,4.845705133875579,1.310718833524767,0.0001220703125,0.0,6.109482027527591e-05
2,abrupt_16_16,16,1.0,0.5,OC,4.8091746968070836e-05,-3.2207517706495103e-05,6.422664223038055e-05,6.818771362304688e-05,4.845705133875579,1.310718833524767,0.0001220703125,0.0,6.109482027527591e-05
2,abrupt_16_16,4,0.0,0.5,OD,-0.00039164137764891027,-0.00015256987613965212,0.0002449833273203694,0.00029468536376953125,4.845705133875579,1.310718833524767,0.0001220703125,0.0,0.0002277840416519128
2,abrupt_16_16,4,0.0,0.5,OC,-0.00020504957695743897,0.00018191967663616637,0.0002467240810801741,0.00023555755615234375,4.845705133875579,1.310718833524767,0.0001220703125,0.0,0.0002277840416519128
2,abrupt_16_16,4,1.0,0.5,OD,0.0002707598912643494,0.00011286429345058746,0.0002288246951138717,0.0002384185791015625,4.845705133875579,1.310718833524767,0.0001220703125,0.0,0.0002277840416519128
2,abrupt_16_16,4,1.0,0.5,OC,0.00018480819203947618,-0.00011390738040784054,0.00022376448214345146,0.00023937225341796875,4.845705133875579,1.310718833524767,0.0001220703125,0.0,0.0002277840416519128
4,abrupt_16_16,16,0.0,0.5,OD,-1.8137252032923712e-05,-4.009744146493688e-06,1.7421986598264994e-05,1.811981201171875e-05,0.9534964647261652,1.3797306029319552,0.0001220703125,0.0,3.1071988793152094e-05
4,abrupt_16_16,16,0.0,0.5,OC,8.028122961933892e-05,0.00010116777181679026,1.3833148035047316e-05,1.0251998901367188e-05,0.9534964647261652,1.3797306029319552,0.0001220703125,0.0,3.1071988793152094e-05
4,abrupt_16_16,16,1.0,0.5,OD,7.698587654147993e-06,4.449482266855043e-06,1.6124377808068857e-05,1.3828277587890625e-05,0.9534964647261657,1.3797306029319552,0.0001220703125,0.0,3.1071988793152094e-05
4,abrupt_16_16,16,1.0,0.5,OC,-3.465391781831695e-05,-7.249776083306791e-05,1.2523847399137367e-05,1.1205673217773438e-05,0.9534964647261657,1.3797306029319552,0.0001220703125,0.0,3.1071988793152094e-05
4,abrupt_16_16,4,0.0,0.5,OD,-4.9289595932866526e-05,5.9475877458581294e-06,4.6368517587325186e-05,3.62396240234375e-05,0.9534964647261652,1.3797306029319552,0.0001220703125,0.0,0.00017207535633256832
4,abrupt_16_16,4,0.0,0.5,OC,0.0003934403085982252,0.0004546890186888364,3.932131312467391e-05,2.574920654296875e-05,0.9534964647261652,1.3797306029319552,0.0001220703125,0.0,0.00017207535633256832
4,abrupt_16_16,4,1.0,0.5,OD,8.026337008582018e-06,-6.334231458460238e-06,3.8826255604362814e-05,3.24249267578125e-05,0.9534964647261657,1.3797306029319552,0.0001220703125,0.0,0.00017207535633256832
4,abrupt_16_16,4,1.0,0.5,OC,-0.00035602238728560387,-0.00035150292552477147,3.174912842496269e-05,2.47955322265625e-05,0.9534964647261657,1.3797306029319552,0.0001220703125,0.0,0.00017207535633256832
6,abrupt_16_16,16,0.0,0.5,OD,-9.370501571082102e-05,-7.946837899763803e-05,4.8560262754904215e-05,4.6253204345703125e-05,4.6232512029540365,1.7259974598992618,0.0001220703125,0.0,0.0002306567562967432
6,abrupt_16_16,16,0.0,0.5,OC,0.0005550185283043074,0.00030986538099331273,5.095887982520253e-05,5.53131103515625e-05,4.6232512029540365,1.7259974598992618,0.0001220703125,0.0,0.0002306567562967432
6,abrupt_16_16,16,1.0,0.5,OD,7.683774196476367e-05,7.238889849314756e-05,5.0690461115721064e-05,5.14984130859375e-05,4.623251202954038,1.7259974598992618,0.0001220703125,0.0,0.0002306567562967432
6,abrupt_16_16,16,1.0,0.5,OC,-0.0002878375788416543,-0.0003857517641749908,5.381694643347146e-05,5.7220458984375e-05,4.623251202954038,1.7259974598992618,0.0001220703125,0.0,0.0002306567562967432
6,abrupt_16_16,4,0.0,0.5,OD,-0.00028150702105644854,-0.00025842220327854104,0.00015099576557986438,0.00014781951904296875,4.6232512029540365,1.7259974598992618,0.0001220703125,0.0,0.0008550518772192373
6,abrupt_16_16,4,0.0,0.5,OC,0.001991610775494812,0.0009297361448998842,0.00015359593817265704,0.00017642974853515625,4.6232512029540365,1.7259974598992618,0.0001220703125,0.0,0.0008550518772192373
6,abrupt_16_16,4,1.0,0.5,OD,0.00025863845881302083,0.00023403295196611218,0.00016257510833384003,0.00016117095947265625,4.623251202954038,1.7259974598992618,0.0001220703125,0.0,0.0008550518772192373
6,abrupt_16_16,4,1.0,0.5,OC,-0.0007622269716062169,-0.0012345131467600412,0.0001674320337770041,0.00017642974853515625,4.623251202954038,1.7259974598992618,0.0001220703125,0.0,0.0008550518772192373
8,abrupt_16_16,16,0.0,0.5,OD,-0.000254403243220902,-0.00018543378887447837,0.00013068055795883993,0.00013899803161621094,6.642998836176606,2.3742825957041394,0.0001220703125,0.0,0.000658597045093634
8,abrupt_16_16,16,0.0,0.5,OC,-0.001393134615002456,-0.0010918054665097765,0.0001756586716652464,0.00017023086547851562,6.642998836176606,2.3742825957041394,0.0001220703125,0.0,0.000658597045093634
8,abrupt_16_16,16,1.0,0.5,OD,0.00023188331559997888,0.0002105971079064961,0.0001363681021295804,0.00012826919555664062,6.642998836176604,2.3742825957041394,0.0001220703125,0.0,0.000658597045093634
8,abrupt_16_16,16,1.0,0.5,OC,0.0010853107745872892,0.001186575724191008,0.00017170633685736902,0.000148773193359375,6.642998836176604,2.3742825957041394,0.0001220703125,0.0,0.000658597045093634
8,abrupt_16_16,4,0.0,0.5,OD,-0.000955227825484406,-0.0007248707718887637,0.0004664058506023139,0.0005035400390625,6.642998836176606,2.3742825957041394,0.0001220703125,0.0,0.002489278991909094
8,abrupt_16_16,4,0.0,0.5,OC,-0.005239466059044795,-0.004151928109121683,0.0006065867346478626,0.0005855560302734375,6.642998836176606,2.3742825957041394,0.0001220703125,0.0,0.002489278991909094
8,abrupt_16_16,4,1.0,0.5,OD,0.0008498859759342725,0.0008192172043424151,0.00048753683222457767,0.0004634857177734375,6.642998836176604,2.3742825957041394,0.0001220703125,0.0,0.002489278991909094
8,abrupt_16_16,4,1.0,0.5,OC,0.004128672007883916,0.004485836160326606,0.000586988764553098,0.0004978179931640625,6.642998836176604,2.3742825957041394,0.0001220703125,0.0,0.002489278991909094
10,abrupt_16_16,16,0.0,0.5,OD,-0.0001414305669246163,-0.0001274287934609486,4.395592053185737e-05,4.363059997558594e-05,1.5966831745203622,0.8431663458384638,0.0001220703125,0.0,0.00013527927860890188
10,abrupt_16_16,16,0.0,0.5,OC,-0.00022350452547470478,-0.00016810618327334215,2.004580673897749e-05,2.3126602172851562e-05,1.5966831745203622,0.8431663458384638,0.0001220703125,0.0,0.00013527927860890188
10,abrupt_16_16,16,1.0,0.5,OD,0.0001215094868027844,0.00012879651887076626,4.469711662125064e-05,4.172325134277344e-05,1.5966831745203622,0.8431663458384638,0.0001220703125,0.0,0.00013527927860890188
10,abrupt_16_16,16,1.0,0.5,OC,0.00014904907041501936,0.00016859539118330158,2.0551411168412415e-05,2.09808349609375e-05,1.5966831745203622,0.8431663458384638,0.0001220703125,0.0,0.00013527927860890188
10,abrupt_16_16,4,0.0,0.5,OD,-0.00035220269385216607,-0.0003186296281579848,0.0001175051074824296,0.00011157989501953125,1.5966831745203622,0.8431663458384638,0.0001220703125,0.0,0.000294821006278867
10,abrupt_16_16,4,0.0,0.5,OC,-0.0005067785506897016,-0.00036396187395182356,5.400897271101712e-05,6.4849853515625e-05,1.5966831745203622,0.8431663458384638,0.0001220703125,0.0,0.000294821006278867
10,abrupt_16_16,4,1.0,0.5,OD,0.0003054102660704494,0.0003234350844560918,0.00012020464964734856,0.00011348724365234375,1.5966831745203622,0.8431663458384638,0.0001220703125,0.0,0.000294821006278867
10,abrupt_16_16,4,1.0,0.5,OC,0.0002842317464873956,0.00036634376118305223,5.5891889587655896e-05,5.91278076171875e-05,1.5966831745203622,0.8431663458384638,0.0001220703125,0.0,0.000294821006278867
12,abrupt_16_16,16,0.0,0.5,OD,-0.00015654511822771333,-0.00014279959140628407,8.3155058604234e-05,8.511543273925781e-05,4.304102858677958,0.9263296802485607,0.0001220703125,0.0,0.00035916030021765355
12,abrupt_16_16,16,0.0,0.5,OC,-0.0005230145563247524,-0.0005324940395770028,5.691941924368393e-05,5.364418029785156e-05,4.304102858677958,0.9263296802485607,0.0001220703125,0.0,0.00035916030021765355
12,abrupt_16_16,16,1.0,0.5,OD,0.00015093259254028712,0.000139258795643471,8.690262902177892e-05,7.891654968261719e-05,4.304102858677958,0.9263296802485607,0.0001220703125,0.0,0.00035916030021765355
12,abrupt_16_16,16,1.0,0.5,OC,0.000567388007894909,0.0005526193690310599,6.0568352630241407e-05,5.3882598876953125e-05,4.304102858677958,0.9263296802485607,0.0001220703125,0.0,0.00035916030021765355
12,abrupt_16_16,4,0.0,0.5,OD,-0.0005718576845301637,-0.0005094930378536366,0.0002708093416003976,0.0002918243408203125,4.304102858677958,0.9263296802485607,0.0001220703125,0.0,0.0011776019685466599
12,abrupt_16_16,4,0.0,0.5,OC,-0.0017422062161002172,-0.0018221027044916793,0.00017086286607082002,0.0001544952392578125,4.304102858677958,0.9263296802485607,0.0001220703125,0.0,0.0011776019685466599
12,abrupt_16_16,4,1.0,0.5,OD,0.0005536728824805381,0.0004965769557616628,0.0002868662486434914,0.00026035308837890625,4.304102858677958,0.9263296802485607,0.0001220703125,0.0,0.0011776019685466599
12,abrupt_16_16,4,1.0,0.5,OC,0.0018015310546127816,0.0019188756704126009,0.0001861258569988422,0.0001506805419921875,4.304102858677958,0.9263296802485607,0.0001220703125,0.0,0.0011776019685466599
14,abrupt_16_16,16,0.0,0.5,OD,-6.804175544816715e-05,-2.071120993063502e-05,6.615418029554121e-05,6.747245788574219e-05,5.0490551282112515,1.009696012967947,0.0001220703125,0.0,0.00016746830298730586
14,abrupt_16_16,16,0.0,0.5,OC,-0.00037139578402900497,-0.0002746463701666091,6.383380193497601e-05,5.745887756347656e-05,5.0490551282112515,1.009696012967947,0.0001220703125,0.0,0.00016746830298730586
14,abrupt_16_16,16,1.0,0.5,OD,4.999555535456501e-05,1.5605700541154732e-05,6.73458086044576e-05,6.103515625e-05,5.0490551282112515,1.009696012967947,0.0001220703125,0.0,0.00016746830298730586
14,abrupt_16_16,16,1.0,0.5,OC,0.0002849410506200467,0.0002625968700513681,6.669874263209863e-05,5.91278076171875e-05,5.0490551282112515,1.009696012967947,0.0001220703125,0.0,0.00016746830298730586
14,abrupt_16_16,4,0.0,0.5,OD,-0.0001972126187324008,-6.13020655715335e-05,0.0002434953912597848,0.0002536773681640625,5.0490551282112515,1.009696012967947,0.0001220703125,0.0,0.0005122924348128777
14,abrupt_16_16,4,0.0,0.5,OC,-0.0010775627760571949,-0.000850770268516432,0.00022308293409878388,0.00020313262939453125,5.0490551282112515,1.009696012967947,0.0001220703125,0.0,0.0005122924348128777
14,abrupt_16_16,4,1.0,0.5,OD,0.00018653704499149715,4.064560148275831e-05,0.00024851738089637365,0.0002269744873046875,5.0490551282112515,1.009696012967947,0.0001220703125,0.0,0.0005122924348128777
14,abrupt_16_16,4,1.0,0.5,OC,0.0008380478246341472,0.0008072920913398951,0.00023497599067923147,0.000209808349609375,5.0490551282112515,1.009696012967947,0.0001220703125,0.0,0.0005122924348128777
16,gradual_32,16,0.0,0.5,OD,0.00024318291008529336,0.00025617982548187257,0.00011224478786431291,0.0001068115234375,6.217416065607415,2.1242334198211394,0.0001220703125,0.0,0.0003366178707462364
16,gradual_32,16,0.0,0.5,OC,0.0004300528314071794,0.0003294909242633759,5.1892707915612846e-05,4.458427429199219e-05,6.217416065607415,2.1242334198211394,0.0001220703125,0.0,0.0003366178707462364
16,gradual_32,16,1.0,0.5,OD,-0.00023392968110202972,-0.00024233312262722517,9.569943708953588e-05,8.678436279296875e-05,6.217416065607412,2.1242334198211394,0.0001220703125,0.0,0.0003366178707462364
16,gradual_32,16,1.0,0.5,OC,-0.0004074712980252082,-0.000298575649206434,4.379715220892422e-05,3.981590270996094e-05,6.217416065607412,2.1242334198211394,0.0001220703125,0.0,0.0003366178707462364
16,gradual_32,4,0.0,0.5,OD,0.0007784492136576615,0.000851071418032423,0.00038519256486324593,0.000370025634765625,6.217416065607415,2.1242334198211394,0.0001220703125,0.0,0.0011171065105169964
16,gradual_32,4,0.0,0.5,OC,0.0014557638073762202,0.0010530306763425479,0.00017105023289332166,0.00015163421630859375,6.217416065607415,2.1242334198211394,0.0001220703125,0.0,0.0011171065105169964
16,gradual_32,4,1.0,0.5,OD,-0.0008190786998367727,-0.0008092450365632109,0.00032468872814206406,0.00029754638671875,6.217416065607412,2.1242334198211394,0.0001220703125,0.0,0.0011171065105169964
16,gradual_32,4,1.0,0.5,OC,-0.0013500312554710625,-0.000945605918851733,0.0001409549713571323,0.0001316070556640625,6.217416065607412,2.1242334198211394,0.0001220703125,0.0,0.0011171065105169964
18,gradual_32,16,0.0,0.5,OD,-0.00015872602229838328,-0.00012679718101138437,6.672405944030402e-05,6.771087646484375e-05,3.3409943961366757,0.832135742569678,0.0001220703125,0.0,0.00011640945379476353
18,gradual_32,16,0.0,0.5,OC,-0.0002242940183880826,-0.00010041007986216766,4.771316624641031e-05,4.9591064453125e-05,3.3409943961366757,0.832135742569678,0.0001220703125,0.0,0.00011640945379476353
18,gradual_32,16,1.0,0.5,OD,0.00011438688005227515,0.00012909905229807617,7.317066529566318e-05,7.176399230957031e-05,3.340994396136677,0.832135742569678,0.0001220703125,0.0,0.00011640945379476353
18,gradual_32,16,1.0,0.5,OC,0.00011843202753714088,8.09713062913664e-05,5.371498216533155e-05,5.2928924560546875e-05,3.340994396136677,0.832135742569678,0.0001220703125,0.0,0.00011640945379476353
18,gradual_32,4,0.0,0.5,OD,-0.0005415220571659551,-0.0004190431133098693,0.00021663765437551774,0.00022220611572265625,3.3409943961366757,0.832135742569678,0.0001220703125,0.0,0.0004677247222001357
18,gradual_32,4,0.0,0.5,OC,-0.0009881955656348973,-0.0003524073835171615,0.00015053390416142065,0.0001621246337890625,3.3409943961366757,0.832135742569678,0.0001220703125,0.0,0.0004677247222001357
18,gradual_32,4,1.0,0.5,OD,0.0003356912370704457,0.00041895377362377584,0.00023559438341180794,0.00022792816162109375,3.340994396136677,0.832135742569678,0.0001220703125,0.0,0.0004677247222001357
18,gradual_32,4,1.0,0.5,OC,0.0005997582073299368,0.0002696583794740137,0.00016890068400243763,0.00017833709716796875,3.340994396136677,0.832135742569678,0.0001220703125,0.0,0.0004677247222001357
20,gradual_32,16,0.0,0.5,OD,4.572085114096236e-05,6.1025905851108675e-05,3.153436513692043e-05,2.7894973754882812e-05,2.2564824057558615,0.8204438998427732,0.0001220703125,0.0,1.0872379464732518e-05
20,gradual_32,16,0.0,0.5,OC,-4.872544316336658e-05,-5.3513941742688864e-05,2.4738492397702316e-05,1.8835067749023438e-05,2.2564824057558615,0.8204438998427732,0.0001220703125,0.0,1.0872379464732518e-05
20,gradual_32,16,1.0,0.5,OD,-3.1217199643274185e-05,-6.068398812097975e-05,3.063328536967447e-05,2.6464462280273438e-05,2.256482405755861,0.8204438998427732,0.0001220703125,0.0,1.0872379464732518e-05
20,gradual_32,16,1.0,0.5,OC,5.29619585726282e-05,4.636781724876027e-05,2.376145894089632e-05,2.5033950805664062e-05,2.256482405755861,0.8204438998427732,0.0001220703125,0.0,1.0872379464732518e-05
20,gradual_32,4,0.0,0.5,OD,0.00012126842695048268,0.00020508812748354366,0.00010944140831270488,9.632110595703125e-05,2.2564824057558615,0.8204438998427732,0.0001220703125,0.0,8.350781578236877e-06
20,gradual_32,4,0.0,0.5,OC,-0.00022429362995868285,-0.00014707133609670464,7.870062745496398e-05,5.53131103515625e-05,2.2564824057558615,0.8204438998427732,0.0001220703125,0.0,8.350781578236877e-06
20,gradual_32,4,1.0,0.5,OD,-9.460789694926142e-05,-0.00020335217085010182,0.0001056092287399224,9.059906005859375e-05,2.256482405755861,0.8204438998427732,0.0001220703125,0.0,8.350781578236877e-06
20,gradual_32,4,1.0,0.5,OC,0.00011130946010584619,0.00011866256563042299,7.460075721610337e-05,7.62939453125e-05,2.256482405755861,0.8204438998427732,0.0001220703125,0.0,8.350781578236877e-06
22,gradual_32,16,0.0,0.5,OD,-0.00014061653953734154,-0.00010123673779671716,9.626433197951201e-05,0.00010895729064941406,4.952849290811182,1.1535300114844735,0.0001220703125,0.0,8.267645955284397e-05
22,gradual_32,16,0.0,0.5,OC,-7.391328562533772e-07,3.067901505870996e-05,0.00010141060911195154,0.00010228157043457031,4.952849290811182,1.1535300114844735,0.0001220703125,0.0,8.267645955284397e-05
22,gradual_32,16,1.0,0.5,OD,0.0001228989222499255,8.358110490436221e-05,9.200789740049231e-05,9.369850158691406e-05,4.952849290811185,1.1535300114844735,0.0001220703125,0.0,8.267645955284397e-05
22,gradual_32,16,1.0,0.5,OC,4.245399685587348e-05,-0.00010268919698075418,9.870450774940309e-05,9.679794311523438e-05,4.952849290811185,1.1535300114844735,0.0001220703125,0.0,8.267645955284397e-05
22,gradual_32,4,0.0,0.5,OD,-0.0004455799582846476,-0.000315765474386942,0.00030438097383012064,0.00034046173095703125,4.952849290811182,1.1535300114844735,0.0001220703125,0.0,0.0004557668504618917
22,gradual_32,4,0.0,0.5,OC,-0.00019407394638581987,-0.00017455523312737142,0.00033252988214371726,0.00034427642822265625,4.952849290811182,1.1535300114844735,0.0001220703125,0.0,0.0004557668504618917
22,gradual_32,4,1.0,0.5,OD,0.00032912835813281305,0.0002519435454952923,0.00028935257068951614,0.0002841949462890625,4.952849290811185,1.1535300114844735,0.0001220703125,0.0,0.0004557668504618917
22,gradual_32,4,1.0,0.5,OC,0.0005824053427908593,-9.08387215976525e-05,0.00032312799521605484,0.000301361083984375,4.952849290811185,1.1535300114844735,0.0001220703125,0.0,0.0004557668504618917
24,gradual_32,16,0.0,0.5,OD,-1.919486615120647e-05,-2.7027885711627953e-05,2.1045654982287942e-05,1.6450881958007812e-05,6.2944457800729285,1.744929146552983,0.0001220703125,0.0,6.856276468336642e-05
24,gradual_32,16,0.0,0.5,OC,0.00015632039551782828,0.00011794688716393331,1.864556457320532e-05,1.6689300537109375e-05,6.2944457800729285,1.744929146552983,0.0001220703125,0.0,6.856276468336642e-05
24,gradual_32,16,1.0,0.5,OD,1.9745141922378195e-05,2.4184200395516164e-05,2.83103025822129e-05,2.574920654296875e-05,6.294445780072929,1.744929146552983,0.0001220703125,0.0,6.856276468336642e-05
24,gradual_32,16,1.0,0.5,OC,-0.0002693525661697782,-0.0002921940518935129,2.7996531919427525e-05,2.6702880859375e-05,6.294445780072929,1.744929146552983,0.0001220703125,0.0,6.856276468336642e-05
24,gradual_32,4,0.0,0.5,OD,-3.6425253389316126e-05,-8.444237283322664e-05,6.178906733111944e-05,4.482269287109375e-05,6.2944457800729285,1.744929146552983,0.0001220703125,0.0,0.00017135101724974344
24,gradual_32,4,0.0,0.5,OC,0.000379127287888803,0.00020167949624616544,4.703575268649729e-05,4.482269287109375e-05,6.2944457800729285,1.744929146552983,0.0001220703125,0.0,0.00017135101724974344
24,gradual_32,4,1.0,0.5,OD,2.496565817633467e-05,7.399067179381102e-05,9.085937335839844e-05,8.487701416015625e-05,6.294445780072929,1.744929146552983,0.0001220703125,0.0,0.00017135101724974344
24,gradual_32,4,1.0,0.5,OC,-0.0008986410359567154,-0.0008853580740402212,8.364226050616708e-05,7.915496826171875e-05,6.294445780072929,1.744929146552983,0.0001220703125,0.0,0.00017135101724974344
26,gradual_32,16,0.0,0.5,OD,0.00010114513997583341,0.0001174923569330355,0.00012103781845240746,0.00010609626770019531,6.028169919978693,2.3617984345181124,0.0001220703125,0.0,0.00023628660741392693
26,gradual_32,16,0.0,0.5,OC,-0.0007782185503155681,-0.0006338751103157625,0.00010514566359631772,0.00010466575622558594,6.028169919978693,2.3617984345181124,0.0001220703125,0.0,0.00023628660741392693
26,gradual_32,16,1.0,0.5,OD,-0.00010638258722961424,-0.00012781830179231513,0.00010719960560834352,9.918212890625e-05,6.028169919978697,2.3617984345181124,0.0001220703125,0.0,0.00023628660741392693
26,gradual_32,16,1.0,0.5,OC,0.0005789558020575791,0.0005191732439019381,9.075019318771638e-05,8.702278137207031e-05,6.028169919978697,2.3617984345181124,0.0001220703125,0.0,0.00023628660741392693
26,gradual_32,4,0.0,0.5,OD,0.0002983661628832568,0.00033789339076695235,0.00039924711381900124,0.0003414154052734375,6.028169919978693,2.3617984345181124,0.0001220703125,0.0,0.0008095046439020592
26,gradual_32,4,0.0,0.5,OC,-0.002746802138271276,-0.0021173225949097096,0.00033039199661288876,0.00034046173095703125,6.028169919978693,2.3617984345181124,0.0001220703125,0.0,0.0008095046439020592
26,gradual_32,4,1.0,0.5,OD,-0.0003086722337536374,-0.000386583869410817,0.00034969417174579576,0.00031757354736328125,6.028169919978697,2.3617984345181124,0.0001220703125,0.0,0.0008095046439020592
26,gradual_32,4,1.0,0.5,OC,0.0019276815215578669,0.001692077489232724,0.0002784982389130164,0.00027179718017578125,6.028169919978697,2.3617984345181124,0.0001220703125,0.0,0.0008095046439020592
28,gradual_32,16,0.0,0.5,OD,0.00016402422310146658,0.00024275216967173385,0.0001556571218515046,0.0001513957977294922,5.907024514506967,2.738194073645636,0.0001220703125,0.0,0.0011393285770421313
28,gradual_32,16,0.0,0.5,OC,0.002114632930982907,0.0020351365656048337,0.00014532776445719264,0.00013685226440429688,5.907024514506967,2.738194073645636,0.0001220703125,0.0,0.0011393285770421313
28,gradual_32,16,1.0,0.5,OD,-0.00033990668063454965,-0.00026865908468476363,0.00014362878879126129,0.00014519691467285156,5.907024514506967,2.738194073645636,0.0001220703125,0.0,0.0011393285770421313
28,gradual_32,16,1.0,0.5,OC,-0.0019859541772843103,-0.001854426309814583,0.00012857624919604405,0.00012445449829101562,5.907024514506967,2.738194073645636,0.0001220703125,0.0,0.0011393285770421313
28,gradual_32,4,0.0,0.5,OD,0.0005912175350830662,0.0008150097662270595,0.0005366729601519182,0.0005245208740234375,5.907024514506967,2.738194073645636,0.0001220703125,0.0,0.0038147177522963593
28,gradual_32,4,0.0,0.5,OC,0.0070382179695095415,0.006704855665587761,0.00048496761883143336,0.00045871734619140625,5.907024514506967,2.738194073645636,0.0001220703125,0.0,0.0038147177522963593
28,gradual_32,4,1.0,0.5,OD,-0.0012179346972163163,-0.0009201871272279671,0.0004899578671029303,0.0005064010620117188,5.907024514506967,2.738194073645636,0.0001220703125,0.0,0.0038147177522963593
28,gradual_32,4,1.0,0.5,OC,-0.006670699743340447,-0.006006303770141441,0.0004203383650747128,0.00041675567626953125,5.907024514506967,2.738194073645636,0.0001220703125,0.0,0.0038147177522963593
30,gradual_32,16,0.0,0.5,OD,-0.00011133516560402068,-0.00015257292135284484,8.162793475108288e-05,7.796287536621094e-05,12.34829817436827,1.760331954553082,0.0001220703125,0.0,0.00016851338541634675
30,gradual_32,16,0.0,0.5,OC,-3.44236680019927e-05,-5.6960964188945695e-05,5.315615553413977e-05,4.38690185546875e-05,12.34829817436827,1.760331954553082,0.0001220703125,0.0,0.00016851338541634675
30,gradual_32,16,1.0,0.5,OD,0.00022485320748177884,0.00018189655993094966,0.00010259170311499588,0.00010204315185546875,12.34829817436827,1.760331954553082,0.0001220703125,0.0,0.00016851338541634675
30,gradual_32,16,1.0,0.5,OC,0.00011217356335069262,0.0001099637074370996,6.544146250675453e-05,6.580352783203125e-05,12.34829817436827,1.760331954553082,0.0001220703125,0.0,0.00016851338541634675
30,gradual_32,4,0.0,0.5,OD,-0.00045388798579704126,-0.0005880714768925488,0.00028151264541520504,0.0002727508544921875,12.34829817436827,1.760331954553082,0.0001220703125,0.0,0.0005810039254877664
30,gradual_32,4,0.0,0.5,OC,-0.000211702234115263,-0.00017858811878523895,0.0001697067236818839,0.0001392364501953125,12.34829817436827,1.760331954553082,0.0001220703125,0.0,0.0005810039254877664
30,gradual_32,4,1.0,0.5,OD,0.0008462722630355746,0.0007029669663916049,0.00036402947716851486,0.000354766845703125,12.34829817436827,1.760331954553082,0.0001220703125,0.0,0.0005810039254877664
30,gradual_32,4,1.0,0.5,OC,0.00031573558793984713,0.00038050348570195514,0.00021774734887003433,0.000217437744140625,12.34829817436827,1.760331954553082,0.0001220703125,0.0,0.0005810039254877664
32,recurrence_8_8_8_8,16,0.0,0.5,OD,-0.00029609447366962804,-0.0002610971380655469,9.81694846942105e-05,9.918212890625e-05,3.9755449545508412,0.910733668124875,0.0001220703125,0.0,0.0008745824691130943
32,recurrence_8_8_8_8,16,0.0,0.5,OC,-0.0014186699080784848,-0.0011269492769649947,7.294763240395241e-05,7.319450378417969e-05,3.9755449545508412,0.910733668124875,0.0001220703125,0.0,0.0008745824691130943
32,recurrence_8_8_8_8,16,1.0,0.5,OD,0.00027948121580312346,0.0002552224635719025,0.00010178887344025611,0.00010156631469726562,3.975544954550839,0.910733668124875,0.0001220703125,0.0,0.0008745824691130943
32,recurrence_8_8_8_8,16,1.0,0.5,OC,0.0014696837224229542,0.001155557366705584,7.742724324089068e-05,7.510185241699219e-05,3.975544954550839,0.910733668124875,0.0001220703125,0.0,0.0008745824691130943
32,recurrence_8_8_8_8,4,0.0,0.5,OD,-0.0009861091349336881,-0.0008687691207074355,0.00032386217935709283,0.00032901763916015625,3.9755449545508412,0.910733668124875,0.0001220703125,0.0,0.0027866276711309146
32,recurrence_8_8_8_8,4,0.0,0.5,OC,-0.004711675759198064,-0.0036523060681117325,0.0002346438959648367,0.0002422332763671875,3.9755449545508412,0.910733668124875,0.0001220703125,0.0,0.0027866276711309146
32,recurrence_8_8_8_8,4,1.0,0.5,OD,0.0008708288448187052,0.0008420502008030795,0.0003357123787282035,0.000324249267578125,3.975544954550839,0.910733668124875,0.0001220703125,0.0,0.0027866276711309146
32,recurrence_8_8_8_8,4,1.0,0.5,OC,0.004702426497443235,0.0037422346411166707,0.00025044498033821583,0.00024127960205078125,3.975544954550839,0.910733668124875,0.0001220703125,0.0,0.0027866276711309146
34,recurrence_8_8_8_8,16,0.0,0.5,OD,-9.789774277302321e-05,-0.00014680903749675345,0.00011623594416221295,0.00010657310485839844,5.980850641181587,1.9764803197568013,0.0001220703125,0.0,3.794773325527245e-05
34,recurrence_8_8_8_8,16,0.0,0.5,OC,0.00015368327142895044,0.00017041704712927874,5.999568974601743e-05,6.4849853515625e-05,5.980850641181587,1.9764803197568013,0.0001220703125,0.0,3.794773325527245e-05
34,recurrence_8_8_8_8,16,1.0,0.5,OD,0.00011895323609500963,0.00013851052224911342,0.00012376894133581118,0.00011777877807617188,5.980850641181589,1.9764803197568013,0.0001220703125,0.0,3.794773325527245e-05
34,recurrence_8_8_8_8,16,1.0,0.5,OC,-4.3057769584575745e-05,-0.0002153410517873322,6.617997410529597e-05,6.4849853515625e-05,5.980850641181589,1.9764803197568013,0.0001220703125,0.0,3.794773325527245e-05
34,recurrence_8_8_8_8,4,0.0,0.5,OD,-0.00028930727091647235,-0.00046394215305034514,0.00036440882104216143,0.00034809112548828125,5.980850641181587,1.9764803197568013,0.0001220703125,0.0,0.00010235070647135469
34,recurrence_8_8_8_8,4,0.0,0.5,OC,0.0004940086838592928,0.0005221357390786663,0.00018152456141251605,0.000186920166015625,5.980850641181587,1.9764803197568013,0.0001220703125,0.0,0.00010235070647135469
34,recurrence_8_8_8_8,4,1.0,0.5,OD,0.0003439505115554464,0.0004328053394301312,0.00039401097092195414,0.00037384033203125,5.980850641181589,1.9764803197568013,0.0001220703125,0.0,0.00010235070647135469
34,recurrence_8_8_8_8,4,1.0,0.5,OC,-0.0004480049144341969,-0.0006911813529769661,0.0002053830885415664,0.0002079010009765625,5.980850641181589,1.9764803197568013,0.0001220703125,0.0,0.00010235070647135469
36,recurrence_8_8_8_8,16,0.0,0.5,OD,-3.349467676772022e-06,4.7156408979898146e-06,8.885117479984217e-06,9.059906005859375e-06,0.9198348151077544,1.7058036504826783,0.0001220703125,0.0,3.096778626487939e-05
36,recurrence_8_8_8_8,16,0.0,0.5,OC,-0.000139000428397984,-0.00012784721715342062,2.1312571730547347e-05,2.2649765014648438e-05,0.9198348151077544,1.7058036504826783,0.0001220703125,0.0,3.096778626487939e-05
36,recurrence_8_8_8_8,16,1.0,0.5,OD,-1.58687368684296e-05,-5.727710187919399e-06,8.160772571486063e-06,6.198883056640625e-06,0.9198348151077542,1.7058036504826783,0.0001220703125,0.0,3.096778626487939e-05
36,recurrence_8_8_8_8,16,1.0,0.5,OC,7.780430939796634e-05,0.00011110955686599588,1.9068064339045065e-05,1.52587890625e-05,0.9198348151077542,1.7058036504826783,0.0001220703125,0.0,3.096778626487939e-05
36,recurrence_8_8_8_8,4,0.0,0.5,OD,-7.4832762757548466e-06,1.7236442810597552e-05,3.286915375610988e-05,3.147125244140625e-05,0.9198348151077544,1.7058036504826783,0.0001220703125,0.0,0.000124200193029389
36,recurrence_8_8_8_8,4,0.0,0.5,OC,-0.0005434595413160714,-0.0005326661869295979,8.145877541210211e-05,8.7738037109375e-05,0.9198348151077544,1.7058036504826783,0.0001220703125,0.0,0.000124200193029389
36,recurrence_8_8_8_8,4,1.0,0.5,OD,-6.281685153342043e-05,-2.16040323691713e-05,3.0186108233465347e-05,2.288818359375e-05,0.9198348151077542,1.7058036504826783,0.0001220703125,0.0,0.000124200193029389
36,recurrence_8_8_8_8,4,1.0,0.5,OC,0.0003112172375920874,0.00045887118289045237,7.25386544218054e-05,6.103515625e-05,0.9198348151077542,1.7058036504826783,0.0001220703125,0.0,0.000124200193029389
38,recurrence_8_8_8_8,16,0.0,0.5,OD,-0.00011788846240723405,-5.5799992758065464e-05,0.00010430178496534381,0.00010657310485839844,6.623973191591992,2.152540003311786,0.0001220703125,0.0,0.0008385402361105188
38,recurrence_8_8_8_8,16,0.0,0.5,OC,-0.0012551816522183845,-0.001117880464577392,0.00018634699306829816,0.00018548965454101562,6.623973191591992,2.152540003311786,0.0001220703125,0.0,0.0008385402361105188
38,recurrence_8_8_8_8,16,1.0,0.5,OD,0.00013145593006402834,6.239629744564379e-05,0.00010550995760993942,0.000118255615234375,6.623973191591996,2.152540003311786,0.0001220703125,0.0,0.0008385402361105188
38,recurrence_8_8_8_8,16,1.0,0.5,OC,0.0015456245421571202,0.001192323037043752,0.00017366993364476002,0.0001709461212158203,6.623973191591996,2.152540003311786,0.0001220703125,0.0,0.0008385402361105188
38,recurrence_8_8_8_8,4,0.0,0.5,OD,-0.0005053411461528601,-0.00025736909188878165,0.0003784973705478478,0.00038433074951171875,6.623973191591992,2.152540003311786,0.0001220703125,0.0,0.0033361939328441226
38,recurrence_8_8_8_8,4,0.0,0.5,OC,-0.005146574761958678,-0.004549250895644619,0.0006586236850125715,0.0006551742553710938,6.623973191591992,2.152540003311786,0.0001220703125,0.0,0.0033361939328441226
38,recurrence_8_8_8_8,4,1.0,0.5,OD,0.0005334924476331215,0.00028141717633645147,0.0003840311328531243,0.00043773651123046875,6.623973191591996,2.152540003311786,0.0001220703125,0.0,0.0033361939328441226
38,recurrence_8_8_8_8,4,1.0,0.5,OC,0.006138895418055235,0.004830739293688047,0.0006092615258239675,0.00060272216796875,6.623973191591996,2.152540003311786,0.0001220703125,0.0,0.0033361939328441226
40,recurrence_8_8_8_8,16,0.0,0.5,OD,6.488988373887228e-05,5.438508680633003e-05,0.00010585330905144019,0.00010275840759277344,3.555338682828169,1.4714788009231992,0.0001220703125,0.0,0.00011699005774967741
40,recurrence_8_8_8_8,16,0.0,0.5,OC,-0.00032464165227397146,-0.0003414909753294282,6.937386103089693e-05,7.033348083496094e-05,3.555338682828169,1.4714788009231992,0.0001220703125,0.0,0.00011699005774967741
40,recurrence_8_8_8_8,16,1.0,0.5,OD,-7.625524908327908e-05,-5.948567109725911e-05,0.00010130038339184466,0.0001010894775390625,3.5553386828281672,1.4714788009231992,0.0001220703125,0.0,0.00011699005774967741
40,recurrence_8_8_8_8,16,1.0,0.5,OC,0.0003102353645826339,0.00030814344387142256,6.616741632825551e-05,6.175041198730469e-05,3.5553386828281672,1.4714788009231992,0.0001220703125,0.0,0.00011699005774967741
40,recurrence_8_8_8_8,4,0.0,0.5,OD,0.0002971059388083841,0.0002815609662233376,0.00032325614665751345,0.0003147125244140625,3.555338682828169,1.4714788009231992,0.0001220703125,0.0,0.0001710436200604848
40,recurrence_8_8_8_8,4,0.0,0.5,OC,-0.0009594920430616716,-0.000740109564614011,0.0001640548107388895,0.0001773834228515625,3.555338682828169,1.4714788009231992,0.0001220703125,0.0,0.0001710436200604848
40,recurrence_8_8_8_8,4,1.0,0.5,OD,-0.0003157466209945392,-0.00030543417059214484,0.0003033063367183786,0.0002956390380859375,3.5553386828281672,1.4714788009231992,0.0001220703125,0.0,0.0001710436200604848
40,recurrence_8_8_8_8,4,1.0,0.5,OC,0.0006578338611156198,0.0005859686569162914,0.0001497628054494271,0.000148773193359375,3.5553386828281672,1.4714788009231992,0.0001220703125,0.0,0.0001710436200604848
42,recurrence_8_8_8_8,16,0.0,0.5,OD,-1.9300321865478587e-05,6.29666000340201e-07,4.7657823972535596e-05,3.790855407714844e-05,10.293561591133058,2.48901552686798,0.0001220703125,0.0,3.917380893647682e-05
42,recurrence_8_8_8_8,16,0.0,0.5,OC,9.764793973843222e-05,0.0002833728253116563,5.6033126897503394e-05,4.863739013671875e-05,10.293561591133058,2.48901552686798,0.0001220703125,0.0,3.917380893647682e-05
42,recurrence_8_8_8_8,16,1.0,0.5,OD,1.142618197480516e-05,-1.5201242965501294e-06,4.692848023468699e-05,4.172325134277344e-05,10.293561591133058,2.48901552686798,0.0001220703125,0.0,3.917380893647682e-05
42,recurrence_8_8_8_8,16,1.0,0.5,OC,-0.00027071163813008337,-0.00030638609856648014,5.418839151083432e-05,4.839897155761719e-05,10.293561591133058,2.48901552686798,0.0001220703125,0.0,3.917380893647682e-05
42,recurrence_8_8_8_8,4,0.0,0.5,OD,-3.388909028179121e-05,6.605058472708425e-05,0.00014543303223035764,0.00011539459228515625,10.293561591133058,2.48901552686798,0.0001220703125,0.0,0.00017091851661210633
42,recurrence_8_8_8_8,4,0.0,0.5,OC,0.0003757261235062259,0.0010533652634276969,0.00018115237617166713,0.0001621246337890625,10.293561591133058,2.48901552686798,0.0001220703125,0.0,0.00017091851661210633
42,recurrence_8_8_8_8,4,1.0,0.5,OD,-2.0754876709383474e-05,-6.8101818730959e-05,0.00014345341151056346,0.00011920928955078125,10.293561591133058,2.48901552686798,0.0001220703125,0.0,0.00017091851661210633
42,recurrence_8_8_8_8,4,1.0,0.5,OC,-0.001039014529028992,-0.0011396071507483452,0.00017367133477819152,0.0001621246337890625,10.293561591133058,2.48901552686798,0.0001220703125,0.0,0.00017091851661210633
44,recurrence_8_8_8_8,16,0.0,0.5,OD,-7.592107001608284e-05,-9.088625490205615e-05,5.222450987307781e-05,5.364418029785156e-05,2.0346043421420728,1.6781181412806316,0.0001220703125,0.0,0.00026314911164115884
44,recurrence_8_8_8_8,16,0.0,0.5,OC,-0.0004969799469474179,-0.0003696695831214569,2.973376061321531e-05,2.765655517578125e-05,2.0346043421420728,1.6781181412806316,0.0001220703125,0.0,0.00026314911164115884
44,recurrence_8_8_8_8,16,1.0,0.5,OD,5.745010459545785e-05,9.116119526142441e-05,5.302824031794273e-05,4.696846008300781e-05,2.034604342142076,1.6781181412806316,0.0001220703125,0.0,0.00026314911164115884
44,recurrence_8_8_8_8,16,1.0,0.5,OC,0.00046884811868685983,0.00038753854615336536,3.097387594364065e-05,3.075599670410156e-05,2.034604342142076,1.6781181412806316,0.0001220703125,0.0,0.00026314911164115884
44,recurrence_8_8_8_8,4,0.0,0.5,OD,-0.0003273321660770545,-0.0004107056684896637,0.00018170563998864964,0.00017833709716796875,2.0346043421420728,1.6781181412806316,0.0001220703125,0.0,0.0010218342735049957
44,recurrence_8_8_8_8,4,0.0,0.5,OC,-0.0019446307341920432,-0.0014573426662958244,9.470903660258045e-05,9.441375732421875e-05,2.0346043421420728,1.6781181412806316,0.0001220703125,0.0,0.0010218342735049957
44,recurrence_8_8_8_8,4,1.0,0.5,OD,0.0002925050367628135,0.00041081945154419763,0.00018581850235932507,0.0001544952392578125,2.034604342142076,1.6781181412806316,0.0001220703125,0.0,0.0010218342735049957
44,recurrence_8_8_8_8,4,1.0,0.5,OC,0.0017511635102471779,0.0015296297510185575,0.00010021917023550486,0.00010585784912109375,2.034604342142076,1.6781181412806316,0.0001220703125,0.0,0.0010218342735049957
46,recurrence_8_8_8_8,16,0.0,0.5,OD,0.0003394098455613559,0.00033407814672370417,8.83026256985886e-05,8.344650268554688e-05,7.600704147045385,1.7683948568739785,0.0001220703125,0.0,0.0009002990849117376
46,recurrence_8_8_8_8,16,0.0,0.5,OC,0.0014611883242620083,0.0014657458857052497,0.00010997137396628887,0.00010824203491210938,7.600704147045385,1.7683948568739785,0.0001220703125,0.0,0.0009002990849117376
46,recurrence_8_8_8_8,16,1.0,0.5,OD,-0.00022832405992156968,-0.0002837577479478659,7.41952629468301e-05,5.9604644775390625e-05,7.600704147045387,1.7683948568739785,0.0001220703125,0.0,0.0009002990849117376
46,recurrence_8_8_8_8,16,1.0,0.5,OC,-0.0011370395531954403,-0.0012426382638557332,9.230613296296042e-05,8.296966552734375e-05,7.600704147045387,1.7683948568739785,0.0001220703125,0.0,0.0009002990849117376
46,recurrence_8_8_8_8,4,0.0,0.5,OD,0.0011885490890575223,0.001210007870604879,0.00031166616463451646,0.000286102294921875,7.600704147045385,1.7683948568739785,0.0001220703125,0.0,0.00302636257567257
46,recurrence_8_8_8_8,4,0.0,0.5,OC,0.004864176062287506,0.004863034958134782,0.00036566728704201523,0.00035858154296875,7.600704147045385,1.7683948568739785,0.0001220703125,0.0,0.00302636257567257
46,recurrence_8_8_8_8,4,1.0,0.5,OD,-0.0008412397100303615,-0.0010134398895813579,0.00025691764312796295,0.000202178955078125,7.600704147045387,1.7683948568739785,0.0001220703125,0.0,0.00302636257567257
46,recurrence_8_8_8_8,4,1.0,0.5,OC,-0.00346844268545643,-0.00402181837019755,0.0002987895604746882,0.00025463104248046875,7.600704147045387,1.7683948568739785,0.0001220703125,0.0,0.00302636257567257
48,iid_style_32,16,0.0,0.5,OD,-4.187885651796286e-05,-4.445348773973734e-05,6.310611763638008e-05,5.745887756347656e-05,1.0763902286741833,1.3179069515477333,0.0001220703125,0.0,0.0
48,iid_style_32,16,0.0,0.5,OC,-0.00010465228018685657,-3.542493530761526e-05,4.14565164845726e-05,4.029273986816406e-05,1.0763902286741833,1.3179069515477333,0.0001220703125,0.0,0.0
48,iid_style_32,16,1.0,0.5,OD,3.0210469039282373e-05,3.767204719540285e-05,6.550374916969304e-05,6.747245788574219e-05,1.0763902286741833,1.3179069515477333,0.0001220703125,0.0,0.0
48,iid_style_32,16,1.0,0.5,OC,-0.00016462543385231676,9.831099721302472e-06,4.4769210781225866e-05,4.4345855712890625e-05,1.0763902286741833,1.3179069515477333,0.0001220703125,0.0,0.0
48,iid_style_32,4,0.0,0.5,OD,-0.00010768278273121101,-0.0001366242198844736,0.00019906871602870524,0.0001964569091796875,1.0763902286741833,1.3179069515477333,0.0001220703125,0.0,0.0
48,iid_style_32,4,0.0,0.5,OC,-0.0002429816174155386,-0.000155747981827159,0.00012872367369709536,0.00013065338134765625,1.0763902286741833,1.3179069515477333,0.0001220703125,0.0,0.0
48,iid_style_32,4,1.0,0.5,OD,0.00010485480398092495,0.000110982151072192,0.000208919336728286,0.000209808349609375,1.0763902286741833,1.3179069515477333,0.0001220703125,0.0,0.0
48,iid_style_32,4,1.0,0.5,OC,-0.0006549572699174888,5.598530777317645e-05,0.00014156273755361326,0.0001468658447265625,1.0763902286741833,1.3179069515477333,0.0001220703125,0.0,0.0
50,iid_style_32,16,0.0,0.5,OD,0.0002966955098314683,0.0002974528034535018,0.00014474764179794875,0.00015425682067871094,6.5402367567263395,2.3259919684379735,0.0001220703125,0.0,0.001004981056894616
50,iid_style_32,16,0.0,0.5,OC,0.0017132666039579858,0.0018919984185140626,0.00010656298823619181,9.012222290039062e-05,6.5402367567263395,2.3259919684379735,0.0001220703125,0.0,0.001004981056894616
50,iid_style_32,16,1.0,0.5,OD,-0.00039824186167025655,-0.0003292158261212208,0.000133491822275289,0.00013303756713867188,6.5402367567263395,2.3259919684379735,0.0001220703125,0.0,0.001004981056894616
50,iid_style_32,16,1.0,0.5,OC,-0.0014415132829749266,-0.0017148247361062907,9.434587065726419e-05,7.510185241699219e-05,6.5402367567263395,2.3259919684379735,0.0001220703125,0.0,0.001004981056894616
50,iid_style_32,4,0.0,0.5,OD,0.0008946267793784601,0.0009490783832010186,0.000476575136417523,0.0005054473876953125,6.5402367567263395,2.3259919684379735,0.0001220703125,0.0,0.003349890340580308
50,iid_style_32,4,0.0,0.5,OC,0.005805153901782156,0.006056750328180982,0.00034242048423038796,0.00030422210693359375,6.5402367567263395,2.3259919684379735,0.0001220703125,0.0,0.003349890340580308
50,iid_style_32,4,1.0,0.5,OD,-0.001365625325663422,-0.0010676974415747553,0.0004315477162890602,0.00044727325439453125,6.5402367567263395,2.3259919684379735,0.0001220703125,0.0,0.003349890340580308
50,iid_style_32,4,1.0,0.5,OC,-0.004322677576026446,-0.005357100525182679,0.00029446837470459286,0.00022602081298828125,6.5402367567263395,2.3259919684379735,0.0001220703125,0.0,0.003349890340580308
52,iid_style_32,16,0.0,0.5,OD,-2.1395019490499934e-05,7.508964717350963e-06,9.70358923630954e-05,9.846687316894531e-05,3.9690938945225325,1.6953735760793172,0.0001220703125,0.0,0.0005915145673569544
52,iid_style_32,16,0.0,0.5,OC,0.0012044241542044087,0.001227755884269599,0.00017724047029332723,0.00017547607421875,3.9690938945225325,1.6953735760793172,0.0001220703125,0.0,0.0005915145673569544
52,iid_style_32,16,1.0,0.5,OD,-2.212018276037675e-05,-1.0286250201385627e-05,8.876383936140542e-05,8.177757263183594e-05,3.969093894522534,1.6953735760793172,0.0001220703125,0.0,0.0005915145673569544
52,iid_style_32,16,1.0,0.5,OC,-0.0010359584561834279,-0.0011687129423387788,0.00017500805733661196,0.0001728534698486328,3.969093894522534,1.6953735760793172,0.0001220703125,0.0,0.0005915145673569544
52,iid_style_32,4,0.0,0.5,OD,-4.590450351504849e-05,4.502448450904861e-05,0.00034542374123702757,0.0003452301025390625,3.9690938945225325,1.6953735760793172,0.0001220703125,0.0,0.0021427390143990976
52,iid_style_32,4,0.0,0.5,OC,0.004331382532313133,0.004431925475785525,0.0006201980249898043,0.000629425048828125,3.9690938945225325,1.6953735760793172,0.0001220703125,0.0,0.0021427390143990976
52,iid_style_32,4,1.0,0.5,OD,-0.00012075106931763724,-5.803847315677402e-05,0.0003148375872115139,0.000286102294921875,3.969093894522534,1.6953735760793172,0.0001220703125,0.0,0.0021427390143990976
52,iid_style_32,4,1.0,0.5,OC,-0.0039397898769977235,-0.004246150109950553,0.0006177400682645384,0.0006113052368164062,3.969093894522534,1.6953735760793172,0.0001220703125,0.0,0.0021427390143990976
54,iid_style_32,16,0.0,0.5,OD,-3.505136038639556e-05,-4.077807935809474e-05,3.133052875803344e-05,2.86102294921875e-05,0.976422490664581,1.1686011764690312,0.0001220703125,0.0,0.0
54,iid_style_32,16,0.0,0.5,OC,-4.066878222563908e-05,3.656993910317041e-05,1.7227262636865248e-05,1.9311904907226562e-05,0.976422490664581,1.1686011764690312,0.0001220703125,0.0,0.0
54,iid_style_32,16,1.0,0.5,OD,4.444891669108664e-05,4.060603854183498e-05,3.256389136740978e-05,3.170967102050781e-05,0.9764224906645799,1.1686011764690312,0.0001220703125,0.0,0.0
54,iid_style_32,16,1.0,0.5,OC,-0.00011234220001576922,-4.1065142980523106e-05,1.836382780084911e-05,1.5735626220703125e-05,0.9764224906645799,1.1686011764690312,0.0001220703125,0.0,0.0
54,iid_style_32,4,0.0,0.5,OD,-7.826486366302454e-05,-0.0001454382107755059,0.00010764555827336153,9.5367431640625e-05,0.976422490664581,1.1686011764690312,0.0001220703125,0.0,0.0
54,iid_style_32,4,0.0,0.5,OC,-0.00020915758131023754,8.95695021075893e-05,5.8632435411709594e-05,6.866455078125e-05,0.976422490664581,1.1686011764690312,0.0001220703125,0.0,0.0
54,iid_style_32,4,1.0,0.5,OD,0.00016965641277233434,0.0001440819708425911,0.00011192841520824004,0.000110626220703125,0.9764224906645799,1.1686011764690312,0.0001220703125,0.0,0.0
54,iid_style_32,4,1.0,0.5,OC,-0.0003591330991754571,-0.0001059777476644097,6.261302769416943e-05,5.53131103515625e-05,0.9764224906645799,1.1686011764690312,0.0001220703125,0.0,0.0
56,iid_style_32,16,0.0,0.5,OD,0.00011621514846760217,0.0001260628142230047,4.86057457322886e-05,4.1484832763671875e-05,2.6582402701776036,1.2417024932892087,0.0001220703125,0.0,7.29012135858298e-05
56,iid_style_32,16,0.0,0.5,OC,-9.239167013030958e-05,-0.00014200832619915005,3.0514652046065294e-05,3.24249267578125e-05,2.6582402701776036,1.2417024932892087,0.0001220703125,0.0,7.29012135858298e-05
56,iid_style_32,16,1.0,0.5,OD,-0.00012596036012502143,-0.00011962982877689043,4.582582233325638e-05,4.220008850097656e-05,2.6582402701776036,1.2417024932892087,0.0001220703125,0.0,7.29012135858298e-05
56,iid_style_32,16,1.0,0.5,OC,0.00027176278729679204,0.00013206812825716785,2.8737960910518723e-05,3.075599670410156e-05,2.6582402701776036,1.2417024932892087,0.0001220703125,0.0,7.29012135858298e-05
56,iid_style_32,4,0.0,0.5,OD,0.00032697453630881057,0.00035569525422762815,0.00014643984832218848,0.0001220703125,2.6582402701776036,1.2417024932892087,0.0001220703125,0.0,0.00027471246814969597
56,iid_style_32,4,0.0,0.5,OC,-0.0002690171927416385,-0.0005135761219182688,8.994941163109615e-05,9.34600830078125e-05,2.6582402701776036,1.2417024932892087,0.0001220703125,0.0,0.00027471246814969597
56,iid_style_32,4,1.0,0.5,OD,-0.0003489005140236978,-0.0003347203871338911,0.00013705422315979376,0.00012111663818359375,2.6582402701776036,1.2417024932892087,0.0001220703125,0.0,0.00027471246814969597
56,iid_style_32,4,1.0,0.5,OC,0.0008983254503230897,0.0004777915588087822,8.380421149922768e-05,9.632110595703125e-05,2.6582402701776036,1.2417024932892087,0.0001220703125,0.0,0.00027471246814969597
58,iid_style_32,16,0.0,0.5,OD,-1.2937766167953058e-05,-3.814062031337606e-05,2.8240648180855032e-05,2.2411346435546875e-05,1.0646227287787953,0.619766423238213,0.0001220703125,0.0,0.0
58,iid_style_32,16,0.0,0.5,OC,-3.206711622794067e-05,-6.083282754199004e-06,3.3952081055943495e-05,3.695487976074219e-05,1.0646227287787953,0.619766423238213,0.0001220703125,0.0,0.0
58,iid_style_32,16,1.0,0.5,OD,7.81637494867704e-05,3.622689126836498e-05,2.7218197724110382e-05,2.956390380859375e-05,1.0646227287787953,0.619766423238213,0.0001220703125,0.0,0.0
58,iid_style_32,16,1.0,0.5,OC,-0.00010208165473002406,1.490169391105134e-06,3.328470328689548e-05,3.3855438232421875e-05,1.0646227287787953,0.619766423238213,0.0001220703125,0.0,0.0
58,iid_style_32,4,0.0,0.5,OD,-6.23831388472107e-05,-0.00012893007703773662,9.184501504932996e-05,7.343292236328125e-05,1.0646227287787953,0.619766423238213,0.0001220703125,0.0,0.0
58,iid_style_32,4,0.0,0.5,OC,-0.00019166162516026652,-4.821925417264339e-05,0.00011416349661885761,0.000125885009765625,1.0646227287787953,0.619766423238213,0.0001220703125,0.0,0.0
58,iid_style_32,4,1.0,0.5,OD,0.0002672706921508228,0.0001217682526076791,8.828071258903947e-05,9.34600830078125e-05,1.0646227287787953,0.619766423238213,0.0001220703125,0.0,0.0
58,iid_style_32,4,1.0,0.5,OC,-0.0005126820710031899,2.974524949328483e-05,0.00011204686870769365,0.0001125335693359375,1.0646227287787953,0.619766423238213,0.0001220703125,0.0,0.0
60,iid_style_32,16,0.0,0.5,OD,-0.00016706658024834287,-0.00018464295996811764,7.950857402239109e-05,8.058547973632812e-05,11.432936117888644,2.22014618622112,0.0001220703125,0.0,0.0006230940707973032
60,iid_style_32,16,0.0,0.5,OC,-0.0008608061020567437,-0.0006165885242160885,6.234166439611499e-05,5.984306335449219e-05,11.432936117888644,2.22014618622112,0.0001220703125,0.0,0.0006230940707973032
60,iid_style_32,16,1.0,0.5,OD,0.00020829178797809877,0.00020002754416004187,9.024956755787628e-05,9.250640869140625e-05,11.432936117888644,2.22014618622112,0.0001220703125,0.0,0.0006230940707973032
60,iid_style_32,16,1.0,0.5,OC,0.0010378963536163965,0.0007721889394951553,7.215541311822449e-05,6.937980651855469e-05,11.432936117888644,2.22014618622112,0.0001220703125,0.0,0.0006230940707973032
60,iid_style_32,4,0.0,0.5,OD,-0.0005923379451211463,-0.0006692647979805733,0.0002721540413404,0.000263214111328125,11.432936117888644,2.22014618622112,0.0001220703125,0.0,0.0022298537451246325
60,iid_style_32,4,0.0,0.5,OC,-0.0028419966803943097,-0.00214967697230406,0.00020419207248778548,0.00019168853759765625,11.432936117888644,2.22014618622112,0.0001220703125,0.0,0.0022298537451246325
60,iid_style_32,4,1.0,0.5,OD,0.0007311892139034715,0.0007297461881623502,0.0003174401826981921,0.00031948089599609375,11.432936117888644,2.22014618622112,0.0001220703125,0.0,0.0022298537451246325
60,iid_style_32,4,1.0,0.5,OC,0.0037285182763456826,0.0027731863862217043,0.00024697445587662514,0.00024127960205078125,11.432936117888644,2.22014618622112,0.0001220703125,0.0,0.0022298537451246325
62,iid_style_32,16,0.0,0.5,OD,-0.0001977897444519483,-0.00018604725893178742,5.494375555059605e-05,5.316734313964844e-05,4.96212252704218,1.239245243791039,0.0001220703125,0.0,6.213874936378261e-06
62,iid_style_32,16,0.0,0.5,OC,0.00019070849333491235,0.00016661176815135903,3.446421114361442e-05,3.337860107421875e-05,4.96212252704218,1.239245243791039,0.0001220703125,0.0,6.213874936378261e-06
62,iid_style_32,16,1.0,0.5,OD,0.00020791360483107812,0.00019744340454308507,5.929897282186403e-05,5.650520324707031e-05,4.9621225270421805,1.239245243791039,0.0001220703125,0.0,6.213874936378261e-06
62,iid_style_32,16,1.0,0.5,OC,-0.00019548585495854365,-0.00020114384084890524,3.720042525046097e-05,3.3855438232421875e-05,4.9621225270421805,1.239245243791039,0.0001220703125,0.0,6.213874936378261e-06
62,iid_style_32,4,0.0,0.5,OD,-0.0006652121234953512,-0.0006139513169443056,0.0001808807346606045,0.00017833709716796875,4.96212252704218,1.239245243791039,0.0001220703125,0.0,1.6335985539517317e-05
62,iid_style_32,4,0.0,0.5,OC,0.0006978840945743858,0.0005805598861186034,0.00010729603673098609,0.0001049041748046875,4.96212252704218,1.239245243791039,0.0001220703125,0.0,1.6335985539517317e-05
62,iid_style_32,4,1.0,0.5,OD,0.000679423378079913,0.0006550983534392429,0.00019696926119650016,0.0001811981201171875,4.9621225270421805,1.239245243791039,0.0001220703125,0.0,1.6335985539517317e-05
62,iid_style_32,4,1.0,0.5,OC,-0.0007527137038407794,-0.0007134965462864962,0.00011766735769924708,0.0001068115234375,4.9621225270421805,1.239245243791039,0.0001220703125,0.0,1.6335985539517317e-05
