order,domain,arm,channel,dice_percent
0,REFUGE,C,OD,88.3771914422293
0,REFUGE,C,OC,83.27966210909302
0,REFUGE,C,macro,85.82842677566116
0,REFUGE,RP,OD,88.411074025397
0,REFUGE,RP,OC,83.27343977723501
0,REFUGE,RP,macro,85.84225690131602
0,REFUGE,MT,OD,88.06602129729417
0,REFUGE,MT,OC,83.21855620148467
0,REFUGE,MT,macro,85.64228874938942
0,REFUGE,MT_RP,OD,88.078335694314
0,REFUGE,MT_RP,OC,83.22801687249974
0,REFUGE,MT_RP,macro,85.65317628340686
0,REFUGE,FT,OD,87.95632475879678
0,REFUGE,FT,OC,83.0181876055407
0,REFUGE,FT,macro,85.48725618216874
0,REFUGE,FT_RP,OD,87.96005847360495
0,REFUGE,FT_RP,OC,83.04220812203693
0,REFUGE,FT_RP,macro,85.50113329782094
0,REFUGE,KDG,OD,88.38956733765497
0,REFUGE,KDG,OC,83.30208267201496
0,REFUGE,KDG,macro,85.84582500483496
0,REFUGE,K_ALL,OD,88.38722263294036
0,REFUGE,K_ALL,OC,83.30108744826856
0,REFUGE,K_ALL,macro,85.84415504060446
0,REFUGE,K_MAG,OD,88.37841237290057
0,REFUGE,K_MAG,OC,83.2801168969843
0,REFUGE,K_MAG,macro,85.82926463494243
0,REFUGE,K_FREE,OD,88.3799498185727
0,REFUGE,K_FREE,OC,83.28197858542418
0,REFUGE,K_FREE,macro,85.83096420199843
0,REFUGE,G_BOUND,OD,88.45983689774258
0,REFUGE,G_BOUND,OC,83.28935765993579
0,REFUGE,G_BOUND,macro,85.87459727883918
0,REFUGE,G_CONST,OD,88.41264827544217
0,REFUGE,G_CONST,OC,83.28624685618921
0,REFUGE,G_CONST,macro,85.8494475658157
0,REFUGE,G_SHUFFLE,OD,88.41092398087821
0,REFUGE,G_SHUFFLE,OC,83.2871522448174
0,REFUGE,G_SHUFFLE,macro,85.84903811284781
0,REFUGE,G_GLOBAL,OD,88.44831908280689
0,REFUGE,G_GLOBAL,OC,83.29413270815931
0,REFUGE,G_GLOBAL,macro,85.8712258954831
0,ORIGA,C,OD,88.25708328613436
0,ORIGA,C,OC,72.46894910986828
0,ORIGA,C,macro,80.3630161980013
0,ORIGA,RP,OD,88.22463524909729
0,ORIGA,RP,OC,72.93762762981366
0,ORIGA,RP,macro,80.58113143945548
0,ORIGA,MT,OD,85.16165909328497
0,ORIGA,MT,OC,69.23932525013555
0,ORIGA,MT,macro,77.20049217171025
0,ORIGA,MT_RP,OD,85.12467761531587
0,ORIGA,MT_RP,OC,69.85041748770837
0,ORIGA,MT_RP,macro,77.48754755151212
0,ORIGA,FT,OD,81.12461963723905
0,ORIGA,FT,OC,63.22861058074462
0,ORIGA,FT,macro,72.17661510899184
0,ORIGA,FT_RP,OD,81.04660566084819
0,ORIGA,FT_RP,OC,63.851619566774744
0,ORIGA,FT_RP,macro,72.44911261381148
0,ORIGA,KDG,OD,88.42154197066334
0,ORIGA,KDG,OC,72.57315519270242
0,ORIGA,KDG,macro,80.49734858168289
0,ORIGA,K_ALL,OD,88.42394550499915
0,ORIGA,K_ALL,OC,72.58598161820625
0,ORIGA,K_ALL,macro,80.5049635616027
0,ORIGA,K_MAG,OD,88.26247275989364
0,ORIGA,K_MAG,OC,72.47187066849763
0,ORIGA,K_MAG,macro,80.36717171419563
0,ORIGA,K_FREE,OD,88.27887760629721
0,ORIGA,K_FREE,OC,72.52321739080027
0,ORIGA,K_FREE,macro,80.40104749854873
0,ORIGA,G_BOUND,OD,88.22703232157868
0,ORIGA,G_BOUND,OC,72.15431640930828
0,ORIGA,G_BOUND,macro,80.19067436544348
0,ORIGA,G_CONST,OD,88.13389910389512
0,ORIGA,G_CONST,OC,72.23628669789366
0,ORIGA,G_CONST,macro,80.18509290089439
0,ORIGA,G_SHUFFLE,OD,88.13835895073316
0,ORIGA,G_SHUFFLE,OC,72.23559299593974
0,ORIGA,G_SHUFFLE,macro,80.18697597333643
0,ORIGA,G_GLOBAL,OD,88.17189775897012
0,ORIGA,G_GLOBAL,OC,72.1196229664286
0,ORIGA,G_GLOBAL,macro,80.14576036269936
0,REFUGE_Valid,C,OD,78.41050005855557
0,REFUGE_Valid,C,OC,59.722511469446815
0,REFUGE_Valid,C,macro,69.06650576400119
0,REFUGE_Valid,RP,OD,78.05376018695198
0,REFUGE_Valid,RP,OC,58.70903823296187
0,REFUGE_Valid,RP,macro,68.38139920995692
0,REFUGE_Valid,MT,OD,82.2948074544865
0,REFUGE_Valid,MT,OC,63.08998941845096
0,REFUGE_Valid,MT,macro,72.69239843646872
0,REFUGE_Valid,MT_RP,OD,82.11559108458925
0,REFUGE_Valid,MT_RP,OC,61.975978688925174
0,REFUGE_Valid,MT_RP,macro,72.04578488675723
0,REFUGE_Valid,FT,OD,85.10835494685672
0,REFUGE_Valid,FT,OC,67.56996767421606
0,REFUGE_Valid,FT,macro,76.33916131053638
0,REFUGE_Valid,FT_RP,OD,85.1195802013427
0,REFUGE_Valid,FT_RP,OC,66.85482436627565
0,REFUGE_Valid,FT_RP,macro,75.98720228380918
0,REFUGE_Valid,KDG,OD,78.2529460005401
0,REFUGE_Valid,KDG,OC,59.473422783022365
0,REFUGE_Valid,KDG,macro,68.86318439178123
0,REFUGE_Valid,K_ALL,OD,78.14060674999371
0,REFUGE_Valid,K_ALL,OC,59.46034522810759
0,REFUGE_Valid,K_ALL,macro,68.80047598905065
0,REFUGE_Valid,K_MAG,OD,78.42277991258335
0,REFUGE_Valid,K_MAG,OC,59.72064848552233
0,REFUGE_Valid,K_MAG,macro,69.07171419905285
0,REFUGE_Valid,K_FREE,OD,78.55737630014431
0,REFUGE_Valid,K_FREE,OC,59.68177038565249
0,REFUGE_Valid,K_FREE,macro,69.1195733428984
0,REFUGE_Valid,G_BOUND,OD,78.40255452273053
0,REFUGE_Valid,G_BOUND,OC,60.38961312674171
0,REFUGE_Valid,G_BOUND,macro,69.39608382473611
0,REFUGE_Valid,G_CONST,OD,78.52976552586537
0,REFUGE_Valid,G_CONST,OC,60.35186409669758
0,REFUGE_Valid,G_CONST,macro,69.44081481128148
0,REFUGE_Valid,G_SHUFFLE,OD,78.54896240638777
0,REFUGE_Valid,G_SHUFFLE,OC,60.35824916366623
0,REFUGE_Valid,G_SHUFFLE,macro,69.45360578502701
0,REFUGE_Valid,G_GLOBAL,OD,78.58293402299553
0,REFUGE_Valid,G_GLOBAL,OC,60.507107354431966
0,REFUGE_Valid,G_GLOBAL,macro,69.54502068871375
0,Drishti_GS,C,OD,92.94947586476542
0,Drishti_GS,C,OC,69.36867603266047
0,Drishti_GS,C,macro,81.15907594871295
0,Drishti_GS,RP,OD,93.18712377083344
0,Drishti_GS,RP,OC,71.52391085469023
0,Drishti_GS,RP,macro,82.35551731276183
0,Drishti_GS,MT,OD,89.48128817544338
0,Drishti_GS,MT,OC,66.05922825804372
0,Drishti_GS,MT,macro,77.77025821674356
0,Drishti_GS,MT_RP,OD,89.68320099087536
0,Drishti_GS,MT_RP,OC,68.59808884849647
0,Drishti_GS,MT_RP,macro,79.14064491968593
0,Drishti_GS,FT,OD,84.56287058367522
0,Drishti_GS,FT,OC,58.5463173449951
0,Drishti_GS,FT,macro,71.55459396433518
0,Drishti_GS,FT_RP,OD,84.87171804053649
0,Drishti_GS,FT_RP,OC,61.2630171984096
0,Drishti_GS,FT_RP,macro,73.06736761947306
0,Drishti_GS,KDG,OD,93.10485242208773
0,Drishti_GS,KDG,OC,69.90397708511078
0,Drishti_GS,KDG,macro,81.50441475359926
0,Drishti_GS,K_ALL,OD,93.15981068110645
0,Drishti_GS,K_ALL,OC,69.78487743224831
0,Drishti_GS,K_ALL,macro,81.47234405667737
0,Drishti_GS,K_MAG,OD,92.93626802024475
0,Drishti_GS,K_MAG,OC,69.37647784193078
0,Drishti_GS,K_MAG,macro,81.15637293108777
0,Drishti_GS,K_FREE,OD,92.8856746886348
0,Drishti_GS,K_FREE,OC,69.69649914804162
0,Drishti_GS,K_FREE,macro,81.29108691833821
0,Drishti_GS,G_BOUND,OD,92.77027203735666
0,Drishti_GS,G_BOUND,OC,68.03668887140222
0,Drishti_GS,G_BOUND,macro,80.40348045437943
0,Drishti_GS,G_CONST,OD,92.65351449272768
0,Drishti_GS,G_CONST,OC,68.12618136480367
0,Drishti_GS,G_CONST,macro,80.38984792876568
0,Drishti_GS,G_SHUFFLE,OD,92.64749981341126
0,Drishti_GS,G_SHUFFLE,OC,68.13050527550423
0,Drishti_GS,G_SHUFFLE,macro,80.38900254445775
0,Drishti_GS,G_GLOBAL,OD,92.65585544859282
0,Drishti_GS,G_GLOBAL,OC,67.92501265542377
0,Drishti_GS,G_GLOBAL,macro,80.2904340520083
1,REFUGE,C,OD,91.04440483046776
1,REFUGE,C,OC,81.06637633862896
1,REFUGE,C,macro,86.05539058454835
1,REFUGE,RP,OD,91.0006191823699
1,REFUGE,RP,OC,80.00194225689964
1,REFUGE,RP,macro,85.50128071963476
1,REFUGE,MT,OD,91.30374978776459
1,REFUGE,MT,OC,82.61667093701698
1,REFUGE,MT,macro,86.96021036239078
1,REFUGE,MT_RP,OD,91.38606632181583
1,REFUGE,MT_RP,OC,82.01237110672136
1,REFUGE,MT_RP,macro,86.69921871426861
1,REFUGE,FT,OD,88.68413948033921
1,REFUGE,FT,OC,82.757748517372
1,REFUGE,FT,macro,85.72094399885562
1,REFUGE,FT_RP,OD,88.75972032713867
1,REFUGE,FT_RP,OC,82.9689379266407
1,REFUGE,FT_RP,macro,85.86432912688969
1,REFUGE,KDG,OD,90.9136752982334
1,REFUGE,KDG,OC,80.76422203035052
1,REFUGE,KDG,macro,85.83894866429198
1,REFUGE,K_ALL,OD,90.9315382754723
1,REFUGE,K_ALL,OC,80.85004012264623
1,REFUGE,K_ALL,macro,85.89078919905926
1,REFUGE,K_MAG,OD,91.0432113105612
1,REFUGE,K_MAG,OC,81.06838790032933
1,REFUGE,K_MAG,macro,86.05579960544526
1,REFUGE,K_FREE,OD,91.0128820220096
1,REFUGE,K_FREE,OC,81.01257799693781
1,REFUGE,K_FREE,macro,86.01273000947371
1,REFUGE,G_BOUND,OD,91.12803221668086
1,REFUGE,G_BOUND,OC,81.45786818309455
1,REFUGE,G_BOUND,macro,86.29295019988771
1,REFUGE,G_CONST,OD,91.08590131339282
1,REFUGE,G_CONST,OC,81.43114484381616
1,REFUGE,G_CONST,macro,86.2585230786045
1,REFUGE,G_SHUFFLE,OD,91.08764216871067
1,REFUGE,G_SHUFFLE,OC,81.4312442955817
1,REFUGE,G_SHUFFLE,macro,86.2594432321462
1,REFUGE,G_GLOBAL,OD,91.15332925074033
1,REFUGE,G_GLOBAL,OC,81.52938590358897
1,REFUGE,G_GLOBAL,macro,86.34135757716464
1,ORIGA,C,OD,87.84554846283864
1,ORIGA,C,OC,69.85253871598225
1,ORIGA,C,macro,78.84904358941044
1,ORIGA,RP,OD,87.7881006637253
1,ORIGA,RP,OC,70.55086695193681
1,ORIGA,RP,macro,79.16948380783106
1,ORIGA,MT,OD,85.3902954104587
1,ORIGA,MT,OC,67.39126799382946
1,ORIGA,MT,macro,76.39078170214408
1,ORIGA,MT_RP,OD,85.34162226497533
1,ORIGA,MT_RP,OC,68.14760019538772
1,ORIGA,MT_RP,macro,76.74461123018153
1,ORIGA,FT,OD,81.3569595991354
1,ORIGA,FT,OC,63.090369753457516
1,ORIGA,FT,macro,72.22366467629644
1,ORIGA,FT_RP,OD,81.28056245631552
1,ORIGA,FT_RP,OC,63.88414790223072
1,ORIGA,FT_RP,macro,72.58235517927312
1,ORIGA,KDG,OD,87.99061374446434
1,ORIGA,KDG,OC,69.96799874014896
1,ORIGA,KDG,macro,78.97930624230665
1,ORIGA,K_ALL,OD,88.00315217231537
1,ORIGA,K_ALL,OC,70.00538366568802
1,ORIGA,K_ALL,macro,79.00426791900169
1,ORIGA,K_MAG,OD,87.85317996710846
1,ORIGA,K_MAG,OC,69.84462561989713
1,ORIGA,K_MAG,macro,78.84890279350279
1,ORIGA,K_FREE,OD,87.89329814145053
1,ORIGA,K_FREE,OC,69.95931046304165
1,ORIGA,K_FREE,macro,78.9263043022461
1,ORIGA,G_BOUND,OD,87.71879068389127
1,ORIGA,G_BOUND,OC,69.5206128278378
1,ORIGA,G_BOUND,macro,78.61970175586454
1,ORIGA,G_CONST,OD,87.68423003550173
1,ORIGA,G_CONST,OC,69.46288094166157
1,ORIGA,G_CONST,macro,78.57355548858163
1,ORIGA,G_SHUFFLE,OD,87.6903400554793
1,ORIGA,G_SHUFFLE,OC,69.48403479662989
1,ORIGA,G_SHUFFLE,macro,78.58718742605458
1,ORIGA,G_GLOBAL,OD,87.6994334742747
1,ORIGA,G_GLOBAL,OC,69.47325606125901
1,ORIGA,G_GLOBAL,macro,78.58634476776685
1,REFUGE_Valid,C,OD,82.49780776701517
1,REFUGE_Valid,C,OC,64.5032474911912
1,REFUGE_Valid,C,macro,73.50052762910319
1,REFUGE_Valid,RP,OD,82.25651263667314
1,REFUGE_Valid,RP,OC,64.12303628906461
1,REFUGE_Valid,RP,macro,73.18977446286888
1,REFUGE_Valid,MT,OD,84.59958714473736
1,REFUGE_Valid,MT,OC,65.73789710885438
1,REFUGE_Valid,MT,macro,75.16874212679588
1,REFUGE_Valid,MT_RP,OD,84.46557480774136
1,REFUGE_Valid,MT_RP,OC,65.4390856961744
1,REFUGE_Valid,MT_RP,macro,74.95233025195789
1,REFUGE_Valid,FT,OD,85.55698605724038
1,REFUGE_Valid,FT,OC,66.95216242021908
1,REFUGE_Valid,FT,macro,76.25457423872973
1,REFUGE_Valid,FT_RP,OD,85.53198994219187
1,REFUGE_Valid,FT_RP,OC,66.74037995434644
1,REFUGE_Valid,FT_RP,macro,76.13618494826916
1,REFUGE_Valid,KDG,OD,82.44792107595383
1,REFUGE_Valid,KDG,OC,64.48592127750105
1,REFUGE_Valid,KDG,macro,73.46692117672744
1,REFUGE_Valid,K_ALL,OD,82.44141802004532
1,REFUGE_Valid,K_ALL,OC,64.49847857720442
1,REFUGE_Valid,K_ALL,macro,73.46994829862487
1,REFUGE_Valid,K_MAG,OD,82.47366124946043
1,REFUGE_Valid,K_MAG,OC,64.49615940321135
1,REFUGE_Valid,K_MAG,macro,73.48491032633588
1,REFUGE_Valid,K_FREE,OD,82.52318031659841
1,REFUGE_Valid,K_FREE,OC,64.51322174478344
1,REFUGE_Valid,K_FREE,macro,73.51820103069092
1,REFUGE_Valid,G_BOUND,OD,82.56681111662142
1,REFUGE_Valid,G_BOUND,OC,64.69028862846525
1,REFUGE_Valid,G_BOUND,macro,73.62854987254333
1,REFUGE_Valid,G_CONST,OD,82.45346184896434
1,REFUGE_Valid,G_CONST,OC,64.65643277607433
1,REFUGE_Valid,G_CONST,macro,73.55494731251933
1,REFUGE_Valid,G_SHUFFLE,OD,82.47459227298664
1,REFUGE_Valid,G_SHUFFLE,OC,64.65826013760116
1,REFUGE_Valid,G_SHUFFLE,macro,73.56642620529391
1,REFUGE_Valid,G_GLOBAL,OD,82.67445808540202
1,REFUGE_Valid,G_GLOBAL,OC,64.74194054362057
1,REFUGE_Valid,G_GLOBAL,macro,73.7081993145113
1,Drishti_GS,C,OD,85.95899660557197
1,Drishti_GS,C,OC,61.281864065427285
1,Drishti_GS,C,macro,73.62043033549963
1,Drishti_GS,RP,OD,85.9546986187967
1,Drishti_GS,RP,OC,61.29669213895056
1,Drishti_GS,RP,macro,73.62569537887362
1,Drishti_GS,MT,OD,85.77875586784823
1,Drishti_GS,MT,OC,61.21413860958637
1,Drishti_GS,MT,macro,73.4964472387173
1,Drishti_GS,MT_RP,OD,85.77830072734407
1,Drishti_GS,MT_RP,OC,61.22748503870965
1,Drishti_GS,MT_RP,macro,73.50289288302686
1,Drishti_GS,FT,OD,85.73757811596094
1,Drishti_GS,FT,OC,61.19246309349457
1,Drishti_GS,FT,macro,73.46502060472775
1,Drishti_GS,FT_RP,OD,85.7378287967291
1,Drishti_GS,FT_RP,OC,61.20845503562702
1,Drishti_GS,FT_RP,macro,73.47314191617804
1,Drishti_GS,KDG,OD,86.0205032950465
1,Drishti_GS,KDG,OC,61.28019141508875
1,Drishti_GS,KDG,macro,73.65034735506762
1,Drishti_GS,K_ALL,OD,86.02099165905435
1,Drishti_GS,K_ALL,OC,61.26908243984996
1,Drishti_GS,K_ALL,macro,73.64503704945214
1,Drishti_GS,K_MAG,OD,85.96006574410059
1,Drishti_GS,K_MAG,OC,61.28400814391977
1,Drishti_GS,K_MAG,macro,73.62203694401019
1,Drishti_GS,K_FREE,OD,85.96802640322436
1,Drishti_GS,K_FREE,OC,61.278383756476686
1,Drishti_GS,K_FREE,macro,73.62320507985055
1,Drishti_GS,G_BOUND,OD,85.90475927996917
1,Drishti_GS,G_BOUND,OC,61.25647676739027
1,Drishti_GS,G_BOUND,macro,73.58061802367972
1,Drishti_GS,G_CONST,OD,85.8482548386341
1,Drishti_GS,G_CONST,OC,61.237907233601334
1,Drishti_GS,G_CONST,macro,73.54308103611773
1,Drishti_GS,G_SHUFFLE,OD,85.84782594604839
1,Drishti_GS,G_SHUFFLE,OC,61.238130326769465
1,Drishti_GS,G_SHUFFLE,macro,73.54297813640892
1,Drishti_GS,G_GLOBAL,OD,85.89505548753546
1,Drishti_GS,G_GLOBAL,OC,61.246492633312776
1,Drishti_GS,G_GLOBAL,macro,73.57077406042413
2,REFUGE,C,OD,90.2345238753077
2,REFUGE,C,OC,83.04122096043173
2,REFUGE,C,macro,86.63787241786973
2,REFUGE,RP,OD,90.21550057935158
2,REFUGE,RP,OC,82.90629091142041
2,REFUGE,RP,macro,86.560895745386
2,REFUGE,MT,OD,89.91219927157928
2,REFUGE,MT,OC,83.28003261798152
2,REFUGE,MT,macro,86.5961159447804
2,REFUGE,MT_RP,OD,89.90883821396096
2,REFUGE,MT_RP,OC,83.22059675949373
2,REFUGE,MT_RP,macro,86.56471748672736
2,REFUGE,FT,OD,88.54313628959892
2,REFUGE,FT,OC,82.75799032360705
2,REFUGE,FT,macro,85.65056330660298
2,REFUGE,FT_RP,OD,88.52936387556524
2,REFUGE,FT_RP,OC,82.84683450727519
2,REFUGE,FT_RP,macro,85.6880991914202
2,REFUGE,KDG,OD,90.31289238810888
2,REFUGE,KDG,OC,83.0271418672425
2,REFUGE,KDG,macro,86.67001712767569
2,REFUGE,K_ALL,OD,90.31160914565977
2,REFUGE,K_ALL,OC,83.02725145786401
2,REFUGE,K_ALL,macro,86.66943030176189
2,REFUGE,K_MAG,OD,90.23343457433377
2,REFUGE,K_MAG,OC,83.04220447358212
2,REFUGE,K_MAG,macro,86.63781952395794
2,REFUGE,K_FREE,OD,90.24064850347446
2,REFUGE,K_FREE,OC,83.03036195030813
2,REFUGE,K_FREE,macro,86.6355052268913
2,REFUGE,G_BOUND,OD,90.12016137059511
2,REFUGE,G_BOUND,OC,83.09932010076298
2,REFUGE,G_BOUND,macro,86.60974073567905
2,REFUGE,G_CONST,OD,90.02265877867124
2,REFUGE,G_CONST,OC,83.106108831288
2,REFUGE,G_CONST,macro,86.56438380497963
2,REFUGE,G_SHUFFLE,OD,90.02172685363551
2,REFUGE,G_SHUFFLE,OC,83.10530491911476
2,REFUGE,G_SHUFFLE,macro,86.56351588637514
2,REFUGE,G_GLOBAL,OD,90.08576594012126
2,REFUGE,G_GLOBAL,OC,83.11264997184948
2,REFUGE,G_GLOBAL,macro,86.59920795598538
2,ORIGA,C,OD,85.161810995662
2,ORIGA,C,OC,68.6191522319363
2,ORIGA,C,macro,76.89048161379914
2,ORIGA,RP,OD,85.18198835142033
2,ORIGA,RP,OC,68.78180644676769
2,ORIGA,RP,macro,76.981897399094
2,ORIGA,MT,OD,83.19599629567578
2,ORIGA,MT,OC,66.24519783891795
2,ORIGA,MT,macro,74.72059706729688
2,ORIGA,MT_RP,OD,83.23222318625693
2,ORIGA,MT_RP,OC,66.46695009844923
2,ORIGA,MT_RP,macro,74.84958664235307
2,ORIGA,FT,OD,80.55780595054883
2,ORIGA,FT,OC,62.73817557720418
2,ORIGA,FT,macro,71.6479907638765
2,ORIGA,FT_RP,OD,80.58111692626291
2,ORIGA,FT_RP,OC,62.9637714382276
2,ORIGA,FT_RP,macro,71.77244418224527
2,ORIGA,KDG,OD,85.32547320185498
2,ORIGA,KDG,OC,68.72035078047693
2,ORIGA,KDG,macro,77.02291199116596
2,ORIGA,K_ALL,OD,85.32511972023543
2,ORIGA,K_ALL,OC,68.72379944580982
2,ORIGA,K_ALL,macro,77.02445958302263
2,ORIGA,K_MAG,OD,85.16603276976666
2,ORIGA,K_MAG,OC,68.62404346464005
2,ORIGA,K_MAG,macro,76.89503811720337
2,ORIGA,K_FREE,OD,85.19195221355604
2,ORIGA,K_FREE,OC,68.6564403423984
2,ORIGA,K_FREE,macro,76.9241962779772
2,ORIGA,G_BOUND,OD,85.01960320892815
2,ORIGA,G_BOUND,OC,68.5026051946533
2,ORIGA,G_BOUND,macro,76.76110420179073
2,ORIGA,G_CONST,OD,84.98735278883156
2,ORIGA,G_CONST,OC,68.50283344770351
2,ORIGA,G_CONST,macro,76.74509311826752
2,ORIGA,G_SHUFFLE,OD,84.9884212093209
2,ORIGA,G_SHUFFLE,OC,68.5040688851063
2,ORIGA,G_SHUFFLE,macro,76.7462450472136
2,ORIGA,G_GLOBAL,OD,84.98410232583457
2,ORIGA,G_GLOBAL,OC,68.48568526992014
2,ORIGA,G_GLOBAL,macro,76.73489379787738
2,REFUGE_Valid,C,OD,80.88075744280204
2,REFUGE_Valid,C,OC,61.94284163547999
2,REFUGE_Valid,C,macro,71.41179953914101
2,REFUGE_Valid,RP,OD,80.56559914456669
2,REFUGE_Valid,RP,OC,61.1380835772913
2,REFUGE_Valid,RP,macro,70.85184136092899
2,REFUGE_Valid,MT,OD,82.5621076320065
2,REFUGE_Valid,MT,OC,63.684267667899654
2,REFUGE_Valid,MT,macro,73.12318764995308
2,REFUGE_Valid,MT_RP,OD,82.34416686043399
2,REFUGE_Valid,MT_RP,OC,62.89107592199503
2,REFUGE_Valid,MT_RP,macro,72.61762139121451
2,REFUGE_Valid,FT,OD,85.12857262842962
2,REFUGE_Valid,FT,OC,66.92055172095127
2,REFUGE_Valid,FT,macro,76.02456217469043
2,REFUGE_Valid,FT_RP,OD,85.13560432977975
2,REFUGE_Valid,FT_RP,OC,66.56096712460003
2,REFUGE_Valid,FT_RP,macro,75.84828572718989
2,REFUGE_Valid,KDG,OD,80.64586159111164
2,REFUGE_Valid,KDG,OC,61.7824575449517
2,REFUGE_Valid,KDG,macro,71.21415956803166
2,REFUGE_Valid,K_ALL,OD,80.68623012784376
2,REFUGE_Valid,K_ALL,OC,61.80876067963878
2,REFUGE_Valid,K_ALL,macro,71.24749540374125
2,REFUGE_Valid,K_MAG,OD,80.85287057029662
2,REFUGE_Valid,K_MAG,OC,61.933773609371
2,REFUGE_Valid,K_MAG,macro,71.39332208983382
2,REFUGE_Valid,K_FREE,OD,80.98417164321673
2,REFUGE_Valid,K_FREE,OC,61.929579843077356
2,REFUGE_Valid,K_FREE,macro,71.45687574314704
2,REFUGE_Valid,G_BOUND,OD,81.03811986135265
2,REFUGE_Valid,G_BOUND,OC,62.522232555191316
2,REFUGE_Valid,G_BOUND,macro,71.78017620827198
2,REFUGE_Valid,G_CONST,OD,80.97951325046466
2,REFUGE_Valid,G_CONST,OC,62.448763167248195
2,REFUGE_Valid,G_CONST,macro,71.71413820885644
2,REFUGE_Valid,G_SHUFFLE,OD,80.9954178198155
2,REFUGE_Valid,G_SHUFFLE,OC,62.444711423303765
2,REFUGE_Valid,G_SHUFFLE,macro,71.72006462155963
2,REFUGE_Valid,G_GLOBAL,OD,81.16488242113492
2,REFUGE_Valid,G_GLOBAL,OC,62.60726725213938
2,REFUGE_Valid,G_GLOBAL,macro,71.88607483663715
2,Drishti_GS,C,OD,89.77479869514293
2,Drishti_GS,C,OC,64.4080646100431
2,Drishti_GS,C,macro,77.09143165259302
2,Drishti_GS,RP,OD,89.74844229965794
2,Drishti_GS,RP,OC,65.210776481539
2,Drishti_GS,RP,macro,77.47960939059848
2,Drishti_GS,MT,OD,88.28287993202177
2,Drishti_GS,MT,OC,63.01222152609955
2,Drishti_GS,MT,macro,75.64755072906065
2,Drishti_GS,MT_RP,OD,88.26436829429275
2,Drishti_GS,MT_RP,OC,63.93205594115529
2,Drishti_GS,MT_RP,macro,76.09821211772403
2,Drishti_GS,FT,OD,85.99945988186238
2,Drishti_GS,FT,OC,60.78103731221403
2,Drishti_GS,FT,macro,73.39024859703821
2,Drishti_GS,FT_RP,OD,85.95593263649721
2,Drishti_GS,FT_RP,OC,61.56475185584112
2,Drishti_GS,FT_RP,macro,73.76034224616916
2,Drishti_GS,KDG,OD,89.97059272595565
2,Drishti_GS,KDG,OC,64.4856883463091
2,Drishti_GS,KDG,macro,77.22814053613237
2,Drishti_GS,K_ALL,OD,89.9710139140351
2,Drishti_GS,K_ALL,OC,64.4810717580801
2,Drishti_GS,K_ALL,macro,77.22604283605762
2,Drishti_GS,K_MAG,OD,89.77552762080258
2,Drishti_GS,K_MAG,OC,64.40433726451768
2,Drishti_GS,K_MAG,macro,77.08993244266013
2,Drishti_GS,K_FREE,OD,89.79750241236931
2,Drishti_GS,K_FREE,OC,64.50419576846505
2,Drishti_GS,K_FREE,macro,77.15084909041717
2,Drishti_GS,G_BOUND,OD,89.51220179132021
2,Drishti_GS,G_BOUND,OC,64.12226292518858
2,Drishti_GS,G_BOUND,macro,76.81723235825442
2,Drishti_GS,G_CONST,OD,89.35391668756644
2,Drishti_GS,G_CONST,OC,64.10424384057092
2,Drishti_GS,G_CONST,macro,76.72908026406868
2,Drishti_GS,G_SHUFFLE,OD,89.35335656922291
2,Drishti_GS,G_SHUFFLE,OC,64.11306715242712
2,Drishti_GS,G_SHUFFLE,macro,76.73321186082501
2,Drishti_GS,G_GLOBAL,OD,89.4463126047005
2,Drishti_GS,G_GLOBAL,OC,64.0678274142883
2,Drishti_GS,G_GLOBAL,macro,76.7570700094944
3,REFUGE,C,OD,91.1475014106275
3,REFUGE,C,OC,82.83879939120862
3,REFUGE,C,macro,86.99315040091807
3,REFUGE,RP,OD,91.21020976130796
3,REFUGE,RP,OC,82.49352234679468
3,REFUGE,RP,macro,86.85186605405133
3,REFUGE,MT,OD,89.95823117243651
3,REFUGE,MT,OC,83.18005935489812
3,REFUGE,MT,macro,86.56914526366732
3,REFUGE,MT_RP,OD,89.99199941778302
3,REFUGE,MT_RP,OC,83.04318177788578
3,REFUGE,MT_RP,macro,86.51759059783438
3,REFUGE,FT,OD,88.35128135760141
3,REFUGE,FT,OC,83.05870446776501
3,REFUGE,FT,macro,85.70499291268321
3,REFUGE,FT_RP,OD,88.29758688797521
3,REFUGE,FT_RP,OC,83.18156834297272
3,REFUGE,FT_RP,macro,85.73957761547396
3,REFUGE,KDG,OD,91.16622258936523
3,REFUGE,KDG,OC,82.82475760907181
3,REFUGE,KDG,macro,86.99549009921851
3,REFUGE,K_ALL,OD,91.17741467020502
3,REFUGE,K_ALL,OC,82.81369045817763
3,REFUGE,K_ALL,macro,86.99555256419133
3,REFUGE,K_MAG,OD,91.14952904453465
3,REFUGE,K_MAG,OC,82.83753864536865
3,REFUGE,K_MAG,macro,86.99353384495164
3,REFUGE,K_FREE,OD,91.16339000808249
3,REFUGE,K_FREE,OC,82.8239138458373
3,REFUGE,K_FREE,macro,86.99365192695988
3,REFUGE,G_BOUND,OD,91.2195501382868
3,REFUGE,G_BOUND,OC,82.88336766135106
3,REFUGE,G_BOUND,macro,87.05145889981893
3,REFUGE,G_CONST,OD,91.29887671304736
3,REFUGE,G_CONST,OC,82.8326241396162
3,REFUGE,G_CONST,macro,87.06575042633179
3,REFUGE,G_SHUFFLE,OD,91.29934749996467
3,REFUGE,G_SHUFFLE,OC,82.83239252037706
3,REFUGE,G_SHUFFLE,macro,87.06587001017087
3,REFUGE,G_GLOBAL,OD,91.1966726779782
3,REFUGE,G_GLOBAL,OC,82.9041268746514
3,REFUGE,G_GLOBAL,macro,87.05039977631479
3,ORIGA,C,OD,88.25137226105925
3,ORIGA,C,OC,69.49208926544902
3,ORIGA,C,macro,78.87173076325413
3,ORIGA,RP,OD,88.23596532429333
3,ORIGA,RP,OC,71.36541554249655
3,ORIGA,RP,macro,79.80069043339495
3,ORIGA,MT,OD,85.66144942737131
3,ORIGA,MT,OC,66.94626614939781
3,ORIGA,MT,macro,76.30385778838456
3,ORIGA,MT_RP,OD,85.56484299792713
3,ORIGA,MT_RP,OC,68.70214312513154
3,ORIGA,MT_RP,macro,77.13349306152934
3,ORIGA,FT,OD,81.16675570453901
3,ORIGA,FT,OC,62.976515658670166
3,ORIGA,FT,macro,72.07163568160459
3,ORIGA,FT_RP,OD,81.06155566209176
3,ORIGA,FT_RP,OC,64.23404748805521
3,ORIGA,FT_RP,macro,72.64780157507349
3,ORIGA,KDG,OD,88.44098845256438
3,ORIGA,KDG,OC,69.76388744969223
3,ORIGA,KDG,macro,79.1024379511283
3,ORIGA,K_ALL,OD,88.40059326007373
3,ORIGA,K_ALL,OC,69.66326095418408
3,ORIGA,K_ALL,macro,79.03192710712892
3,ORIGA,K_MAG,OD,88.26680468650775
3,ORIGA,K_MAG,OC,69.52752367233155
3,ORIGA,K_MAG,macro,78.89716417941966
3,ORIGA,K_FREE,OD,88.2867525047864
3,ORIGA,K_FREE,OC,69.564550339795
3,ORIGA,K_FREE,macro,78.92565142229071
3,ORIGA,G_BOUND,OD,88.17198710429707
3,ORIGA,G_BOUND,OC,68.95428333629242
3,ORIGA,G_BOUND,macro,78.56313522029475
3,ORIGA,G_CONST,OD,88.07599678030459
3,ORIGA,G_CONST,OC,68.84256320447899
3,ORIGA,G_CONST,macro,78.45927999239179
3,ORIGA,G_SHUFFLE,OD,88.07264055274791
3,ORIGA,G_SHUFFLE,OC,68.83925938898405
3,ORIGA,G_SHUFFLE,macro,78.45594997086597
3,ORIGA,G_GLOBAL,OD,88.19431040859062
3,ORIGA,G_GLOBAL,OC,68.94264060646286
3,ORIGA,G_GLOBAL,macro,78.56847550752674
3,REFUGE_Valid,C,OD,84.82521665485947
3,REFUGE_Valid,C,OC,65.57989099161321
3,REFUGE_Valid,C,macro,75.20255382323634
3,REFUGE_Valid,RP,OD,84.70813651365447
3,REFUGE_Valid,RP,OC,65.10056608218278
3,REFUGE_Valid,RP,macro,74.90435129791862
3,REFUGE_Valid,MT,OD,85.57057546809496
3,REFUGE_Valid,MT,OC,66.13628744682242
3,REFUGE_Valid,MT,macro,75.85343145745868
3,REFUGE_Valid,MT_RP,OD,85.52842914325463
3,REFUGE_Valid,MT_RP,OC,65.72281062963252
3,REFUGE_Valid,MT_RP,macro,75.62561988644357
3,REFUGE_Valid,FT,OD,85.88377354718038
3,REFUGE_Valid,FT,OC,66.82401419951792
3,REFUGE_Valid,FT,macro,76.35389387334916
3,REFUGE_Valid,FT_RP,OD,85.89547849024602
3,REFUGE_Valid,FT_RP,OC,66.47654255543432
3,REFUGE_Valid,FT_RP,macro,76.18601052284016
3,REFUGE_Valid,KDG,OD,84.80029455541215
3,REFUGE_Valid,KDG,OC,65.57087123080585
3,REFUGE_Valid,KDG,macro,75.185582893109
3,REFUGE_Valid,K_ALL,OD,84.78165977846449
3,REFUGE_Valid,K_ALL,OC,65.57507671500805
3,REFUGE_Valid,K_ALL,macro,75.17836824673627
3,REFUGE_Valid,K_MAG,OD,84.82116027067873
3,REFUGE_Valid,K_MAG,OC,65.57788560482146
3,REFUGE_Valid,K_MAG,macro,75.1995229377501
3,REFUGE_Valid,K_FREE,OD,84.81049729755915
3,REFUGE_Valid,K_FREE,OC,65.57598605861817
3,REFUGE_Valid,K_FREE,macro,75.19324167808867
3,REFUGE_Valid,G_BOUND,OD,84.8580878922437
3,REFUGE_Valid,G_BOUND,OC,65.69656012387061
3,REFUGE_Valid,G_BOUND,macro,75.27732400805715
3,REFUGE_Valid,G_CONST,OD,84.70294728088292
3,REFUGE_Valid,G_CONST,OC,65.63031159684421
3,REFUGE_Valid,G_CONST,macro,75.16662943886357
3,REFUGE_Valid,G_SHUFFLE,OD,84.70413607429258
3,REFUGE_Valid,G_SHUFFLE,OC,65.62672914902521
3,REFUGE_Valid,G_SHUFFLE,macro,75.16543261165887
3,REFUGE_Valid,G_GLOBAL,OD,84.91361184082561
3,REFUGE_Valid,G_GLOBAL,OC,65.71056953648194
3,REFUGE_Valid,G_GLOBAL,macro,75.31209068865377
3,Drishti_GS,C,OD,91.95395174735668
3,Drishti_GS,C,OC,60.520319155717466
3,Drishti_GS,C,macro,76.2371354515371
3,Drishti_GS,RP,OD,91.96413388447868
3,Drishti_GS,RP,OC,64.837962846053
3,Drishti_GS,RP,macro,78.40104836526582
3,Drishti_GS,MT,OD,89.24121771048928
3,Drishti_GS,MT,OC,60.866180917335875
3,Drishti_GS,MT,macro,75.05369931391259
3,Drishti_GS,MT_RP,OD,89.20699724504135
3,Drishti_GS,MT_RP,OC,64.19271079236353
3,Drishti_GS,MT_RP,macro,76.69985401870242
3,Drishti_GS,FT,OD,86.17360808827694
3,Drishti_GS,FT,OC,60.486773630932596
3,Drishti_GS,FT,macro,73.33019085960476
3,Drishti_GS,FT_RP,OD,86.06393375486097
3,Drishti_GS,FT_RP,OC,62.238460643571095
3,Drishti_GS,FT_RP,macro,74.15119719921603
3,Drishti_GS,KDG,OD,92.02466659371105
3,Drishti_GS,KDG,OC,60.59869690931034
3,Drishti_GS,KDG,macro,76.31168175151069
3,Drishti_GS,K_ALL,OD,92.05087975271422
3,Drishti_GS,K_ALL,OC,60.473130555039376
3,Drishti_GS,K_ALL,macro,76.2620051538768
3,Drishti_GS,K_MAG,OD,91.94922571951302
3,Drishti_GS,K_MAG,OC,60.546850168350126
3,Drishti_GS,K_MAG,macro,76.24803794393158
3,Drishti_GS,K_FREE,OD,91.98227495855296
3,Drishti_GS,K_FREE,OC,60.479256698103924
3,Drishti_GS,K_FREE,macro,76.23076582832846
3,Drishti_GS,G_BOUND,OD,92.06816507378399
3,Drishti_GS,G_BOUND,OC,59.53283648743701
3,Drishti_GS,G_BOUND,macro,75.80050078061049
3,Drishti_GS,G_CONST,OD,92.26892616227023
3,Drishti_GS,G_CONST,OC,59.40625261425022
3,Drishti_GS,G_CONST,macro,75.83758938826023
3,Drishti_GS,G_SHUFFLE,OD,92.27498536280964
3,Drishti_GS,G_SHUFFLE,OC,59.41801649284755
3,Drishti_GS,G_SHUFFLE,macro,75.8465009278286
3,Drishti_GS,G_GLOBAL,OD,91.96282007056489
3,Drishti_GS,G_GLOBAL,OC,59.51264916215021
3,Drishti_GS,G_GLOBAL,macro,75.73773461635754
4,REFUGE,C,OD,90.00174390334466
4,REFUGE,C,OC,83.02825628989116
4,REFUGE,C,macro,86.51500009661792
4,REFUGE,RP,OD,90.02022066018121
4,REFUGE,RP,OC,82.85221269917245
4,REFUGE,RP,macro,86.43621667967685
4,REFUGE,MT,OD,89.4751575639867
4,REFUGE,MT,OC,83.33883269247826
4,REFUGE,MT,macro,86.40699512823248
4,REFUGE,MT_RP,OD,89.49435039510752
4,REFUGE,MT_RP,OC,83.24656602562615
4,REFUGE,MT_RP,macro,86.37045821036683
4,REFUGE,FT,OD,88.47539469236516
4,REFUGE,FT,OC,82.98622199158055
4,REFUGE,FT,macro,85.73080834197286
4,REFUGE,FT_RP,OD,88.485158501376
4,REFUGE,FT_RP,OC,83.02600227413876
4,REFUGE,FT_RP,macro,85.75558038775738
4,REFUGE,KDG,OD,90.02356516166196
4,REFUGE,KDG,OC,82.99824803356543
4,REFUGE,KDG,macro,86.5109065976137
4,REFUGE,K_ALL,OD,90.02561159829943
4,REFUGE,K_ALL,OC,82.99673775860234
4,REFUGE,K_ALL,macro,86.51117467845089
4,REFUGE,K_MAG,OD,90.00600672795971
4,REFUGE,K_MAG,OC,83.02386948885729
4,REFUGE,K_MAG,macro,86.5149381084085
4,REFUGE,K_FREE,OD,90.00705856756747
4,REFUGE,K_FREE,OC,83.0156165120922
4,REFUGE,K_FREE,macro,86.51133753982982
4,REFUGE,G_BOUND,OD,89.94142790528969
4,REFUGE,G_BOUND,OC,83.10818518160491
4,REFUGE,G_BOUND,macro,86.5248065434473
4,REFUGE,G_CONST,OD,89.94069787818763
4,REFUGE,G_CONST,OC,83.09367470282875
4,REFUGE,G_CONST,macro,86.51718629050819
4,REFUGE,G_SHUFFLE,OD,89.93953600417902
4,REFUGE,G_SHUFFLE,OC,83.09601285603601
4,REFUGE,G_SHUFFLE,macro,86.51777443010752
4,REFUGE,G_GLOBAL,OD,89.90970694464512
4,REFUGE,G_GLOBAL,OC,83.12202997024922
4,REFUGE,G_GLOBAL,macro,86.51586845744717
4,ORIGA,C,OD,87.25338612732756
4,ORIGA,C,OC,70.36741123729323
4,ORIGA,C,macro,78.81039868231038
4,ORIGA,RP,OD,87.25862301102985
4,ORIGA,RP,OC,70.8392454942325
4,ORIGA,RP,macro,79.04893425263118
4,ORIGA,MT,OD,85.29480390791267
4,ORIGA,MT,OC,68.41185635133061
4,ORIGA,MT,macro,76.85333012962164
4,ORIGA,MT_RP,OD,85.29589754736588
4,ORIGA,MT_RP,OC,68.93377252985262
4,ORIGA,MT_RP,macro,77.11483503860924
4,ORIGA,FT,OD,80.68314882775404
4,ORIGA,FT,OC,62.81358773955792
4,ORIGA,FT,macro,71.74836828365598
4,ORIGA,FT_RP,OD,80.63843313143273
4,ORIGA,FT_RP,OC,63.289621303889085
4,ORIGA,FT_RP,macro,71.96402721766091
4,ORIGA,KDG,OD,87.4129638211064
4,ORIGA,KDG,OC,70.53336325287265
4,ORIGA,KDG,macro,78.97316353698953
4,ORIGA,K_ALL,OD,87.39798665544815
4,ORIGA,K_ALL,OC,70.5232006867713
4,ORIGA,K_ALL,macro,78.96059367110972
4,ORIGA,K_MAG,OD,87.26331890668052
4,ORIGA,K_MAG,OC,70.37044270060058
4,ORIGA,K_MAG,macro,78.81688080364054
4,ORIGA,K_FREE,OD,87.28429706066974
4,ORIGA,K_FREE,OC,70.4441949469577
4,ORIGA,K_FREE,macro,78.86424600381372
4,ORIGA,G_BOUND,OD,87.07830265654492
4,ORIGA,G_BOUND,OC,70.05881897441162
4,ORIGA,G_BOUND,macro,78.56856081547826
4,ORIGA,G_CONST,OD,87.04980210074571
4,ORIGA,G_CONST,OC,70.07682323449033
4,ORIGA,G_CONST,macro,78.56331266761802
4,ORIGA,G_SHUFFLE,OD,87.05517858562808
4,ORIGA,G_SHUFFLE,OC,70.09001094546244
4,ORIGA,G_SHUFFLE,macro,78.57259476554526
4,ORIGA,G_GLOBAL,OD,87.03936488551749
4,ORIGA,G_GLOBAL,OC,70.03789236690591
4,ORIGA,G_GLOBAL,macro,78.5386286262117
4,REFUGE_Valid,C,OD,80.91582639285913
4,REFUGE_Valid,C,OC,62.008253082915644
4,REFUGE_Valid,C,macro,71.46203973788737
4,REFUGE_Valid,RP,OD,80.58610387253735
4,REFUGE_Valid,RP,OC,61.235589853475496
4,REFUGE_Valid,RP,macro,70.91084686300643
4,REFUGE_Valid,MT,OD,83.296635370069
4,REFUGE_Valid,MT,OC,63.89099515581592
4,REFUGE_Valid,MT,macro,73.59381526294247
4,REFUGE_Valid,MT_RP,OD,83.1603880862292
4,REFUGE_Valid,MT_RP,OC,63.23533970404704
4,REFUGE_Valid,MT_RP,macro,73.19786389513813
4,REFUGE_Valid,FT,OD,85.30769030807332
4,REFUGE_Valid,FT,OC,67.09689498401764
4,REFUGE_Valid,FT,macro,76.20229264604549
4,REFUGE_Valid,FT_RP,OD,85.3036266546746
4,REFUGE_Valid,FT_RP,OC,66.71331464877075
4,REFUGE_Valid,FT_RP,macro,76.00847065172267
4,REFUGE_Valid,KDG,OD,80.832757451573
4,REFUGE_Valid,KDG,OC,61.84002941023545
4,REFUGE_Valid,KDG,macro,71.33639343090422
4,REFUGE_Valid,K_ALL,OD,80.80743744370366
4,REFUGE_Valid,K_ALL,OC,61.8515802159767
4,REFUGE_Valid,K_ALL,macro,71.3295088298402
4,REFUGE_Valid,K_MAG,OD,80.90039475811383
4,REFUGE_Valid,K_MAG,OC,62.003770519767
4,REFUGE_Valid,K_MAG,macro,71.45208263894041
4,REFUGE_Valid,K_FREE,OD,80.92276510889998
4,REFUGE_Valid,K_FREE,OC,61.94437644038186
4,REFUGE_Valid,K_FREE,macro,71.43357077464093
4,REFUGE_Valid,G_BOUND,OD,81.14642612383862
4,REFUGE_Valid,G_BOUND,OC,62.54747209744995
4,REFUGE_Valid,G_BOUND,macro,71.84694911064429
4,REFUGE_Valid,G_CONST,OD,81.05801544712902
4,REFUGE_Valid,G_CONST,OC,62.479357370919914
4,REFUGE_Valid,G_CONST,macro,71.76868640902447
4,REFUGE_Valid,G_SHUFFLE,OD,81.08521311570557
4,REFUGE_Valid,G_SHUFFLE,OC,62.48282148471301
4,REFUGE_Valid,G_SHUFFLE,macro,71.78401730020929
4,REFUGE_Valid,G_GLOBAL,OD,81.27295770664641
4,REFUGE_Valid,G_GLOBAL,OC,62.63224658760553
4,REFUGE_Valid,G_GLOBAL,macro,71.95260214712597
4,Drishti_GS,C,OD,87.67842526274647
4,Drishti_GS,C,OC,62.116052283901055
4,Drishti_GS,C,macro,74.89723877332376
4,Drishti_GS,RP,OD,87.69436330257857
4,Drishti_GS,RP,OC,62.463105908223476
4,Drishti_GS,RP,macro,75.07873460540104
4,Drishti_GS,MT,OD,86.85753834100836
4,Drishti_GS,MT,OC,61.49583394578662
4,Drishti_GS,MT,macro,74.17668614339748
4,Drishti_GS,MT_RP,OD,86.85818798683121
4,Drishti_GS,MT_RP,OC,61.8193871320597
4,Drishti_GS,MT_RP,macro,74.33878755944546
4,Drishti_GS,FT,OD,86.2605397140316
4,Drishti_GS,FT,OC,60.92969938814827
4,Drishti_GS,FT,macro,73.59511955108997
4,Drishti_GS,FT_RP,OD,86.2543025055411
4,Drishti_GS,FT_RP,OC,61.25256618674255
4,Drishti_GS,FT_RP,macro,73.75343434614183
4,Drishti_GS,KDG,OD,87.74363251358024
4,Drishti_GS,KDG,OC,62.08732530099166
4,Drishti_GS,KDG,macro,74.91547890728594
4,Drishti_GS,K_ALL,OD,87.73449694153878
4,Drishti_GS,K_ALL,OC,62.10923140951795
4,Drishti_GS,K_ALL,macro,74.92186417552837
4,Drishti_GS,K_MAG,OD,87.68532275967686
4,Drishti_GS,K_MAG,OC,62.116029761919826
4,Drishti_GS,K_MAG,macro,74.90067626079836
4,Drishti_GS,K_FREE,OD,87.6938651616269
4,Drishti_GS,K_FREE,OC,62.17408213377164
4,Drishti_GS,K_FREE,macro,74.93397364769928
4,Drishti_GS,G_BOUND,OD,87.59145753654651
4,Drishti_GS,G_BOUND,OC,61.985277086155314
4,Drishti_GS,G_BOUND,macro,74.78836731135092
4,Drishti_GS,G_CONST,OD,87.56042546902322
4,Drishti_GS,G_CONST,OC,61.982056451030665
4,Drishti_GS,G_CONST,macro,74.77124096002694
4,Drishti_GS,G_SHUFFLE,OD,87.56092128970037
4,Drishti_GS,G_SHUFFLE,OC,61.98480284159359
4,Drishti_GS,G_SHUFFLE,macro,74.77286206564698
4,Drishti_GS,G_GLOBAL,OD,87.5518181430895
4,Drishti_GS,G_GLOBAL,OC,61.956190152358026
4,Drishti_GS,G_GLOBAL,macro,74.75400414772379
