stream,control,channel,metric,inferential_status,n_rows,n_unique,n_defined,n_missing,support,mean,median,p10,p90,minimum,worst_decile_mean,tail_count,positive,negative,zero,weight_sum,weighted_conditional_mean,signed_net,positive_mass,negative_mass,macro_contribution,primary_contribution,null_reason
0,C,OD,delta_pre,POST_HOC_EXPLORATORY,1695,1695,1695,0,DESCRIPTIVE,-2.0916363648799288,-0.527985361812469,-6.698945297223619,1.8395449507277795,-11.671743465693417,-7.451955520255725,170,698,996,1,1.0,-0.7167045057512994,-0.7167045057512994,0.84183424666082,-1.5585387524121195,-0.3583522528756497,-0.17917612643782485,
0,C,OD,delta_step,POST_HOC_EXPLORATORY,1695,1695,1695,0,DESCRIPTIVE,-0.00098486269443465,-0.0012564238114407544,-0.02112840062999055,0.019381697795043364,-1.0916546104962634,-0.05161179351274315,170,776,914,5,1.0,-0.0011813668497579724,-0.0011813668497579724,0.0064636633833898794,-0.007645030233147851,-0.0005906834248789862,-0.0002953417124394931,
0,C,OD,delta_post,POST_HOC_EXPLORATORY,1695,1695,1695,0,DESCRIPTIVE,-2.0926212275743636,-0.5418178749754077,-6.698180627587012,1.8384163617295912,-11.474685611949688,-7.4475689035801995,170,695,1000,0,1.0,-0.7178858726010574,-0.7178858726010574,0.8419066735079264,-1.5597925461089839,-0.3589429363005287,-0.17947146815026435,
0,C,OC,delta_pre,POST_HOC_EXPLORATORY,1695,1695,1695,0,DESCRIPTIVE,-1.600598955567104,-1.146434987056935,-5.481772856892567,2.2831159745627323,-8.343311605744518,-6.146412611261758,170,613,1081,1,1.0,0.16133231971492232,0.16133231971492232,1.675448769959653,-1.5141164502447308,0.08066615985746116,0.04033307992873058,
0,C,OC,delta_step,POST_HOC_EXPLORATORY,1695,1695,1695,0,DESCRIPTIVE,-0.0013619106952946383,-0.00015226717323457706,-0.029679014580534614,0.03165211705948536,-3.345073598054796,-0.08116293081146439,170,833,854,8,1.0,0.0014165096416118954,0.0014165096416118954,0.01239054594111523,-0.010974036299503335,0.0007082548208059477,0.00035412741040297385,
0,C,OC,delta_post,POST_HOC_EXPLORATORY,1695,1695,1695,0,DESCRIPTIVE,-1.6019608662623988,-1.14227348737343,-5.482052097380259,2.286090235443908,-8.334282592560527,-6.144213899947372,170,612,1083,0,1.0,0.16274882935653417,0.16274882935653417,1.6769867277624342,-1.5142378984059,0.08137441467826709,0.040687207339133544,
0,C,macro,delta_pre,POST_HOC_EXPLORATORY,1695,1695,1695,0,DESCRIPTIVE,-1.8461176602235165,-0.6500500027869265,-5.925936604470218,1.9072393743700007,-7.9494689209965586,-6.380915902526486,170,665,1029,1,1.0,-0.2776860930181886,-0.2776860930181886,1.1921583016324757,-1.4698443946506643,-0.2776860930181886,-0.1388430465090943,
0,C,macro,delta_step,POST_HOC_EXPLORATORY,1695,1695,1695,0,DESCRIPTIVE,-0.0011733866948646441,-0.0003844707759093069,-0.01972367554842833,0.020129906541565396,-1.7405410033397857,-0.05615090001885631,170,822,873,0,1.0,0.00011757139592696148,0.00011757139592696148,0.00763832197865862,-0.007520750582731659,0.00011757139592696148,5.878569796348074e-05,
0,C,macro,delta_post,POST_HOC_EXPLORATORY,1695,1695,1695,0,DESCRIPTIVE,-1.8472910469183812,-0.6695690271165446,-5.922012209662112,1.9106691715926136,-7.95917848331711,-6.379936113779342,170,667,1028,0,1.0,-0.2775685216222616,-0.2775685216222616,1.1928889821023265,-1.4704575037245882,-0.2775685216222616,-0.1387842608111308,
0,R_SCALE,OD,delta_pre,POST_HOC_EXPLORATORY,1695,1695,1695,0,DESCRIPTIVE,-0.4884304653689635,-0.4317138721497713,-1.393624627019463,0.34784024682818776,-3.3917582942365954,-1.847678198438964,170,437,1256,2,1.0,-0.38647276244417167,-0.38647276244417167,0.07481232454705648,-0.46128508699122817,-0.19323638122208583,-0.09661819061104292,
0,R_SCALE,OD,delta_step,POST_HOC_EXPLORATORY,1695,1695,1695,0,DESCRIPTIVE,0.0003941693562278694,8.597613695826567e-05,-0.018857548644737675,0.01834498623841228,-0.515050483036319,-0.03706567553099129,170,861,831,3,1.0,-0.00019875693796358508,-0.00019875693796358508,0.005728754780268112,-0.005927511718231698,-9.937846898179254e-05,-4.968923449089627e-05,
0,R_SCALE,OD,delta_post,POST_HOC_EXPLORATORY,1695,1695,1695,0,DESCRIPTIVE,-0.4880362960127356,-0.42518959774319853,-1.3980314586147984,0.35372984627693166,-3.213754444888835,-1.8463838677337514,170,440,1255,0,1.0,-0.3866715193821353,-0.3866715193821353,0.07498310911615623,-0.4616546284982915,-0.19333575969106764,-0.09666787984553382,
0,R_SCALE,OC,delta_pre,POST_HOC_EXPLORATORY,1695,1695,1695,0,DESCRIPTIVE,-0.0926081020669609,-0.23045733975007465,-0.8498477825709756,0.8315637571291276,-3.5495553622920255,-1.2684645299981823,170,588,1105,2,1.0,0.035016215950817595,0.035016215950817595,0.3127115786236408,-0.2776953626728232,0.017508107975408797,0.008754053987704399,
0,R_SCALE,OC,delta_step,POST_HOC_EXPLORATORY,1695,1695,1695,0,DESCRIPTIVE,0.00040958868254583914,0.0001947723109445576,-0.026421768012374967,0.029426525449861178,-1.925768987849544,-0.06526157980847401,170,894,788,13,1.0,0.001527138008397765,0.001527138008397765,0.011185524203619047,-0.009658386195221282,0.0007635690041988825,0.00038178450209944126,
0,R_SCALE,OC,delta_post,POST_HOC_EXPLORATORY,1695,1695,1695,0,DESCRIPTIVE,-0.09219851338441507,-0.22890973171036677,-0.8521546978923482,0.8407418812396691,-3.243346337398421,-1.2666778739338966,170,591,1104,0,1.0,0.03654335395921536,0.03654335395921536,0.31348803282749466,-0.2769446788682793,0.01827167697960768,0.00913583848980384,
0,R_SCALE,macro,delta_pre,POST_HOC_EXPLORATORY,1695,1695,1695,0,DESCRIPTIVE,-0.2905192837179622,-0.3345733398902695,-0.9735596887991527,0.4138075815270115,-2.6225234120121,-1.2595916800492257,170,526,1168,1,1.0,-0.17572827324667703,-0.17572827324667703,0.14027416738314283,-0.31600244062981986,-0.17572827324667703,-0.08786413662333852,
0,R_SCALE,macro,delta_step,POST_HOC_EXPLORATORY,1695,1695,1695,0,DESCRIPTIVE,0.00040187901938685427,0.0006177891015859416,-0.016934589027205505,0.018743777171152953,-0.9074641714196297,-0.04106358109236012,170,877,818,0,1.0,0.0006641905352170901,0.0006641905352170901,0.006819046510457111,-0.0061548559752400206,0.0006641905352170901,0.00033209526760854505,
0,R_SCALE,macro,delta_post,POST_HOC_EXPLORATORY,1695,1695,1695,0,DESCRIPTIVE,-0.29011740469857533,-0.3379672074165576,-0.9723625336244013,0.4159059642274431,-2.629260564639438,-1.2555717627048981,170,527,1168,0,1.0,-0.17506408271145996,-0.17506408271145996,0.1403359970768072,-0.3154000797882672,-0.17506408271145996,-0.08753204135572998,
0,R_SHUFFLE,OD,delta_pre,POST_HOC_EXPLORATORY,1695,1695,1695,0,DESCRIPTIVE,-0.36759122374346986,-0.2559552865865413,-1.1337908506048109,0.2633057444524157,-3.4099833218506177,-1.7344948192013772,170,482,1211,2,1.0,-0.3458610641094883,-0.3458610641094883,0.06296722149791444,-0.40882828560740275,-0.17293053205474415,-0.08646526602737208,
0,R_SHUFFLE,OD,delta_step,POST_HOC_EXPLORATORY,1695,1695,1695,0,DESCRIPTIVE,0.0006075122576070935,-8.14557525075088e-06,-0.017103576935417662,0.017020550289849723,-0.4388928935536853,-0.03431504182551321,170,840,852,3,1.0,-0.00020206297239046774,-0.00020206297239046774,0.005433701273053411,-0.0056357642454438785,-0.00010103148619523387,-5.0515743097616935e-05,
0,R_SHUFFLE,OD,delta_post,POST_HOC_EXPLORATORY,1695,1695,1695,0,DESCRIPTIVE,-0.3669837114858628,-0.25406756053793345,-1.1320744568684291,0.2601340046479209,-3.3992425270563587,-1.7308350034849516,170,483,1212,0,1.0,-0.34606312708187875,-0.34606312708187875,0.06296365553726849,-0.4090267826191472,-0.17303156354093938,-0.08651578177046969,
0,R_SHUFFLE,OC,delta_pre,POST_HOC_EXPLORATORY,1695,1695,1695,0,DESCRIPTIVE,-0.010232475324038226,-0.10584480900990911,-0.7281342330114896,0.8481716098489276,-3.2695008097176697,-1.2259185448559096,170,649,1043,3,1.0,0.08791880870518115,0.08791880870518115,0.3135877408820906,-0.22566893217690945,0.043959404352590575,0.021979702176295288,
0,R_SHUFFLE,OC,delta_step,POST_HOC_EXPLORATORY,1695,1695,1695,0,DESCRIPTIVE,-0.00012148999307692531,0.0001783994242572362,-0.027015908450226788,0.028111229835602127,-1.9772050328599988,-0.06820833339809725,170,885,798,12,1.0,0.0017382493758817791,0.0017382493758817791,0.01123017008148346,-0.009491920705601682,0.0008691246879408896,0.0004345623439704448,
0,R_SHUFFLE,OC,delta_post,POST_HOC_EXPLORATORY,1695,1695,1695,0,DESCRIPTIVE,-0.010353965317115152,-0.10373196711066157,-0.723697887773261,0.8463632036615373,-2.9636026810710234,-1.2256430700728684,170,659,1033,3,1.0,0.08965705808106293,0.08965705808106293,0.3141410783876259,-0.224484020306563,0.044828529040531466,0.022414264520265733,
0,R_SHUFFLE,macro,delta_pre,POST_HOC_EXPLORATORY,1695,1695,1695,0,DESCRIPTIVE,-0.18891184953375406,-0.17918995133756255,-0.742228532195574,0.3864479050717991,-2.710958563915085,-1.1556331120136896,170,582,1112,1,1.0,-0.12897112770215358,-0.12897112770215358,0.12589415792153727,-0.2548652856236908,-0.12897112770215358,-0.06448556385107679,
0,R_SHUFFLE,macro,delta_step,POST_HOC_EXPLORATORY,1695,1695,1695,0,DESCRIPTIVE,0.0002430111322650841,0.0005937139937586267,-0.016558662598160367,0.017322878704044344,-0.9101259672519717,-0.03999189145550358,170,890,805,0,1.0,0.0007680932017456557,0.0007680932017456557,0.006654878571368714,-0.005886785369623058,0.0007680932017456557,0.00038404660087282787,
0,R_SHUFFLE,macro,delta_post,POST_HOC_EXPLORATORY,1695,1695,1695,0,DESCRIPTIVE,-0.18866883840148896,-0.18142634311178796,-0.7379272667673958,0.3915057507594859,-2.740169139062104,-1.150960485548173,170,581,1114,0,1.0,-0.1282030345004079,-0.1282030345004079,0.12569560822520573,-0.25389864272561363,-0.1282030345004079,-0.06410151725020395,
1,C,OD,delta_pre,POST_HOC_EXPLORATORY,1695,1695,1695,0,DESCRIPTIVE,0.5630640897791559,0.10293614847536503,-0.7526541693520926,2.97721768345121,-4.167415666179565,-1.3116795730037443,170,959,736,0,1.0,0.3978876521381739,0.3978876521381739,0.5839530522101557,-0.18606540007198175,0.19894382606908695,0.09947191303454347,
1,C,OD,delta_step,POST_HOC_EXPLORATORY,1695,1695,1695,0,DESCRIPTIVE,0.0032728887216620915,0.0025236045492391668,-0.01740438430040285,0.02786078512498308,-0.45105411820922825,-0.052832387173287206,170,989,706,0,1.0,0.0030612915443642987,0.0030612915443642987,0.008807478278434054,-0.005746186734069757,0.0015306457721821494,0.0007653228860910747,
1,C,OD,delta_post,POST_HOC_EXPLORATORY,1695,1695,1695,0,DESCRIPTIVE,0.566336978500818,0.1065720423032559,-0.7651447071996699,3.0152484058587086,-4.157188061121374,-1.30122861085466,170,961,734,0,1.0,0.4009489436825382,0.4009489436825382,0.5862765339598519,-0.18532759027731371,0.2004744718412691,0.10023723592063455,
1,C,OC,delta_pre,POST_HOC_EXPLORATORY,1695,1695,1695,0,DESCRIPTIVE,0.26784863971166384,0.09426290967181217,-1.7975031655234261,2.8617569827403795,-7.257534597407695,-2.5845191096342424,170,884,811,0,1.0,0.07806301876553803,0.07806301876553803,0.5948596894275178,-0.5167966706619798,0.03903150938276902,0.01951575469138451,
1,C,OC,delta_step,POST_HOC_EXPLORATORY,1695,1695,1695,0,DESCRIPTIVE,0.0031225915299579934,0.0033006904368306778,-0.031848013324102455,0.03825327072929099,-1.4455794902115713,-0.06477163884586751,170,937,746,12,1.0,0.004107319725044114,0.004107319725044114,0.014138980493673656,-0.010031660768629543,0.002053659862522057,0.0010268299312610285,
1,C,OC,delta_post,POST_HOC_EXPLORATORY,1695,1695,1695,0,DESCRIPTIVE,0.27097123124162187,0.08984696804913028,-1.7869888866828205,2.8694391632438934,-6.700812616880487,-2.5830187781948513,170,891,804,0,1.0,0.08217033849058214,0.08217033849058214,0.5984160956293554,-0.5162457571387732,0.04108516924529107,0.020542584622645535,
1,C,macro,delta_pre,POST_HOC_EXPLORATORY,1695,1695,1695,0,DESCRIPTIVE,0.41545636474540987,0.09019704431523934,-1.1397718543635165,2.817266867446521,-4.388160772862973,-1.6468540314092648,170,900,795,0,1.0,0.23797533545185598,0.23797533545185598,0.5562774751691169,-0.31830213971726085,0.23797533545185598,0.11898766772592799,
1,C,macro,delta_step,POST_HOC_EXPLORATORY,1695,1695,1695,0,DESCRIPTIVE,0.003197740125810042,0.003049801679928521,-0.018521548471051117,0.026799224423510286,-0.8492884402593432,-0.04548995479403265,170,990,705,0,1.0,0.003584305634704206,0.003584305634704206,0.00969108399671585,-0.006106778362011645,0.003584305634704206,0.001792152817352103,
1,C,macro,delta_post,POST_HOC_EXPLORATORY,1695,1695,1695,0,DESCRIPTIVE,0.41865410487121996,0.09556811607000526,-1.134928632696282,2.8218780063538897,-4.086709064398079,-1.6391140125550823,170,904,791,0,1.0,0.24155964108656017,0.24155964108656017,0.5595670499164185,-0.31800740882985834,0.24155964108656017,0.12077982054328008,
1,R_SCALE,OD,delta_pre,POST_HOC_EXPLORATORY,1695,1695,1695,0,DESCRIPTIVE,1.6640320284036165,1.0844514040090445,-0.9366796395020799,5.603227058738657,-5.2605841472952335,-1.7277706291853696,170,1230,465,0,1.0,1.1394950204564467,1.1394950204564467,1.3434075048603398,-0.20391248440389315,0.5697475102282233,0.28487375511411167,
1,R_SCALE,OD,delta_step,POST_HOC_EXPLORATORY,1695,1695,1695,0,DESCRIPTIVE,0.0060803259215648315,0.004031114765510324,-0.015720251963975328,0.030310216728076968,-0.31390901942427263,-0.04360516933424818,170,1054,637,4,1.0,0.004720410224127834,0.004720410224127834,0.009772220354675515,-0.005051810130547681,0.002360205112063917,0.0011801025560319585,
1,R_SCALE,OD,delta_post,POST_HOC_EXPLORATORY,1695,1695,1695,0,DESCRIPTIVE,1.6701123543251812,1.0884711486531842,-0.9286060552677071,5.647450475703042,-5.262629254857117,-1.719301897730634,170,1228,467,0,1.0,1.1442154306805745,1.1442154306805745,1.3470421234745318,-0.20282669279395724,0.5721077153402873,0.28605385767014363,
1,R_SCALE,OC,delta_pre,POST_HOC_EXPLORATORY,1695,1695,1695,0,DESCRIPTIVE,1.2818522999592794,1.3078808767982792,-2.0601551888008545,4.465121518375516,-6.380090747187708,-3.2390370641506627,170,1200,494,1,1.0,0.9555010828323593,0.9555010828323593,1.3306496161659334,-0.37514853333357384,0.4777505414161797,0.23887527070808984,
1,R_SCALE,OC,delta_step,POST_HOC_EXPLORATORY,1695,1695,1695,0,DESCRIPTIVE,0.0043707327446458975,0.004348899352564217,-0.031238134795199813,0.038146038940846005,-0.930857123068364,-0.06391065025157167,170,955,730,10,1.0,0.002420372464500034,0.002420372464500034,0.013552500173432321,-0.011132127708932286,0.001210186232250017,0.0006050931161250085,
1,R_SCALE,OC,delta_post,POST_HOC_EXPLORATORY,1695,1695,1695,0,DESCRIPTIVE,1.2862230327039252,1.3265977414919732,-2.049420006822115,4.447504012944183,-6.392942177391944,-3.230455684158552,170,1197,495,3,1.0,0.9579214552968595,0.9579214552968595,1.333006717808718,-0.3750852625118585,0.47896072764842973,0.23948036382421486,
1,R_SCALE,macro,delta_pre,POST_HOC_EXPLORATORY,1695,1695,1695,0,DESCRIPTIVE,1.472942164181448,1.157168009356866,-1.2050569787411844,4.955059366945262,-5.6613791149141655,-2.072453626518251,170,1224,471,0,1.0,1.047498051644403,1.047498051644403,1.2789038382131586,-0.23140578656875543,1.047498051644403,0.5237490258222015,
1,R_SCALE,macro,delta_step,POST_HOC_EXPLORATORY,1695,1695,1695,0,DESCRIPTIVE,0.005225529333105364,0.0041996630354930176,-0.017502691516219925,0.02890795905153995,-0.41678809505264525,-0.040020074169156095,170,1043,652,0,1.0,0.003570391344313934,0.003570391344313934,0.009830882907706314,-0.00626049156339238,0.003570391344313934,0.001785195672156967,
1,R_SCALE,macro,delta_post,POST_HOC_EXPLORATORY,1695,1695,1695,0,DESCRIPTIVE,1.4781676935145533,1.1514269998578115,-1.1923861302432754,4.973779797849961,-5.667325215345574,-2.0641495687829927,170,1227,468,0,1.0,1.051068442988717,1.051068442988717,1.2815468133763186,-0.23047837038760166,1.051068442988717,0.5255342214943585,
1,R_SHUFFLE,OD,delta_pre,POST_HOC_EXPLORATORY,1695,1695,1695,0,DESCRIPTIVE,1.8118357504265883,1.2253820238944684,-0.9668850126582669,5.926479585909974,-5.421417754876302,-1.8641016099829757,170,1250,445,0,1.0,1.2485083784111015,1.2485083784111015,1.4639229085347678,-0.21541453012366624,0.6242541892055508,0.3121270946027754,
1,R_SHUFFLE,OD,delta_step,POST_HOC_EXPLORATORY,1695,1695,1695,0,DESCRIPTIVE,0.006079731630271116,0.003875867752029194,-0.014693219140559677,0.03253654664234206,-0.31361558355256136,-0.04315693546710845,170,1051,644,0,1.0,0.004628470591912154,0.004628470591912154,0.009682358999721828,-0.005053888407809674,0.002314235295956077,0.0011571176479780385,
1,R_SHUFFLE,OD,delta_post,POST_HOC_EXPLORATORY,1695,1695,1695,0,DESCRIPTIVE,1.8179154820568595,1.2341412759883355,-0.9745421423257085,5.945880371765508,-5.426651582539577,-1.8563681650068866,170,1250,445,0,1.0,1.2531368490030137,1.2531368490030137,1.467503976214068,-0.21436712721105425,0.6265684245015068,0.3132842122507534,
1,R_SHUFFLE,OC,delta_pre,POST_HOC_EXPLORATORY,1695,1695,1695,0,DESCRIPTIVE,1.3770285675797052,1.416383868094158,-2.060878454037254,4.6845341853592855,-6.4564214709813825,-3.2677881636398944,170,1209,482,4,1.0,1.0256040521877237,1.0256040521877237,1.39801235853138,-0.3724083063436563,0.5128020260938618,0.2564010130469309,
1,R_SHUFFLE,OC,delta_step,POST_HOC_EXPLORATORY,1695,1695,1695,0,DESCRIPTIVE,0.004402265007451106,0.004409331635635283,-0.03066219428673378,0.03948281617484926,-0.8932355209097622,-0.06263862477364307,170,957,727,11,1.0,0.0020663436495612095,0.0020663436495612095,0.013138704920600635,-0.011072361271039426,0.0010331718247806048,0.0005165859123903024,
1,R_SHUFFLE,OC,delta_post,POST_HOC_EXPLORATORY,1695,1695,1695,0,DESCRIPTIVE,1.3814308325871563,1.416140875802128,-2.0701041701161955,4.6551130949861355,-6.4553372965461335,-3.2593951456133774,170,1217,477,1,1.0,1.0276703958372848,1.0276703958372848,1.3996959963393527,-0.37202560050206795,0.5138351979186424,0.2569175989593212,
1,R_SHUFFLE,macro,delta_pre,POST_HOC_EXPLORATORY,1695,1695,1695,0,DESCRIPTIVE,1.5944321590031467,1.2600147297276862,-1.2597180908151515,5.219919168619061,-5.8485944860303825,-2.1307356972342806,170,1245,450,0,1.0,1.1370562152994126,1.1370562152994126,1.3698961327121368,-0.23283991741272425,1.1370562152994126,0.5685281076497063,
1,R_SHUFFLE,macro,delta_step,POST_HOC_EXPLORATORY,1695,1695,1695,0,DESCRIPTIVE,0.005240998318861111,0.0039278113075909005,-0.017729391065441292,0.028769462751814977,-0.4106080033358772,-0.03976161753499745,170,1054,641,0,1.0,0.003347407120736682,0.003347407120736682,0.00941503173667791,-0.006067624615941228,0.003347407120736682,0.001673703560368341,
1,R_SHUFFLE,macro,delta_post,POST_HOC_EXPLORATORY,1695,1695,1695,0,DESCRIPTIVE,1.5996731573220078,1.2611635564151698,-1.2526230974142876,5.247845697286545,-5.839138369983285,-2.123419944607342,170,1246,449,0,1.0,1.1404036224201493,1.1404036224201493,1.3724593905858609,-0.2320557681657117,1.1404036224201493,0.5702018112100746,
4,C,OD,delta_pre,POST_HOC_EXPLORATORY,1695,1695,1695,0,DESCRIPTIVE,-2.0201916565727487,-1.0417952981106993,-7.8449824134403086,2.5079484449521154,-14.38963209394744,-8.854510253370623,170,720,974,1,1.0,-0.6548235253405155,-0.6548235253405155,1.0022477634413773,-1.6570712887818928,-0.32741176267025773,,
4,C,OD,delta_step,POST_HOC_EXPLORATORY,1695,1695,1695,0,DESCRIPTIVE,-0.0025594023318818338,-0.0013196128757471115,-0.02420497741743759,0.019214738658448055,-1.0604764759073788,-0.06414714407838493,170,790,904,1,1.0,-0.001088618512739163,-0.001088618512739163,0.007047495979611114,-0.008136114492350277,-0.0005443092563695815,,
4,C,OD,delta_post,POST_HOC_EXPLORATORY,1695,1695,1695,0,DESCRIPTIVE,-2.0227510589046305,-1.0317438074649914,-7.859142409549887,2.5057814959202576,-14.347618473437535,-8.850320779364218,170,720,975,0,1.0,-0.6559121438532546,-0.6559121438532546,1.0032845728038886,-1.6591967166571433,-0.3279560719266273,,
4,C,OC,delta_pre,POST_HOC_EXPLORATORY,1695,1695,1695,0,DESCRIPTIVE,-1.7500016483393863,-1.6710449168171095,-6.287608690020775,2.3221129766205064,-9.800678989752996,-7.280418890738596,170,520,1174,1,1.0,-1.0126658377972437,-1.0126658377972437,0.6638650158063384,-1.6765308536035821,-0.5063329188986219,,
4,C,OC,delta_step,POST_HOC_EXPLORATORY,1695,1695,1695,0,DESCRIPTIVE,-0.0014232655722043843,-0.0007878562361547381,-0.033207851102335435,0.030668440698821096,-0.5162583412763979,-0.06429901470718746,170,810,871,14,1.0,-0.000961397044296927,-0.000961397044296927,0.01056083747853469,-0.011522234522831618,-0.0004806985221484635,,
4,C,OC,delta_post,POST_HOC_EXPLORATORY,1695,1695,1695,0,DESCRIPTIVE,-1.7514249139115907,-1.6691084224446797,-6.292651698549693,2.32073167632657,-9.791366296855102,-7.283762980185315,170,520,1175,0,1.0,-1.0136272348415405,-1.0136272348415405,0.663615589555227,-1.6772428243967676,-0.5068136174207702,,
4,C,macro,delta_pre,POST_HOC_EXPLORATORY,1695,1695,1695,0,DESCRIPTIVE,-1.8850966524560675,-1.2721169002013397,-6.9632898007550015,2.201665551641893,-9.137362203749149,-7.612922419749821,170,625,1069,1,1.0,-0.8337446815688796,-0.8337446815688796,0.7046352247871435,-1.538379906356023,-0.8337446815688796,,
4,C,macro,delta_step,POST_HOC_EXPLORATORY,1695,1695,1695,0,DESCRIPTIVE,-0.001991333952043109,-0.0014595200561160482,-0.023908736366257698,0.020250427097710154,-0.5689755672879606,-0.05041015873285234,170,773,922,0,1.0,-0.001025007778518045,-0.001025007778518045,0.006958051980708939,-0.007983059759226984,-0.001025007778518045,,
4,C,macro,delta_post,POST_HOC_EXPLORATORY,1695,1695,1695,0,DESCRIPTIVE,-1.8870879864081107,-1.2634579584950458,-6.957050478619123,2.1884234281506685,-9.208763989189187,-7.6129727632257875,170,625,1070,0,1.0,-0.8347696893473976,-0.8347696893473976,0.7051904327067186,-1.5399601220541161,-0.8347696893473976,,
4,R_SCALE,OD,delta_pre,POST_HOC_EXPLORATORY,1695,1695,1695,0,DESCRIPTIVE,-0.780310740373943,-0.6534190185528956,-2.618527851581129,0.9856218236827037,-6.220322396268585,-3.0316004137713017,170,644,1050,1,1.0,-0.22818547129574443,-0.22818547129574443,0.4162424260737773,-0.6444278973695218,-0.11409273564787221,,
4,R_SCALE,OD,delta_step,POST_HOC_EXPLORATORY,1695,1695,1695,0,DESCRIPTIVE,0.00029948404997324633,0.00020367791417186254,-0.016785039599071183,0.018539565713989285,-0.7931936264112096,-0.040372674521049805,170,863,829,3,1.0,0.00018527605884128257,0.00018527605884128257,0.005979185372378823,-0.00579390931353754,9.263802942064129e-05,,
4,R_SCALE,OD,delta_post,POST_HOC_EXPLORATORY,1695,1695,1695,0,DESCRIPTIVE,-0.7800112563239697,-0.6685504659066908,-2.621793431362073,0.9796596283361063,-6.184895237446241,-3.026776008880911,170,644,1051,0,1.0,-0.22800019523690315,-0.22800019523690315,0.41672771401537556,-0.6447279092522787,-0.11400009761845158,,
4,R_SCALE,OC,delta_pre,POST_HOC_EXPLORATORY,1695,1695,1695,0,DESCRIPTIVE,-0.5437220386808511,-0.5866032021264544,-1.799964745514106,0.7529922928232626,-3.444341836973237,-2.1321438512329847,170,445,1248,2,1.0,-0.39818345349667605,-0.39818345349667605,0.16894093669094398,-0.5671243901876201,-0.19909172674833803,,
4,R_SCALE,OC,delta_step,POST_HOC_EXPLORATORY,1695,1695,1695,0,DESCRIPTIVE,0.0005780576605935345,0.00022635865106224173,-0.02858293683040074,0.027142065375157644,-0.2488370635938182,-0.05115568314879143,170,873,801,21,1.0,-0.00022379054566359287,-0.00022379054566359287,0.00996202072866743,-0.010185811274331023,-0.00011189527283179643,,
4,R_SCALE,OC,delta_post,POST_HOC_EXPLORATORY,1695,1695,1695,0,DESCRIPTIVE,-0.5431439810202575,-0.5858787369578309,-1.796284965187673,0.7545054548560446,-3.429105623709745,-2.133971672460605,170,446,1249,0,1.0,-0.3984072440423396,-0.3984072440423396,0.16792630630657013,-0.5663335503489098,-0.1992036220211698,,
4,R_SCALE,macro,delta_pre,POST_HOC_EXPLORATORY,1695,1695,1695,0,DESCRIPTIVE,-0.662016389527397,-0.6340393003310396,-2.0803082984530454,0.7267147322155822,-3.660241280586032,-2.3430325135780468,170,574,1120,1,1.0,-0.31318446239621023,-0.31318446239621023,0.22966168931806205,-0.5428461517142723,-0.31318446239621023,,
4,R_SCALE,macro,delta_step,POST_HOC_EXPLORATORY,1695,1695,1695,0,DESCRIPTIVE,0.00043877085528339045,0.0005480716616403924,-0.01799584522833584,0.019113215754002523,-0.4309489406607021,-0.03515182874550909,170,880,814,1,1.0,-1.9257243411155244e-05,-1.9257243411155244e-05,0.006381822217814964,-0.006401079461226119,-1.9257243411155244e-05,,
4,R_SCALE,macro,delta_post,POST_HOC_EXPLORATORY,1695,1695,1695,0,DESCRIPTIVE,-0.6615776186721136,-0.637810272606913,-2.0803857857780343,0.7286453357169721,-3.64019608432001,-2.341114957966428,170,571,1124,0,1.0,-0.3132037196396214,-0.3132037196396214,0.2295631460017425,-0.5427668656413639,-0.3132037196396214,,
4,R_SHUFFLE,OD,delta_pre,POST_HOC_EXPLORATORY,1695,1695,1695,0,DESCRIPTIVE,-0.6745109487704329,-0.5800329685118868,-2.2366012593059508,0.846179494239673,-5.862702332550768,-2.620913656918431,170,633,1061,1,1.0,-0.2039086043540436,-0.2039086043540436,0.3519295728299173,-0.5558381771839609,-0.1019543021770218,,
4,R_SHUFFLE,OD,delta_step,POST_HOC_EXPLORATORY,1695,1695,1695,0,DESCRIPTIVE,0.00022170902984753373,-2.531634831370866e-05,-0.01624359760034224,0.017557145570182807,-0.7872464299552036,-0.040294092959330015,170,842,852,1,1.0,-0.00045907152373435365,-0.00045907152373435365,0.005568852870385025,-0.006027924394119379,-0.00022953576186717683,,
4,R_SHUFFLE,OD,delta_post,POST_HOC_EXPLORATORY,1695,1695,1695,0,DESCRIPTIVE,-0.6742892397405854,-0.582034137548959,-2.239506983354815,0.838765504845063,-5.809662900313285,-2.6175021649845456,170,633,1062,0,1.0,-0.20436767587777793,-0.20436767587777793,0.35178095855421476,-0.5561486344319927,-0.10218383793888897,,
4,R_SHUFFLE,OC,delta_pre,POST_HOC_EXPLORATORY,1695,1695,1695,0,DESCRIPTIVE,-0.47982206864334526,-0.494174977600224,-1.649042836162522,0.7181662462145034,-3.106012259448633,-1.9636810946334813,170,452,1241,2,1.0,-0.3663456954559565,-0.3663456954559565,0.15375038267151295,-0.5200960781274695,-0.18317284772797826,,
4,R_SHUFFLE,OC,delta_step,POST_HOC_EXPLORATORY,1695,1695,1695,0,DESCRIPTIVE,2.7606363314059054e-05,0.0,-0.030582713316422882,0.028194681541904746,-0.2573616163110799,-0.053334273529390124,170,845,834,16,1.0,-0.001477893086490799,-0.001477893086490799,0.009899684461646806,-0.011377577548137606,-0.0007389465432453995,,
4,R_SHUFFLE,OC,delta_post,POST_HOC_EXPLORATORY,1695,1695,1695,0,DESCRIPTIVE,-0.4797944622800312,-0.49608210045906986,-1.6517832906456853,0.7326852227268802,-3.0933502383958427,-1.964538129898882,170,453,1242,0,1.0,-0.36782358854244734,-0.36782358854244734,0.15317700622837496,-0.5210005947708223,-0.18391179427122367,,
4,R_SHUFFLE,macro,delta_pre,POST_HOC_EXPLORATORY,1695,1695,1695,0,DESCRIPTIVE,-0.5771665087068891,-0.5637459299666325,-1.8200082018216128,0.6328965669943786,-3.414827540400239,-2.070327595725112,170,559,1135,1,1.0,-0.28512714990500004,-0.28512714990500004,0.1947972994788622,-0.47992444938386225,-0.28512714990500004,,
4,R_SHUFFLE,macro,delta_step,POST_HOC_EXPLORATORY,1695,1695,1695,0,DESCRIPTIVE,0.0001246576965807964,0.0003107269721880357,-0.01772905066100705,0.01787987852366868,-0.4279775549170495,-0.035927500289766,170,860,835,0,1.0,-0.0009684823051125764,-0.0009684823051125764,0.00604838703072141,-0.007016869335833987,-0.0009684823051125764,,
4,R_SHUFFLE,macro,delta_post,POST_HOC_EXPLORATORY,1695,1695,1695,0,DESCRIPTIVE,-0.5770418510103082,-0.5638118336633298,-1.8251099379957778,0.6331057630691238,-3.394319244505329,-2.068070410366225,170,560,1135,0,1.0,-0.28609563221011264,-0.28609563221011264,0.19359822256991352,-0.47969385478002613,-0.28609563221011264,,
primary,C,OD,delta_pre,POST_HOC_EXPLORATORY,3390,1695,3390,0,DESCRIPTIVE,-0.7642861375503864,-0.02517852770920115,-5.860489974427439,2.246877380099099,-11.671743465693417,-6.859485891994104,339,1657,1732,1,1.0,-0.15940842680656278,-0.15940842680656278,0.7128936494354878,-0.8723020762420506,-0.07970421340328139,-0.07970421340328139,
primary,C,OD,delta_step,POST_HOC_EXPLORATORY,3390,1695,3390,0,DESCRIPTIVE,0.0011440130136137208,0.000566949582960774,-0.01984249991372451,0.024522573478472504,-1.0916546104962634,-0.052416376619729935,339,1765,1620,5,1.0,0.000939962347303163,0.000939962347303163,0.007635570830911967,-0.006695608483608804,0.0004699811736515815,0.0004699811736515815,
primary,C,OD,delta_post,POST_HOC_EXPLORATORY,3390,1695,3390,0,DESCRIPTIVE,-0.7631421245367728,-0.023373242673294214,-5.850891150940353,2.248126612185503,-11.474685611949688,-6.857557240139659,339,1656,1734,0,1.0,-0.1584684644592596,-0.1584684644592596,0.7140916037338891,-0.8725600681931488,-0.0792342322296298,-0.0792342322296298,
primary,C,OC,delta_pre,POST_HOC_EXPLORATORY,3390,1695,3390,0,DESCRIPTIVE,-0.6663751579277202,-0.22378537945546384,-4.7238136294311825,2.600016229818213,-8.343311605744518,-5.625726889502147,339,1497,1892,1,1.0,0.11969766924023016,0.11969766924023016,1.1351542296935855,-1.0154565604533552,0.05984883462011508,0.05984883462011508,
primary,C,OC,delta_step,POST_HOC_EXPLORATORY,3390,1695,3390,0,DESCRIPTIVE,0.0008803404173316775,0.0011731334801989846,-0.031209725499589773,0.03491218684187771,-3.345073598054796,-0.07311621492154513,339,1770,1600,20,1.0,0.0027619146833280047,0.0027619146833280047,0.013264763217394443,-0.010502848534066439,0.0013809573416640024,0.0013809573416640024,
primary,C,OC,delta_post,POST_HOC_EXPLORATORY,3390,1695,3390,0,DESCRIPTIVE,-0.6654948175103885,-0.2246394627012691,-4.727446564213462,2.596070973213727,-8.334282592560527,-5.624305607859374,339,1503,1887,0,1.0,0.12245958392355816,0.12245958392355816,1.1377014116958948,-1.0152418277723365,0.06122979196177908,0.06122979196177908,
primary,C,macro,delta_pre,POST_HOC_EXPLORATORY,3390,1695,3390,0,DESCRIPTIVE,-0.7153306477390533,-0.12190663794737233,-5.3139585412094235,2.330339854296066,-7.9494689209965586,-6.001254552623823,339,1565,1824,1,1.0,-0.0198553787831663,-0.0198553787831663,0.8742178884007963,-0.8940732671839625,-0.0198553787831663,-0.0198553787831663,
primary,C,macro,delta_step,POST_HOC_EXPLORATORY,3390,1695,3390,0,DESCRIPTIVE,0.0010121767154726991,0.0013342087619641063,-0.019161502031361265,0.02410228427999108,-1.7405410033397857,-0.050932543784035195,339,1812,1578,0,1.0,0.0018509385153155837,0.0018509385153155837,0.008664702987687236,-0.006813764472371652,0.0018509385153155837,0.0018509385153155837,
primary,C,macro,delta_post,POST_HOC_EXPLORATORY,3390,1695,3390,0,DESCRIPTIVE,-0.7143184710235806,-0.11753568774106249,-5.317510248215724,2.335176890696256,-7.95917848331711,-6.001323516036145,339,1571,1819,0,1.0,-0.01800444026785071,-0.01800444026785071,0.8762280160093726,-0.8942324562772233,-0.01800444026785071,-0.01800444026785071,
primary,R_SCALE,OD,delta_pre,POST_HOC_EXPLORATORY,3390,1695,3390,0,DESCRIPTIVE,0.5878007815173265,-0.018810398455663346,-1.2784770285774185,3.4772790219239007,-5.2605841472952335,-1.8282401983996563,339,1667,1721,2,1.0,0.37651112900613753,0.37651112900613753,0.7091099147036982,-0.3325987856975607,0.18825556450306877,0.18825556450306877,
primary,R_SCALE,OD,delta_step,POST_HOC_EXPLORATORY,3390,1695,3390,0,DESCRIPTIVE,0.0032372476388963507,0.0017447577138725023,-0.017387909952090295,0.025420577963687657,-0.515050483036319,-0.040504900084334425,339,1915,1468,7,1.0,0.0022608266430821245,0.0022608266430821245,0.007750487567471814,-0.005489660924389689,0.0011304133215410623,0.0011304133215410623,
primary,R_SCALE,OD,delta_post,POST_HOC_EXPLORATORY,3390,1695,3390,0,DESCRIPTIVE,0.5910380291562228,-0.016335253578475317,-1.2782361270276936,3.4878370005191477,-5.262629254857117,-1.8245942021023294,339,1668,1722,0,1.0,0.37877195564921967,0.37877195564921967,0.711012616295344,-0.33224066064612434,0.18938597782460984,0.18938597782460984,
primary,R_SCALE,OC,delta_pre,POST_HOC_EXPLORATORY,3390,1695,3390,0,DESCRIPTIVE,0.5946220989461592,0.08433393673789169,-1.147171395777076,3.353109378987949,-6.380090747187708,-2.4395945666958165,339,1788,1599,3,1.0,0.4952586493915885,0.4952586493915885,0.821680597394787,-0.3264219480031985,0.24762932469579424,0.24762932469579424,
primary,R_SCALE,OC,delta_step,POST_HOC_EXPLORATORY,3390,1695,3390,0,DESCRIPTIVE,0.0023901607135958683,0.002449094637594129,-0.02905649305966591,0.03340633983461883,-1.925768987849544,-0.06487255148981114,339,1849,1518,23,1.0,0.0019737552364488997,0.0019737552364488997,0.012369012188525685,-0.010395256952076784,0.0009868776182244499,0.0009868776182244499,
primary,R_SCALE,OC,delta_post,POST_HOC_EXPLORATORY,3390,1695,3390,0,DESCRIPTIVE,0.5970122596597551,0.08929391258104147,-1.145873532208284,3.369024721395152,-6.392942177391944,-2.4335979005373694,339,1788,1599,3,1.0,0.4972324046280374,0.4972324046280374,0.8232473753181062,-0.32601497069006885,0.2486162023140187,0.2486162023140187,
primary,R_SCALE,macro,delta_pre,POST_HOC_EXPLORATORY,3390,1695,3390,0,DESCRIPTIVE,0.5912114402317429,0.037225880488879426,-1.0271713634800437,3.26081000059777,-5.6613791149141655,-1.6809259043461606,339,1750,1639,1,1.0,0.43588488919886303,0.43588488919886303,0.7095890027981506,-0.27370411359928765,0.43588488919886303,0.43588488919886303,
primary,R_SCALE,macro,delta_step,POST_HOC_EXPLORATORY,3390,1695,3390,0,DESCRIPTIVE,0.0028137041762461095,0.002353856119945874,-0.017188672682621586,0.02384478401342207,-0.9074641714196297,-0.04061376841901921,339,1920,1470,0,1.0,0.002117290939765512,0.002117290939765512,0.008324964709081712,-0.0062076737693162005,0.002117290939765512,0.002117290939765512,
primary,R_SCALE,macro,delta_post,POST_HOC_EXPLORATORY,3390,1695,3390,0,DESCRIPTIVE,0.5940251444079889,0.03987541461683719,-1.0305065572990988,3.260043143870553,-5.667325215345574,-1.6746557942084588,339,1754,1636,0,1.0,0.4380021801386285,0.4380021801386285,0.7109414052265629,-0.2729392250879344,0.4380021801386285,0.4380021801386285,
primary,R_SHUFFLE,OD,delta_pre,POST_HOC_EXPLORATORY,3390,1695,3390,0,DESCRIPTIVE,0.7221222633415593,0.021200429010086452,-1.0800159392283404,3.770012605251586,-5.421417754876302,-1.805502907127136,339,1732,1656,2,1.0,0.45132365715080663,0.45132365715080663,0.7634450650163411,-0.3121214078655345,0.22566182857540332,0.22566182857540332,
primary,R_SHUFFLE,OD,delta_step,POST_HOC_EXPLORATORY,3390,1695,3390,0,DESCRIPTIVE,0.003343621943939105,0.0015816761239477728,-0.01629278540124801,0.02614399272763421,-0.4388928935536853,-0.038863217053616214,339,1891,1496,3,1.0,0.0022132038097608434,0.0022132038097608434,0.007558030136387619,-0.005344826326626776,0.0011066019048804217,0.0011066019048804217,
primary,R_SHUFFLE,OD,delta_post,POST_HOC_EXPLORATORY,3390,1695,3390,0,DESCRIPTIVE,0.7254658852854984,0.02055253799241541,-1.0855261914180674,3.777701635760216,-5.426651582539577,-1.8001305635032272,339,1733,1657,0,1.0,0.4535368609605675,0.4535368609605675,0.7652338158756682,-0.31169695491510074,0.22676843048028375,0.22676843048028375,
primary,R_SHUFFLE,OC,delta_pre,POST_HOC_EXPLORATORY,3390,1695,3390,0,DESCRIPTIVE,0.6833980461278335,0.111946220438778,-1.140544646440188,3.508482716302678,-6.4564214709813825,-2.4415341965084036,339,1858,1525,7,1.0,0.5567614304464524,0.5567614304464524,0.8558000497067353,-0.29903861926028286,0.2783807152232262,0.2783807152232262,
primary,R_SHUFFLE,OC,delta_step,POST_HOC_EXPLORATORY,3390,1695,3390,0,DESCRIPTIVE,0.0021403875071870906,0.002439855601515717,-0.0285502215543687,0.03341238140447444,-1.9772050328599988,-0.06562031619304574,339,1842,1525,23,1.0,0.0019022965127214943,0.0019022965127214943,0.012184437501042047,-0.010282140988320554,0.0009511482563607472,0.0009511482563607472,
primary,R_SHUFFLE,OC,delta_post,POST_HOC_EXPLORATORY,3390,1695,3390,0,DESCRIPTIVE,0.6855384336350205,0.11688031648798614,-1.124529385879512,3.509331112696181,-6.4553372965461335,-2.436891065716591,339,1876,1510,4,1.0,0.5586637269591739,0.5586637269591739,0.8569185373634893,-0.29825481040431545,0.27933186347958694,0.27933186347958694,
primary,R_SHUFFLE,macro,delta_pre,POST_HOC_EXPLORATORY,3390,1695,3390,0,DESCRIPTIVE,0.7027601547346963,0.06292108433555299,-0.8698526978733703,3.5033182014500177,-5.8485944860303825,-1.6881182582961818,339,1827,1562,1,1.0,0.5040425437986296,0.5040425437986296,0.7478951453168371,-0.24385260151820756,0.5040425437986296,0.5040425437986296,
primary,R_SHUFFLE,macro,delta_step,POST_HOC_EXPLORATORY,3390,1695,3390,0,DESCRIPTIVE,0.0027420047255630976,0.002084445524738854,-0.017385055473900478,0.023816567335673253,-0.9101259672519717,-0.039952902036135975,339,1944,1446,0,1.0,0.002057750161241169,0.002057750161241169,0.008034955154023311,-0.005977204992782143,0.002057750161241169,0.002057750161241169,
primary,R_SHUFFLE,macro,delta_post,POST_HOC_EXPLORATORY,3390,1695,3390,0,DESCRIPTIVE,0.7055021594602594,0.06114186498395924,-0.8673973030267065,3.510029021422292,-5.839138369983285,-1.682894789352112,339,1827,1563,0,1.0,0.5061002939598707,0.5061002939598707,0.7490774994055334,-0.24297720544566268,0.5061002939598707,0.5061002939598707,
