contrast,control,domain,channel,metric,inferential_status,n_rows,n_unique,n_defined,n_missing,support,mean,median,p10,p90,minimum,worst_decile_mean,tail_count,positive,negative,zero,weight_sum,weighted_conditional_mean,signed_net,positive_mass,negative_mass,macro_contribution,primary_contribution,null_reason
1-0,C,ALL,OD,delta_pre,POST_HOC_EXPLORATORY,1695,1695,1695,0,DESCRIPTIVE,2.6547004546590847,0.6871197079863407,-1.960824735255801,9.418326474109723,-4.556076149052942,-2.673354998928893,170,1002,693,0,1.0,1.1145921578894733,1.1145921578894733,1.9192671879875485,-0.8046750300980752,0.5572960789447367,,
1-0,C,ALL,OD,delta_step,POST_HOC_EXPLORATORY,1695,1695,1695,0,DESCRIPTIVE,0.004257751416096742,0.004074911565993489,-0.02497024686592795,0.0360947833854482,-0.48628567171222414,-0.07379067896525797,170,1009,686,0,1.0,0.004242658394122271,0.004242658394122271,0.012814420474133155,-0.008571762080010883,0.0021213291970611356,,
1-0,C,ALL,OD,delta_post,POST_HOC_EXPLORATORY,1695,1695,1695,0,DESCRIPTIVE,2.6589582060751815,0.6662881798331028,-1.9715213854454674,9.460205830282627,-4.565232287520459,-2.667040540362364,170,1008,687,0,1.0,1.1188348162835957,1.1188348162835957,1.9222413477427387,-0.8034065314591432,0.5594174081417979,,
1-0,C,Drishti_GS,OD,delta_pre,POST_HOC_EXPLORATORY,37,37,37,0,DESCRIPTIVE,-1.470176852945183,-2.067974171154873,-2.8436466696670606,0.3357095454223638,-3.768736921464523,-3.3248559529912924,4,6,31,0,0.25,-1.470176852945183,-0.36754421323629577,0.05569527787197989,-0.4232394911082757,-0.18377210661814788,,
1-0,C,Drishti_GS,OD,delta_step,POST_HOC_EXPLORATORY,37,37,37,0,DESCRIPTIVE,0.0069737827519207015,0.0067263470073157805,-0.015616314559227362,0.028915388138190674,-0.027699247734148003,-0.020534705789199137,4,25,12,0,0.25,0.006973782751920702,0.0017434456879801756,0.0027386553830340684,-0.0009952096950538929,0.0008717228439900878,,
1-0,C,Drishti_GS,OD,delta_post,POST_HOC_EXPLORATORY,37,37,37,0,DESCRIPTIVE,-1.4632030701932623,-2.0481429025293068,-2.8290617040431156,0.3662429930261651,-3.7604073266704034,-3.318556045902046,4,6,31,0,0.25,-1.4632030701932623,-0.3658007675483156,0.056348972997762155,-0.42214974054607773,-0.1829003837741578,,
1-0,C,ORIGA,OD,delta_pre,POST_HOC_EXPLORATORY,586,586,586,0,DESCRIPTIVE,-0.9259340162712025,-1.088319406078881,-2.7966296253260197,1.065855859001168,-4.386914401558371,-3.150878907933415,59,144,442,0,0.25,-0.9259340162712025,-0.23148350406780063,0.06784383144555559,-0.2993273355133562,-0.11574175203390032,,
1-0,C,ORIGA,OD,delta_step,POST_HOC_EXPLORATORY,586,586,586,0,DESCRIPTIVE,0.0023590070732684093,0.0018420966665004812,-0.0237241634836991,0.0251348613792004,-0.3440950500695408,-0.0604100390013093,59,323,263,0,0.25,0.0023590070732684093,0.0005897517683171023,0.002899314268585624,-0.0023095625002685213,0.00029487588415855117,,
1-0,C,ORIGA,OD,delta_post,POST_HOC_EXPLORATORY,586,586,586,0,DESCRIPTIVE,-0.9235750091979341,-1.08615015449638,-2.779538816873739,1.0698811524268947,-4.403718590315947,-3.1431811332649877,59,148,438,0,0.25,-0.9235750091979341,-0.23089375229948353,0.0679989132837264,-0.2988926655832099,-0.11544687614974176,,
1-0,C,REFUGE,OD,delta_pre,POST_HOC_EXPLORATORY,336,336,336,0,DESCRIPTIVE,-0.12953558792793887,-0.20180971166324468,-0.8169429265014685,0.6940213121627963,-1.504161027478176,-1.0137588224084992,34,120,216,0,0.25,-0.12953558792793887,-0.03238389698198472,0.04659337539149635,-0.07897727237348107,-0.01619194849099236,,
1-0,C,REFUGE,OD,delta_step,POST_HOC_EXPLORATORY,336,336,336,0,DESCRIPTIVE,0.00011243114357289181,-0.00016912051145112628,-0.024975874012262977,0.02398047905845857,-0.10028037182439675,-0.04314046869731774,34,166,170,0,0.25,0.00011243114357289169,2.8107785893222922e-05,0.0021562072206028717,-0.002128099434709649,1.4053892946611461e-05,,
1-0,C,REFUGE,OD,delta_post,POST_HOC_EXPLORATORY,336,336,336,0,DESCRIPTIVE,-0.12942315678436597,-0.1989438865501043,-0.8173534758737233,0.6901622735404445,-1.533381284624852,-1.0193986165016606,34,122,214,0,0.25,-0.12942315678436597,-0.03235578919609149,0.04686294697673092,-0.07921873617282241,-0.016177894598045747,,
1-0,C,REFUGE_Valid,OD,delta_pre,POST_HOC_EXPLORATORY,736,736,736,0,DESCRIPTIVE,6.984015088702218,6.736736219041834,3.4796264290626198,10.963535703378806,-4.556076149052942,2.2359367899713183,74,732,4,0,0.25,6.984015088702218,1.7460037721755546,1.7491347032785167,-0.0031309311029622438,0.8730018860877773,,
1-0,C,REFUGE_Valid,OD,delta_step,POST_HOC_EXPLORATORY,736,736,736,0,DESCRIPTIVE,0.007525412607727081,0.010312074389844383,-0.026419025189746037,0.047288881846881736,-0.48628567171222414,-0.1003890035240674,74,495,241,0,0.25,0.007525412607727081,0.0018813531519317702,0.005020243601910591,-0.0031388904499788203,0.0009406765759658851,,
1-0,C,REFUGE_Valid,OD,delta_post,POST_HOC_EXPLORATORY,736,736,736,0,DESCRIPTIVE,6.991540501309945,6.713908845426573,3.5174881076657236,10.990789806802375,-4.565232287520459,2.2500217069646156,74,732,4,0,0.25,6.991540501309945,1.7478851253274863,1.7510305144845193,-0.0031453891570330733,0.8739425626637431,,
1-0,C,ALL,OC,delta_pre,POST_HOC_EXPLORATORY,1695,1695,1695,0,DESCRIPTIVE,1.868447595278768,1.1428450327955915,-2.9265382762066223,7.895848582093493,-12.123986622327603,-4.244546037561513,170,998,697,0,1.0,-0.0832693009493843,-0.0832693009493843,1.8298040245656488,-1.913073325515033,-0.04163465047469215,,
1-0,C,ALL,OC,delta_step,POST_HOC_EXPLORATORY,1695,1695,1695,0,DESCRIPTIVE,0.004484502225252631,0.003565862684403953,-0.04769093943307325,0.0491713608434836,-0.3458768835265573,-0.08399420643172154,170,915,780,0,1.0,0.0026908100834322187,0.0026908100834322187,0.018384516279197696,-0.01569370619576548,0.0013454050417161093,,
1-0,C,ALL,OC,delta_post,POST_HOC_EXPLORATORY,1695,1695,1695,0,DESCRIPTIVE,1.8729320975040207,1.1366903424625718,-2.927363653162172,7.905798173839253,-10.997087499898463,-4.22549466787734,170,996,699,0,1.0,-0.08057849086595203,-0.08057849086595203,1.832283332617114,-1.912861823483066,-0.04028924543297602,,
1-0,C,Drishti_GS,OC,delta_pre,POST_HOC_EXPLORATORY,37,37,37,0,DESCRIPTIVE,-4.067235940504688,-5.67050816310033,-7.049789136054947,3.7079236523452144,-7.616028243136256,-7.351364381537856,4,6,31,0,0.25,-4.067235940504688,-1.016808985126172,0.20401948630049757,-1.2208284714266695,-0.508404492563086,,
1-0,C,Drishti_GS,OC,delta_step,POST_HOC_EXPLORATORY,37,37,37,0,DESCRIPTIVE,0.0013726899870026212,-0.0005413540587433374,-0.04842602898262953,0.04952072887594738,-0.06627053979103437,-0.05419142503057728,4,18,19,0,0.25,0.0013726899870026216,0.0003431724967506554,0.004158070394593834,-0.0038148978978431785,0.0001715862483753277,,
1-0,C,Drishti_GS,OC,delta_post,POST_HOC_EXPLORATORY,37,37,37,0,DESCRIPTIVE,-4.065863250517685,-5.62214807159264,-7.034090034050207,3.6974351571380533,-7.578674868215295,-7.327938110061357,4,6,31,0,0.25,-4.065863250517685,-1.0164658126294213,0.20392054630707046,-1.2203863589364918,-0.5082329063147106,,
1-0,C,ORIGA,OC,delta_pre,POST_HOC_EXPLORATORY,586,586,586,0,DESCRIPTIVE,-0.8526945129623019,-0.9903144442790506,-3.283574308966557,1.777525969103717,-12.123986622327603,-4.2661742150524775,59,200,386,0,0.25,-0.8526945129623019,-0.21317362824057548,0.12685486271532267,-0.34002849095589815,-0.10658681412028774,,
1-0,C,ORIGA,OC,delta_step,POST_HOC_EXPLORATORY,586,586,586,0,DESCRIPTIVE,0.0033400723235668542,-0.0007240627632185692,-0.056163064391128614,0.0533794866802495,-0.3458768835265573,-0.11007291954955407,59,287,299,0,0.25,0.0033400723235668547,0.0008350180808917137,0.005803860827931643,-0.004968842747039929,0.00041750904044585683,,
1-0,C,ORIGA,OC,delta_post,POST_HOC_EXPLORATORY,586,586,586,0,DESCRIPTIVE,-0.8493544406387351,-0.9891165202234085,-3.2723248282621356,1.7803804561556937,-9.182474915820055,-4.208052708952391,59,198,388,0,0.25,-0.8493544406387351,-0.21233861015968378,0.12690046033999536,-0.33923907049967916,-0.10616930507984189,,
1-0,C,REFUGE,OC,delta_pre,POST_HOC_EXPLORATORY,336,336,336,0,DESCRIPTIVE,-1.1031534915884422,-1.1810811273473831,-3.133774239999134,0.8953594309158248,-4.739001546721624,-3.7226634465664605,34,76,260,0,0.25,-1.1031534915884422,-0.27578837289711056,0.05652678869301322,-0.33231516159012375,-0.13789418644855528,,
1-0,C,REFUGE,OC,delta_step,POST_HOC_EXPLORATORY,336,336,336,0,DESCRIPTIVE,-0.0028500188390715494,-0.0008350135846342255,-0.05946288795482957,0.044552929593933754,-0.1615935216452442,-0.08676926348951372,34,165,171,0,0.25,-0.0028500188390715494,-0.0007125047097678873,0.003739526106121234,-0.004452030815889122,-0.0003562523548839437,,
1-0,C,REFUGE,OC,delta_post,POST_HOC_EXPLORATORY,336,336,336,0,DESCRIPTIVE,-1.1060035104275137,-1.1554957040059861,-3.18359519790706,0.9063328885067321,-4.742925235617747,-3.725811045831669,34,76,260,0,0.25,-1.1060035104275137,-0.2765008776068784,0.056887224477307,-0.3333881020841854,-0.1382504388034392,,
1-0,C,REFUGE_Valid,OC,delta_pre,POST_HOC_EXPLORATORY,736,736,736,0,DESCRIPTIVE,5.690006741257895,5.682760449814992,2.729139488939065,9.287748416721154,-11.005851010590533,0.6144683372568694,74,716,20,0,0.25,5.6900067412578945,1.4225016853144736,1.4424028868568153,-0.019901201542341547,0.7112508426572368,,
1-0,C,REFUGE_Valid,OC,delta_step,POST_HOC_EXPLORATORY,736,736,736,0,DESCRIPTIVE,0.008900496862230947,0.0075056574368375095,-0.035115239593110914,0.05136875710905997,-0.21760645211865182,-0.05840061833620276,74,445,291,0,0.25,0.008900496862230947,0.002225124215557737,0.0046830589505509855,-0.0024579347349932483,0.0011125621077788684,,
1-0,C,REFUGE_Valid,OC,delta_post,POST_HOC_EXPLORATORY,736,736,736,0,DESCRIPTIVE,5.698907238120126,5.715169163537272,2.735140918922575,9.276707806821602,-10.997087499898463,0.6311347645161,74,716,20,0,0.25,5.698907238120126,1.4247268095300314,1.444575101492741,-0.019848291962709687,0.7123634047650157,,
1-0,C,ALL,macro,delta_pre,POST_HOC_EXPLORATORY,1695,1695,1695,0,DESCRIPTIVE,2.2615740249689265,0.724288377714025,-2.1607867543746764,8.537752743464388,-7.780963579821737,-3.086934040079201,170,973,722,0,1.0,0.5156614284700445,0.5156614284700445,1.810063678959779,-1.2944022504897346,0.5156614284700445,,
1-0,C,ALL,macro,delta_step,POST_HOC_EXPLORATORY,1695,1695,1695,0,DESCRIPTIVE,0.0043711268206746865,0.0035198948903172322,-0.02852553768645407,0.0343410129146065,-0.24967399268935964,-0.05986709610757883,170,967,728,0,1.0,0.0034667342387772445,0.0034667342387772445,0.012849340077100702,-0.009382605838323456,0.0034667342387772445,,
1-0,C,ALL,macro,delta_post,POST_HOC_EXPLORATORY,1695,1695,1695,0,DESCRIPTIVE,2.265945151789601,0.7218160061372387,-2.154289310696997,8.550765206415623,-7.781159893709461,-3.074564854115979,170,977,718,0,1.0,0.5191281627088218,0.5191281627088218,1.8124105339717862,-1.2932823712629642,0.5191281627088218,,
1-0,C,Drishti_GS,macro,delta_pre,POST_HOC_EXPLORATORY,37,37,37,0,DESCRIPTIVE,-2.7687063967249355,-3.772612027158811,-4.6227363311425105,1.7697792847987828,-4.920559605033091,-4.739666700077339,4,5,32,0,0.25,-2.7687063967249355,-0.6921765991812339,0.11250371042120667,-0.8046803096024405,-0.6921765991812339,,
1-0,C,Drishti_GS,macro,delta_step,POST_HOC_EXPLORATORY,37,37,37,0,DESCRIPTIVE,0.004173236369461661,0.00352203339853574,-0.02377625308546456,0.032931060954022935,-0.035026172413541445,-0.032214599822300016,4,20,17,0,0.25,0.004173236369461662,0.0010433090923654155,0.0028806648990911603,-0.001837355806725745,0.0010433090923654155,,
1-0,C,Drishti_GS,macro,delta_post,POST_HOC_EXPLORATORY,37,37,37,0,DESCRIPTIVE,-2.7645331603554735,-3.7687607843746456,-4.61392119394956,1.7699211131714747,-4.898960785758025,-4.73285312635431,4,5,32,0,0.25,-2.764533160355474,-0.6911332900888685,0.11251678809596585,-0.8036500781848344,-0.6911332900888685,,
1-0,C,ORIGA,macro,delta_pre,POST_HOC_EXPLORATORY,586,586,586,0,DESCRIPTIVE,-0.8893142646167522,-0.9235250329072144,-2.713824168794403,1.0929242676560076,-7.6169193852749455,-3.458853553817127,59,159,427,0,0.25,-0.8893142646167522,-0.22232856615418806,0.07360915446217094,-0.295937720616359,-0.22232856615418806,,
1-0,C,ORIGA,macro,delta_step,POST_HOC_EXPLORATORY,586,586,586,0,DESCRIPTIVE,0.0028495396984176318,0.0005159777598180426,-0.032383291810131,0.03174169996315612,-0.21931593259237303,-0.06969950184696307,59,298,288,0,0.25,0.0028495396984176313,0.0007123849246044078,0.0037386983111835823,-0.0030263133865791746,0.0007123849246044078,,
1-0,C,ORIGA,macro,delta_post,POST_HOC_EXPLORATORY,586,586,586,0,DESCRIPTIVE,-0.8864647249183346,-0.924979227221618,-2.7024358028833575,1.0837162833976883,-6.093241293017558,-3.42403893821585,59,161,425,0,0.25,-0.8864647249183346,-0.22161618122958365,0.07370489363993606,-0.2953210748695197,-0.22161618122958365,,
1-0,C,REFUGE,macro,delta_pre,POST_HOC_EXPLORATORY,336,336,336,0,DESCRIPTIVE,-0.6163445397581905,-0.6949655089277726,-1.6322089898390821,0.553672398173962,-2.3485454346558186,-1.9314263267108345,34,78,258,0,0.25,-0.6163445397581905,-0.15408613493954762,0.03424299410907443,-0.18832912904862206,-0.15408613493954762,,
1-0,C,REFUGE,macro,delta_step,POST_HOC_EXPLORATORY,336,336,336,0,DESCRIPTIVE,-0.0013687938477493287,-0.0018551145183671736,-0.030682632864959203,0.025987198430140523,-0.1197059887058387,-0.050694955543494596,34,152,184,0,0.25,-0.0013687938477493287,-0.0003421984619373322,0.002251284796016561,-0.002593483257953893,-0.0003421984619373322,,
1-0,C,REFUGE,macro,delta_post,POST_HOC_EXPLORATORY,336,336,336,0,DESCRIPTIVE,-0.6177133336059398,-0.7151675665976107,-1.632507268749631,0.5627808536578449,-2.3636757382393725,-1.936318346349652,34,80,256,0,0.25,-0.6177133336059398,-0.15442833340148496,0.03442625301506412,-0.18885458641654906,-0.15442833340148496,,
1-0,C,REFUGE_Valid,macro,delta_pre,POST_HOC_EXPLORATORY,736,736,736,0,DESCRIPTIVE,6.337010914980056,6.211018236963408,3.1872422304404022,9.868771306086849,-7.780963579821737,1.9885925204243207,74,731,5,0,0.25,6.337010914980056,1.584252728745014,1.5897078199673271,-0.005455091222313013,1.584252728745014,,
1-0,C,REFUGE_Valid,macro,delta_step,POST_HOC_EXPLORATORY,736,736,736,0,DESCRIPTIVE,0.008212954734979015,0.009104209955987486,-0.02304943482485111,0.03848507096240539,-0.24967399268935964,-0.05640522893810339,74,497,239,0,0.25,0.008212954734979013,0.0020532386837447533,0.003978692070809397,-0.001925453387064644,0.0020532386837447533,,
1-0,C,REFUGE_Valid,macro,delta_post,POST_HOC_EXPLORATORY,736,736,736,0,DESCRIPTIVE,6.345223869715036,6.214277289974081,3.2034192674192035,9.862699794489593,-7.781159893709461,2.0015017152804,74,731,5,0,0.25,6.345223869715035,1.5863059674287587,1.59176259922082,-0.005456631792061209,1.5863059674287587,,
4-0,C,ALL,OD,delta_pre,POST_HOC_EXPLORATORY,1695,1695,1695,0,DESCRIPTIVE,0.07144470830717999,0.0,-1.76571984042684,2.157411280707479,-8.166915994532175,-2.6359579025310516,170,845,792,58,1.0,0.06188098041078403,0.06188098041078403,0.6459950308187722,-0.5841140504079881,0.030940490205392013,,
4-0,C,ALL,OD,delta_step,POST_HOC_EXPLORATORY,1695,1695,1695,0,DESCRIPTIVE,-0.0015745396374471836,-0.0005828125213724888,-0.028963649193616447,0.026551064551426865,-1.4295089547237296,-0.07472861495914408,170,767,870,58,1.0,9.274833701880921e-05,9.274833701880921e-05,0.009264172300392238,-0.00917142396337343,4.6374168509404605e-05,,
4-0,C,ALL,OD,delta_post,POST_HOC_EXPLORATORY,1695,1695,1695,0,DESCRIPTIVE,0.0698701686697328,0.0,-1.7693802847363116,2.158887542877318,-8.264040178131808,-2.6340454358271117,170,844,793,58,1.0,0.06197372874780284,0.06197372874780284,0.647494436451798,-0.5855207077039952,0.03098686437390142,,
4-0,C,Drishti_GS,OD,delta_pre,POST_HOC_EXPLORATORY,37,37,37,0,DESCRIPTIVE,-0.2947493591822809,-0.7437042195163599,-1.6358822829701183,1.0281234037270934,-2.2372577537856273,-1.8593485782795298,4,11,26,0,0.25,-0.2947493591822809,-0.07368733979557023,0.10825891016070306,-0.1819462499562733,-0.03684366989778511,,
4-0,C,Drishti_GS,OD,delta_step,POST_HOC_EXPLORATORY,37,37,37,0,DESCRIPTIVE,0.003874471023920023,0.0005485649925418556,-0.008753398088637709,0.02224434050613979,-0.019508396340469858,-0.014327333551015897,4,19,18,0,0.25,0.003874471023920023,0.0009686177559800058,0.0017261343513284852,-0.0007575165953484794,0.0004843088779900029,,
4-0,C,Drishti_GS,OD,delta_post,POST_HOC_EXPLORATORY,37,37,37,0,DESCRIPTIVE,-0.2908748881583609,-0.7565851415605351,-1.624765601359644,1.0406752978043385,-2.2421829661955144,-1.8555996334219067,4,11,26,0,0.25,-0.2908748881583609,-0.07271872203959022,0.10931933735488748,-0.1820380593944777,-0.03635936101979511,,
4-0,C,ORIGA,OD,delta_pre,POST_HOC_EXPLORATORY,586,586,586,0,DESCRIPTIVE,-0.08407068824868438,0.10064243786904115,-1.5154863253709792,1.140465295118588,-3.764716877988917,-2.2910772234524726,59,317,269,0,0.25,-0.08407068824868438,-0.021017672062171096,0.09506239915648937,-0.11608007121866047,-0.010508836031085548,,
4-0,C,ORIGA,OD,delta_step,POST_HOC_EXPLORATORY,586,586,586,0,DESCRIPTIVE,-0.003200792463436638,-0.003231102562210708,-0.03208643609585238,0.025769193061655926,-1.4295089547237296,-0.0923811164436684,59,239,347,0,0.25,-0.0032007924634366385,-0.0008001981158591596,0.0028879559776861666,-0.003688154093545326,-0.0004000990579295798,,
4-0,C,ORIGA,OD,delta_post,POST_HOC_EXPLORATORY,586,586,586,0,DESCRIPTIVE,-0.08727148071212103,0.09102671188339428,-1.5254838964883461,1.1243494000598346,-3.7620673079418623,-2.2976444776655485,59,316,270,0,0.25,-0.08727148071212103,-0.021817870178030257,0.09503364401372734,-0.11685151419175759,-0.010908935089015128,,
4-0,C,REFUGE,OD,delta_pre,POST_HOC_EXPLORATORY,336,336,336,0,DESCRIPTIVE,0.6992980776359878,0.6153623374748918,-1.4509799632906066,2.9352539651991734,-6.275121353396557,-2.7276464154113347,34,201,77,58,0.25,0.6992980776359878,0.17482451940899696,0.26506264177471706,-0.09023812236572007,0.08741225970449848,,
4-0,C,REFUGE,OD,delta_step,POST_HOC_EXPLORATORY,336,336,336,0,DESCRIPTIVE,0.0017843985336293753,0.0,-0.019854145509007992,0.025691655067518582,-0.13141595622880686,-0.04071574107237928,34,154,124,58,0.25,0.0017843985336293753,0.0004460996334073438,0.002038158346995151,-0.0015920587135878073,0.0002230498167036719,,
4-0,C,REFUGE,OD,delta_post,POST_HOC_EXPLORATORY,336,336,336,0,DESCRIPTIVE,0.7010824761696173,0.6096666046084991,-1.4878444285847223,2.909572781352601,-6.2466394162863565,-2.7280975819475732,34,200,78,58,0.25,0.7010824761696173,0.17527061904240432,0.26557511709223813,-0.0903044980498338,0.08763530952120216,,
4-0,C,REFUGE_Valid,OD,delta_pre,POST_HOC_EXPLORATORY,736,736,736,0,DESCRIPTIVE,-0.07295410856188644,-0.3968298968294661,-1.8875692076279051,2.5135080995692647,-8.166915994532175,-2.829212128808397,74,316,420,0,0.25,-0.07295410856188643,-0.018238527140471607,0.1776110797268627,-0.1958496068673343,-0.009119263570235804,,
4-0,C,REFUGE_Valid,OD,delta_step,POST_HOC_EXPLORATORY,736,736,736,0,DESCRIPTIVE,-0.0020870837460375234,-0.0009180154723864575,-0.031064025610113788,0.027935321935427027,-0.336657684800457,-0.07714164938108152,74,355,381,0,0.25,-0.0020870837460375234,-0.0005217709365093809,0.002611923624382436,-0.0031336945608918167,-0.00026088546825469043,,
4-0,C,REFUGE_Valid,OD,delta_post,POST_HOC_EXPLORATORY,736,736,736,0,DESCRIPTIVE,-0.07504119230792396,-0.4240439918548873,-1.889318694414122,2.5034890033226986,-8.264040178131808,-2.82413023926266,74,317,419,0,0.25,-0.07504119230792396,-0.01876029807698099,0.17756633799094512,-0.1963266360679261,-0.009380149038490495,,
4-0,C,ALL,OC,delta_pre,POST_HOC_EXPLORATORY,1695,1695,1695,0,DESCRIPTIVE,-0.14940269277228208,0.0,-2.2769528990625276,2.0982689453160983,-13.497051694660167,-4.045895994688004,170,797,840,58,1.0,-1.173998157512166,-1.173998157512166,0.627798074932681,-1.801796232444847,-0.586999078756083,,
4-0,C,ALL,OC,delta_step,POST_HOC_EXPLORATORY,1695,1695,1695,0,DESCRIPTIVE,-6.135487690974593e-05,-4.6849569756091114e-05,-0.04626250977661641,0.03888027207257497,-0.5387106123784235,-0.08617155207962301,170,787,850,58,1.0,-0.002377906685908822,-0.002377906685908822,0.014033393101209735,-0.01641129978711856,-0.001188953342954411,,
4-0,C,ALL,OC,delta_post,POST_HOC_EXPLORATORY,1695,1695,1695,0,DESCRIPTIVE,-0.14946404764919183,0.0,-2.2902612369382664,2.090075455608172,-10.178518324196775,-4.026477479800677,170,796,841,58,1.0,-1.1763760641980747,-1.1763760641980747,0.6265170719917978,-1.8028931361898726,-0.5881880320990374,,
4-0,C,Drishti_GS,OC,delta_pre,POST_HOC_EXPLORATORY,37,37,37,0,DESCRIPTIVE,-3.9187875757375337,-5.574082763547445,-6.687146982901834,3.9652812177680445,-7.646379620255615,-7.145059607336481,4,6,31,0,0.25,-3.9187875757375337,-0.9796968939343834,0.19691062807406906,-1.1766075220084524,-0.4898484469671917,,
4-0,C,Drishti_GS,OC,delta_step,POST_HOC_EXPLORATORY,37,37,37,0,DESCRIPTIVE,-0.00806932717939661,-0.003466427091161961,-0.05043722527183263,0.031235825643400973,-0.08456491336810856,-0.06894558548124952,4,15,22,0,0.25,-0.00806932717939661,-0.0020173317948491525,0.0023615447585398487,-0.004378876553389002,-0.0010086658974245762,,
4-0,C,Drishti_GS,OC,delta_post,POST_HOC_EXPLORATORY,37,37,37,0,DESCRIPTIVE,-3.92685690291693,-5.617373427214567,-6.700872738698732,3.9284642634395412,-7.64648644160021,-7.129712371845326,4,6,31,0,0.25,-3.9268569029169305,-0.9817142257292326,0.19632482132797388,-1.1780390470572064,-0.4908571128646163,,
4-0,C,ORIGA,OC,delta_pre,POST_HOC_EXPLORATORY,586,586,586,0,DESCRIPTIVE,0.040657430182050786,0.12436380007556025,-2.1427113888249103,2.0575253466429047,-13.497051694660167,-3.0741854888893223,59,317,269,0,0.25,0.04065743018205078,0.010164357545512695,0.15964433242204012,-0.14947997487652745,0.005082178772756347,,
4-0,C,ORIGA,OC,delta_step,POST_HOC_EXPLORATORY,586,586,586,0,DESCRIPTIVE,0.0017276320725025198,-0.003279545970087838,-0.056877207760408055,0.05646368195034768,-0.5387106123784235,-0.13029641385109436,59,263,323,0,0.25,0.0017276320725025196,0.0004319080181256299,0.006239791725838513,-0.005807883707712883,0.00021595400906281495,,
4-0,C,ORIGA,OC,delta_post,POST_HOC_EXPLORATORY,586,586,586,0,DESCRIPTIVE,0.0423850622545533,0.13685094628112182,-2.138947375494581,2.0590084192954947,-10.178518324196775,-3.0088694436641155,59,315,271,0,0.25,0.04238506225455331,0.010596265563638328,0.15875158247093954,-0.14815531690730122,0.005298132781819164,,
4-0,C,REFUGE,OC,delta_pre,POST_HOC_EXPLORATORY,336,336,336,0,DESCRIPTIVE,-1.1746977763839253,-0.8285110200175083,-4.445295756531081,1.295243014475652,-6.7739532805677385,-5.425882220108097,34,65,213,58,0.25,-1.174697776383925,-0.29367444409598126,0.07562754307008701,-0.36930198716606827,-0.14683722204799063,,
4-0,C,REFUGE,OC,delta_step,POST_HOC_EXPLORATORY,336,336,336,0,DESCRIPTIVE,-0.0037881146985767507,0.0,-0.05132172318942452,0.04271185352672546,-0.1855335592017866,-0.08171788865756761,34,129,149,58,0.25,-0.0037881146985767502,-0.0009470286746441876,0.002960469213274726,-0.003907497887918913,-0.0004735143373220938,,
4-0,C,REFUGE,OC,delta_post,POST_HOC_EXPLORATORY,336,336,336,0,DESCRIPTIVE,-1.1784858910825018,-0.8241132302231478,-4.438827286410259,1.267319155979088,-6.7646659220443155,-5.423674858902704,34,66,212,58,0.25,-1.1784858910825018,-0.29462147277062545,0.07549776065807198,-0.37011923342869746,-0.14731073638531272,,
4-0,C,REFUGE_Valid,OC,delta_pre,POST_HOC_EXPLORATORY,736,736,736,0,DESCRIPTIVE,0.35683529189074414,0.30708420104382483,-1.33279131899776,2.301052988617556,-2.4042690403359614,-1.6002507887150834,74,409,327,0,0.25,0.35683529189074414,0.08920882297268604,0.1956155713664848,-0.10640674839379878,0.04460441148634302,,
4-0,C,REFUGE_Valid,OC,delta_step,POST_HOC_EXPLORATORY,736,736,736,0,DESCRIPTIVE,0.0006181830618355528,0.0007379709718051686,-0.03023362553543052,0.029171371096452958,-0.0993145881302766,-0.045895833827669194,74,380,356,0,0.25,0.0006181830618355529,0.00015454576545888821,0.002471587403556648,-0.0023170416380977597,7.727288272944411e-05,,
4-0,C,REFUGE_Valid,OC,delta_post,POST_HOC_EXPLORATORY,736,736,736,0,DESCRIPTIVE,0.3574534749525797,0.31015664600336024,-1.3174096784675768,2.30741342573193,-2.4059797101043756,-1.6016363644007536,74,409,327,0,0.25,0.3574534749525797,0.08936336873814492,0.19594290753481242,-0.10657953879666751,0.04468168436907246,,
4-0,C,ALL,macro,delta_pre,POST_HOC_EXPLORATORY,1695,1695,1695,0,DESCRIPTIVE,-0.03897899223255105,0.0,-1.7267987348592768,1.8595237963986118,-6.922126663564974,-2.641642258321921,170,807,830,58,1.0,-0.556058588550691,-0.556058588550691,0.5189543055635463,-1.0750128941142372,-0.556058588550691,,
4-0,C,ALL,macro,delta_step,POST_HOC_EXPLORATORY,1695,1695,1695,0,DESCRIPTIVE,-0.0008179472571784648,-0.0007998870880427944,-0.029029613672058474,0.024879386296407832,-0.8009465748723876,-0.06366660078377406,170,756,881,58,1.0,-0.0011425791744450063,-0.0011425791744450063,0.009081934829898736,-0.010224514004343743,-0.0011425791744450063,,
4-0,C,ALL,macro,delta_post,POST_HOC_EXPLORATORY,1695,1695,1695,0,DESCRIPTIVE,-0.03979693948972952,0.0,-1.7197233498011968,1.8432520687320408,-6.216214870496302,-2.6337100527108914,170,803,834,58,1.0,-0.557201167725136,-0.557201167725136,0.5183099380431755,-1.0755111057683113,-0.557201167725136,,
4-0,C,Drishti_GS,macro,delta_pre,POST_HOC_EXPLORATORY,37,37,37,0,DESCRIPTIVE,-2.106768467459907,-3.0634387084345427,-4.001696671191352,2.2744396388575225,-4.289626376963852,-4.202680210335777,4,6,31,0,0.25,-2.1067684674599074,-0.5266921168649769,0.12749952227898628,-0.654191639143963,-0.5266921168649769,,
4-0,C,Drishti_GS,macro,delta_step,POST_HOC_EXPLORATORY,37,37,37,0,DESCRIPTIVE,-0.0020974280777382934,-0.0012147248664646781,-0.02516650787737973,0.02005652932049102,-0.05203665485428921,-0.03773169634437901,4,18,19,0,0.25,-0.0020974280777382934,-0.0005243570194345733,0.0014468510384255554,-0.001971208057860129,-0.0005243570194345733,,
4-0,C,Drishti_GS,macro,delta_post,POST_HOC_EXPLORATORY,37,37,37,0,DESCRIPTIVE,-2.1088658955376456,-3.0925034140635894,-4.020162363659766,2.2683313060555363,-4.292769644558678,-4.204151824684652,4,6,31,0,0.25,-2.1088658955376456,-0.5272164738844114,0.12752699181105615,-0.6547434656954676,-0.5272164738844114,,
4-0,C,ORIGA,macro,delta_pre,POST_HOC_EXPLORATORY,586,586,586,0,DESCRIPTIVE,-0.021706629033316802,0.14200081785368646,-1.5684248286794897,1.2135129261745803,-6.922126663564974,-2.2767572193807806,59,316,270,0,0.25,-0.0217066290333168,-0.0054266572583292,0.10586400295012625,-0.11129066020845546,-0.0054266572583292,,
4-0,C,ORIGA,macro,delta_step,POST_HOC_EXPLORATORY,586,586,586,0,DESCRIPTIVE,-0.0007365801954670592,-0.003826617850990033,-0.033958017198715496,0.030467663961356806,-0.8009465748723876,-0.094003017617835,59,242,344,0,0.25,-0.000736580195467059,-0.00018414504886676475,0.0038124343699680384,-0.003996579418834803,-0.00018414504886676475,,
4-0,C,ORIGA,macro,delta_post,POST_HOC_EXPLORATORY,586,586,586,0,DESCRIPTIVE,-0.022443209228783862,0.14386256775726025,-1.588441660577054,1.204768224156087,-5.185843395202203,-2.258546601501653,59,315,271,0,0.25,-0.022443209228783862,-0.0056108023071959655,0.105305824448957,-0.11091662675615296,-0.0056108023071959655,,
4-0,C,REFUGE,macro,delta_pre,POST_HOC_EXPLORATORY,336,336,336,0,DESCRIPTIVE,-0.23769984937396862,0.0,-2.1922674515276768,1.5093056841613972,-6.214541646310927,-3.375573832172894,34,119,159,58,0.25,-0.23769984937396862,-0.059424962343492156,0.10615795378508266,-0.16558291612857481,-0.059424962343492156,,
4-0,C,REFUGE,macro,delta_step,POST_HOC_EXPLORATORY,336,336,336,0,DESCRIPTIVE,-0.0010018580824736876,0.0,-0.027318495624324868,0.02645183671047846,-0.13946492044930636,-0.04706528588425495,34,134,144,58,0.25,-0.0010018580824736876,-0.0002504645206184219,0.0018732512685162108,-0.0021237157891346326,-0.0002504645206184219,,
4-0,C,REFUGE,macro,delta_post,POST_HOC_EXPLORATORY,336,336,336,0,DESCRIPTIVE,-0.2387017074564423,0.0,-2.185344991995258,1.5155231292360405,-6.216214870496302,-3.376094470887157,34,117,161,58,0.25,-0.2387017074564423,-0.05967542686411058,0.10600485510063702,-0.1656802819647476,-0.05967542686411058,,
4-0,C,REFUGE_Valid,macro,delta_pre,POST_HOC_EXPLORATORY,736,736,736,0,DESCRIPTIVE,0.14194059166442885,-0.01385828104138298,-1.5603835786803266,2.3908755412293416,-4.31329448135665,-1.9501656584899372,74,366,370,0,0.25,0.14194059166442885,0.03548514791610721,0.17943282654935105,-0.14394767863324384,0.03548514791610721,,
4-0,C,REFUGE_Valid,macro,delta_step,POST_HOC_EXPLORATORY,736,736,736,0,DESCRIPTIVE,-0.0007344503421009852,-0.000316294070056955,-0.024883086480903316,0.021735038291675224,-0.16756457995132124,-0.04668635759296222,74,362,374,0,0.25,-0.0007344503421009852,-0.0001836125855252463,0.001949398152988932,-0.0021330107385141785,-0.0001836125855252463,,
4-0,C,REFUGE_Valid,macro,delta_post,POST_HOC_EXPLORATORY,736,736,736,0,DESCRIPTIVE,0.14120614132232787,-0.010658176334761293,-1.557577018059284,2.3742262946211437,-4.280910364951456,-1.9484028688616983,74,365,371,0,0.25,0.14120614132232787,0.035301535330581967,0.17947226668252528,-0.1441707313519433,0.035301535330581967,,
4-1,C,ALL,OD,delta_pre,POST_HOC_EXPLORATORY,1695,1695,1695,0,DESCRIPTIVE,-2.5832557463519046,-0.9561855989243639,-10.89483667310356,2.696090715456735,-15.81048227050956,-12.667268595206451,170,692,1003,0,1.0,-1.0527111774786893,-1.0527111774786893,0.9529298390928245,-2.0056410165715137,-0.5263555887393446,,
4-1,C,ALL,OD,delta_step,POST_HOC_EXPLORATORY,1695,1695,1695,0,DESCRIPTIVE,-0.005832291053543925,-0.004347173708325158,-0.04096299365349978,0.02511766261578146,-1.0854139046541889,-0.08995591574143305,170,703,992,0,1.0,-0.004149910057103461,-0.004149910057103461,0.008755650386573466,-0.012905560443676928,-0.0020749550285517307,,
4-1,C,ALL,OD,delta_post,POST_HOC_EXPLORATORY,1695,1695,1695,0,DESCRIPTIVE,-2.589088037405449,-0.9632038605418387,-10.87450508118857,2.678463185406402,-15.783289111200624,-12.678115948349223,170,692,1003,0,1.0,-1.0568610875357929,-1.0568610875357929,0.9514222537915304,-2.0082833413273233,-0.5284305437678964,,
4-1,C,Drishti_GS,OD,delta_pre,POST_HOC_EXPLORATORY,37,37,37,0,DESCRIPTIVE,1.1754274937629021,1.1874038766054582,0.7871596629750656,1.6550637863602387,0.23904110636713938,0.5702156218995746,4,37,0,0,0.25,1.1754274937629021,0.29385687344072553,0.29385687344072553,0.0,0.14692843672036277,,
4-1,C,Drishti_GS,OD,delta_step,POST_HOC_EXPLORATORY,37,37,37,0,DESCRIPTIVE,-0.003099311728000679,-0.0039801703094042296,-0.01974621180079623,0.01894009425369063,-0.049513967526593206,-0.030046536062268814,4,13,24,0,0.25,-0.003099311728000679,-0.0007748279320001697,0.0012762574863942491,-0.0020510854183944187,-0.00038741396600008485,,
4-1,C,Drishti_GS,OD,delta_post,POST_HOC_EXPLORATORY,37,37,37,0,DESCRIPTIVE,1.1723281820349014,1.1810961058937437,0.7819656191996757,1.664624149535632,0.2340363405275241,0.5530770398988025,4,37,0,0,0.25,1.1723281820349014,0.29308204550872535,0.29308204550872535,0.0,0.14654102275436268,,
4-1,C,ORIGA,OD,delta_pre,POST_HOC_EXPLORATORY,586,586,586,0,DESCRIPTIVE,0.8418633280225181,1.1636056334348481,-2.075666198405301,3.567131772288924,-7.099940208460623,-3.859583175554658,59,396,190,0,0.25,0.8418633280225181,0.21046583200562952,0.3568349229330949,-0.14636909092746533,0.10523291600281476,,
4-1,C,ORIGA,OD,delta_step,POST_HOC_EXPLORATORY,586,586,586,0,DESCRIPTIVE,-0.005559799536705047,-0.0027881453160603087,-0.036623040422746556,0.02564290441216599,-1.0854139046541889,-0.09326050699735611,59,245,341,0,0.25,-0.005559799536705047,-0.0013899498841762619,0.00245131389352957,-0.0038412637777058317,-0.0006949749420881309,,
4-1,C,ORIGA,OD,delta_post,POST_HOC_EXPLORATORY,586,586,586,0,DESCRIPTIVE,0.836303528485813,1.1475248667519722,-2.0821307869929555,3.5710664676701285,-7.108516985485821,-3.863027354476961,59,396,190,0,0.25,0.836303528485813,0.20907588212145325,0.35559760767912013,-0.14652172555766685,0.10453794106072663,,
4-1,C,REFUGE,OD,delta_pre,POST_HOC_EXPLORATORY,336,336,336,0,DESCRIPTIVE,0.8288336655639268,0.9529475536426162,-1.440220063428491,2.8861655848837273,-5.829449608590593,-2.53008625599172,34,245,91,0,0.25,0.8288336655639267,0.20720841639098167,0.2981946351953475,-0.09098621880436583,0.10360420819549084,,
4-1,C,REFUGE,OD,delta_step,POST_HOC_EXPLORATORY,336,336,336,0,DESCRIPTIVE,0.0016719673900564835,0.002485140404814956,-0.014259333019438714,0.020860669222720674,-0.41948583571588927,-0.0391880177717582,34,194,142,0,0.25,0.0016719673900564835,0.0004179918475141209,0.0019354134896154666,-0.0015174216421013458,0.00020899592375706044,,
4-1,C,REFUGE,OD,delta_post,POST_HOC_EXPLORATORY,336,336,336,0,DESCRIPTIVE,0.8305056329539833,0.9453382261991194,-1.4327761479252956,2.892649958783906,-5.834426969467074,-2.5364343425742826,34,245,91,0,0.25,0.8305056329539832,0.2076264082384958,0.298727328573976,-0.09110092033548019,0.1038132041192479,,
4-1,C,REFUGE_Valid,OD,delta_pre,POST_HOC_EXPLORATORY,736,736,736,0,DESCRIPTIVE,-7.056969197264104,-7.01462969173717,-12.712302655412397,-1.1926840972245216,-15.81048227050956,-13.882512638752617,74,14,722,0,0.25,-7.056969197264104,-1.764242299316026,0.004043407523656583,-1.7682857068396827,-0.882121149658013,,
4-1,C,REFUGE_Valid,OD,delta_step,POST_HOC_EXPLORATORY,736,736,736,0,DESCRIPTIVE,-0.009612496353764604,-0.01110577052460826,-0.053516911970675096,0.027540856365433797,-0.35397959616364005,-0.10228221967829398,74,251,485,0,0.25,-0.009612496353764604,-0.002403124088441151,0.0030926655170341803,-0.005495789605475331,-0.0012015620442205755,,
4-1,C,REFUGE_Valid,OD,delta_post,POST_HOC_EXPLORATORY,736,736,736,0,DESCRIPTIVE,-7.066581693617869,-7.035699704950321,-12.72972642155673,-1.1936654853400057,-15.783289111200624,-13.885014960224904,74,14,722,0,0.25,-7.066581693617869,-1.7666454234044673,0.004015272029708972,-1.7706606954341761,-0.8833227117022336,,
4-1,C,ALL,OC,delta_pre,POST_HOC_EXPLORATORY,1695,1695,1695,0,DESCRIPTIVE,-2.0178502880510503,-0.9982493876375997,-8.813289121173675,3.0812733611597993,-13.385644368847167,-10.413833419992404,170,597,1098,0,1.0,-1.0907288565627817,-1.0907288565627817,0.6764929446778009,-1.7672218012405827,-0.5453644282813909,,
4-1,C,ALL,OC,delta_step,POST_HOC_EXPLORATORY,1695,1695,1695,0,DESCRIPTIVE,-0.004545857102162378,-0.0037880454463419255,-0.05233636832692525,0.04266597542146827,-0.608460231789568,-0.0969002902665546,170,761,933,1,1.0,-0.0050687167693410405,-0.0050687167693410405,0.013240570011515709,-0.01830928678085675,-0.0025343583846705203,,
4-1,C,ALL,OC,delta_post,POST_HOC_EXPLORATORY,1695,1695,1695,0,DESCRIPTIVE,-2.0223961451532126,-0.99924529165731,-8.83748179808255,3.071339400012448,-13.393823440134966,-10.42339928778898,170,598,1097,0,1.0,-1.0957975733321228,-1.0957975733321228,0.6734277972098676,-1.7692253705419902,-0.5478987866660614,,
4-1,C,Drishti_GS,OC,delta_pre,POST_HOC_EXPLORATORY,37,37,37,0,DESCRIPTIVE,0.14844836476715412,0.30807610133428653,-1.0359249977771854,0.9946919562770444,-2.2465083071928547,-1.7104048585926517,4,26,11,0,0.25,0.14844836476715415,0.037112091191788536,0.0971573781262527,-0.060045286934464176,0.018556045595894268,,
4-1,C,Drishti_GS,OC,delta_step,POST_HOC_EXPLORATORY,37,37,37,0,DESCRIPTIVE,-0.009442017166399232,-0.007402525732828735,-0.04460539252396245,0.0365987678321332,-0.07115613779910035,-0.06309609687929374,4,13,24,0,0.25,-0.009442017166399232,-0.002360504291599808,0.0022194067279791532,-0.004579911019578962,-0.001180252145799904,,
4-1,C,Drishti_GS,OC,delta_post,POST_HOC_EXPLORATORY,37,37,37,0,DESCRIPTIVE,0.1390063476007549,0.27944507834875054,-1.0575045574310742,1.0009616730471178,-2.2527932517570193,-1.700960520110617,4,26,11,0,0.25,0.13900634760075492,0.03475158690018873,0.0946028095501645,-0.05985122264997577,0.017375793450094365,,
4-1,C,ORIGA,OC,delta_pre,POST_HOC_EXPLORATORY,586,586,586,0,DESCRIPTIVE,0.8933519431443527,1.075970484239896,-3.405339365690203,4.859973798359825,-7.976410139115529,-5.103914071264988,59,373,213,0,0.25,0.8933519431443527,0.22333798578608818,0.44762429381601054,-0.22428630802992233,0.11166899289304409,,
4-1,C,ORIGA,OC,delta_step,POST_HOC_EXPLORATORY,586,586,586,0,DESCRIPTIVE,-0.0016124402510643348,-0.00017046677510990094,-0.06294302601229873,0.05696385110677937,-0.608460231789568,-0.13721992077450731,59,292,294,0,0.25,-0.001612440251064335,-0.00040311006276608376,0.005462434711288464,-0.005865544774054548,-0.00020155503138304188,,
4-1,C,ORIGA,OC,delta_post,POST_HOC_EXPLORATORY,586,586,586,0,DESCRIPTIVE,0.8917395028932884,1.0966559778022855,-3.401007457943919,4.811306628970627,-8.027027427894922,-5.112143658076248,59,375,211,0,0.25,0.8917395028932884,0.2229348757233221,0.4468614381800816,-0.22392656245675951,0.11146743786166105,,
4-1,C,REFUGE,OC,delta_pre,POST_HOC_EXPLORATORY,336,336,336,0,DESCRIPTIVE,-0.07154428479548296,-0.04403437971583912,-1.824849005399173,1.4051474015625018,-4.025693940822443,-2.4066789178491166,34,165,171,0,0.25,-0.07154428479548296,-0.01788607119887074,0.1076014737763772,-0.12548754497524794,-0.00894303559943537,,
4-1,C,REFUGE,OC,delta_step,POST_HOC_EXPLORATORY,336,336,336,0,DESCRIPTIVE,-0.0009380958595052011,0.0017689036571795214,-0.04313213061189458,0.03537530236704356,-0.1276464618429145,-0.06058104696695628,34,175,161,0,0.25,-0.0009380958595052011,-0.00023452396487630027,0.0029769885277011188,-0.003211512492577419,-0.00011726198243815013,,
4-1,C,REFUGE,OC,delta_post,POST_HOC_EXPLORATORY,336,336,336,0,DESCRIPTIVE,-0.07248238065498816,-0.046090257256544476,-1.816374585255538,1.3807490264937599,-4.075212552082071,-2.4027916653682997,34,164,172,0,0.25,-0.07248238065498816,-0.01812059516374704,0.10780290475868423,-0.12592349992243126,-0.00906029758187352,,
4-1,C,REFUGE_Valid,OC,delta_pre,POST_HOC_EXPLORATORY,736,736,736,0,DESCRIPTIVE,-5.333171449367151,-5.22402879442274,-10.50225280730011,-0.39629479249234123,-13.385644368847167,-11.401658675307496,74,33,703,0,0.25,-5.333171449367151,-1.3332928623417877,0.024109798959160468,-1.3574026613009482,-0.6666464311708938,,
4-1,C,REFUGE_Valid,OC,delta_step,POST_HOC_EXPLORATORY,736,736,736,0,DESCRIPTIVE,-0.008282313800395395,-0.00817553688702688,-0.04847122876798693,0.036862209748647956,-0.3483539980730086,-0.08028711895805482,74,281,454,1,0.25,-0.008282313800395395,-0.002070578450098849,0.0025817400445469724,-0.004652318494645822,-0.0010352892250494244,,
4-1,C,REFUGE_Valid,OC,delta_post,POST_HOC_EXPLORATORY,736,736,736,0,DESCRIPTIVE,-5.3414537631675465,-5.244062158424466,-10.528763166125902,-0.40741604186861835,-13.393823440134966,-11.414290665783001,74,33,703,0,0.25,-5.3414537631675465,-1.3353634407918866,0.024160644720937256,-1.3595240855128239,-0.6676817203959433,,
4-1,C,ALL,macro,delta_pre,POST_HOC_EXPLORATORY,1695,1695,1695,0,DESCRIPTIVE,-2.3005530172014774,-0.856457125845278,-9.768648926553546,2.466105658851655,-13.711269877917172,-11.237959698854874,170,674,1021,0,1.0,-1.0717200170207355,-1.0717200170207355,0.7195265788319014,-1.791246595852637,-1.0717200170207355,,
4-1,C,ALL,macro,delta_step,POST_HOC_EXPLORATORY,1695,1695,1695,0,DESCRIPTIVE,-0.005189074077853151,-0.004926178211015042,-0.03685082570979148,0.02579949562286574,-0.5816306422800146,-0.07350629765133139,170,700,995,0,1.0,-0.004609313413222251,-0.004609313413222251,0.008272059002715222,-0.012881372415937472,-0.004609313413222251,,
4-1,C,ALL,macro,delta_post,POST_HOC_EXPLORATORY,1695,1695,1695,0,DESCRIPTIVE,-2.3057420912793307,-0.8488873528775471,-9.788967760938112,2.4616181438980957,-13.688445223293616,-11.246582294875939,170,668,1027,0,1.0,-1.0763293304339578,-1.0763293304339578,0.7171531105051034,-1.7934824409390613,-1.0763293304339578,,
4-1,C,Drishti_GS,macro,delta_pre,POST_HOC_EXPLORATORY,37,37,37,0,DESCRIPTIVE,0.6619379292650281,0.6309332280692388,0.049462223629952035,1.1194916731645619,-0.4581504438849535,-0.20694430359638272,4,33,4,0,0.25,0.6619379292650281,0.16548448231625704,0.17107757160264575,-0.0055930892863887225,0.16548448231625704,,
4-1,C,Drishti_GS,macro,delta_step,POST_HOC_EXPLORATORY,37,37,37,0,DESCRIPTIVE,-0.0062706644471999555,-0.00650710669420107,-0.03263981208658891,0.019812429168833034,-0.03967730676047054,-0.03770019735970109,4,12,25,0,0.25,-0.0062706644471999555,-0.0015676661117999889,0.0011822868994849423,-0.002749953011284931,-0.0015676661117999889,,
4-1,C,Drishti_GS,macro,delta_post,POST_HOC_EXPLORATORY,37,37,37,0,DESCRIPTIVE,0.6556672648178281,0.6061911411993464,0.07105780751785604,1.136257834680397,-0.46163898213493937,-0.20276240356526154,4,33,4,0,0.25,0.6556672648178282,0.16391681620445706,0.16939688116568033,-0.005480064961223285,0.16391681620445706,,
4-1,C,ORIGA,macro,delta_pre,POST_HOC_EXPLORATORY,586,586,586,0,DESCRIPTIVE,0.8676076355834355,1.1283734859199832,-2.224802530776376,3.5958714740425783,-6.007098783458911,-3.7521505766561623,59,399,187,0,0.25,0.8676076355834355,0.21690190889585886,0.36581085420130993,-0.14890894530545107,0.21690190889585886,,
4-1,C,ORIGA,macro,delta_step,POST_HOC_EXPLORATORY,586,586,586,0,DESCRIPTIVE,-0.003586119893884691,-0.002206348347854714,-0.03959485879396496,0.029680739902193665,-0.5816306422800146,-0.09830810164944573,59,269,317,0,0.25,-0.003586119893884691,-0.0008965299734711728,0.0032030759929365655,-0.004099605966407739,-0.0008965299734711728,,
4-1,C,ORIGA,macro,delta_post,POST_HOC_EXPLORATORY,586,586,586,0,DESCRIPTIVE,0.8640215156895508,1.1204084784149675,-2.219708225273557,3.590593199771128,-6.029107425502676,-3.7552353163268957,59,397,189,0,0.25,0.8640215156895508,0.2160053789223877,0.3650302206238388,-0.1490248417014511,0.2160053789223877,,
4-1,C,REFUGE,macro,delta_pre,POST_HOC_EXPLORATORY,336,336,336,0,DESCRIPTIVE,0.3786446903842219,0.5006384707773783,-1.286908297094719,1.779028904346518,-4.927571774706518,-2.0540386848578143,34,226,110,0,0.25,0.3786446903842219,0.09466117259605547,0.1762715303229659,-0.08161035772691046,0.09466117259605547,,
4-1,C,REFUGE,macro,delta_step,POST_HOC_EXPLORATORY,336,336,336,0,DESCRIPTIVE,0.00036693576527564123,0.0014514884760252755,-0.02304093633858173,0.02276469057804853,-0.21163354372652066,-0.03952565038899619,34,179,157,0,0.25,0.00036693576527564123,9.173394131891031e-05,0.001946971012375361,-0.0018552370710564507,9.173394131891031e-05,,
4-1,C,REFUGE,macro,delta_post,POST_HOC_EXPLORATORY,336,336,336,0,DESCRIPTIVE,0.3790116261494975,0.5169523976678718,-1.2691735327394724,1.7881602086811519,-4.954819760774573,-2.049787074379791,34,224,112,0,0.25,0.3790116261494975,0.09475290653737438,0.17640554887566046,-0.08165264233828608,0.09475290653737438,,
4-1,C,REFUGE_Valid,macro,delta_pre,POST_HOC_EXPLORATORY,736,736,736,0,DESCRIPTIVE,-6.195070323315628,-6.228144493519437,-11.30979685834048,-0.976280933646569,-13.711269877917172,-12.107624522375579,74,16,720,0,0.25,-6.195070323315628,-1.548767580828907,0.006366622704979803,-1.5551342035338866,-1.548767580828907,,
4-1,C,REFUGE_Valid,macro,delta_step,POST_HOC_EXPLORATORY,736,736,736,0,DESCRIPTIVE,-0.008947405077079999,-0.010719585286279809,-0.041420886041182214,0.02376855421666413,-0.24349510971875787,-0.0672258673771149,74,240,496,0,0.25,-0.008947405077079999,-0.0022368512692699997,0.0019397250979183525,-0.004176576367188352,-0.0022368512692699997,,
4-1,C,REFUGE_Valid,macro,delta_post,POST_HOC_EXPLORATORY,736,736,736,0,DESCRIPTIVE,-6.204017728392707,-6.2526473355389225,-11.314428595839436,-0.9841333268502019,-13.688445223293616,-12.113291885980193,74,14,722,0,0.25,-6.204017728392707,-1.5510044320981768,0.006320459839923848,-1.5573248919381006,-1.5510044320981768,,
