condition,seed,order,role,observations,content_identities,macro_Dice_percent,imageweighted_Dice_percent,soft_Dice_percent,Brier,soft_channel_observations,containment_violations,empty_OD,empty_OC
A03,20260907,0,SEALED_REVIEW,678,678,77.11947188577099,77.28634312778277,,,0,0,0,0
A03,20260907,1,SEALED_REVIEW,678,678,76.9563738183929,77.59747413569501,,,0,0,0,0
A03_LR15,20260907,0,SEALED_REVIEW,678,678,77.43956046629957,77.68733130609331,,,0,0,0,0
A03_LR15,20260907,1,SEALED_REVIEW,678,678,77.431675800004,78.16685531519595,,,0,0,0,0
ABL_C_W06_LR15,20260907,0,SEALED_REVIEW,678,678,78.86412953066008,76.5550052942819,,,0,0,0,0
ABL_C_W06_LR15,20260907,1,SEALED_REVIEW,678,678,77.81048867992627,78.69446637118001,,,0,0,0,0
ABL_KEY_W06_LR15,20260907,0,SEALED_REVIEW,678,678,77.56575774662997,77.07384944435563,,,0,0,0,0
ABL_KEY_W06_LR15,20260907,1,SEALED_REVIEW,678,678,77.15176152791062,77.77855590733463,,,0,0,0,0
C,17011,0,SEALED_REVIEW,678,678,78.77360638814332,77.16384309376619,76.16419692292715,0.022569791479247474,1356,0,0,0
C,17011,1,SEALED_REVIEW,678,678,77.44157133513619,78.04746950830713,76.73787870156696,0.021378381032667603,1356,0,0,0
C,29009,0,SEALED_REVIEW,678,678,78.71098929660295,76.76102935596528,75.76263148087443,0.02310749798296276,1356,0,0,0
C,29009,1,SEALED_REVIEW,678,678,77.13749368839825,77.60077991354235,76.24174073480118,0.022142823490604552,1356,0,0,0
C,20260907,0,SEALED_REVIEW,678,678,78.80181469057153,76.9286369250636,,,0,0,0,0
C,20260907,1,SEALED_REVIEW,678,678,77.60884863978622,78.30256576365566,,,0,0,0,0
G,17011,0,SEALED_REVIEW,678,678,77.08904718892954,77.28287444580695,76.43625178809644,0.023563382336125534,1356,0,0,0
G,17011,1,SEALED_REVIEW,678,678,76.74631719084522,77.34515458327694,76.42872402806425,0.02346444389802112,1356,0,0,0
G,29009,0,SEALED_REVIEW,678,678,77.02428682839941,77.26587122016018,76.42168469163343,0.02359736144634163,1356,0,0,0
G,29009,1,SEALED_REVIEW,678,678,76.79904886192662,77.39254143197815,76.46619742470668,0.023367492389878303,1356,0,0,0
G,20260907,0,SEALED_REVIEW,678,678,77.05539188241825,77.24902646969693,,,0,0,0,0
G,20260907,1,SEALED_REVIEW,678,678,76.79331211725219,77.40731915644493,,,0,0,0,0
P02,20260907,0,SEALED_REVIEW,678,678,77.02938628814589,77.07498313669939,,,0,0,0,0
P02,20260907,1,SEALED_REVIEW,678,678,76.80718309255819,77.40219586444924,,,0,0,0,0
T01,20260907,0,SEALED_REVIEW,678,678,76.91496040317824,76.9355851121361,,,0,0,0,0
T01,20260907,1,SEALED_REVIEW,678,678,76.6100865174943,77.13021360322645,,,0,0,0,0
W06,20260907,0,SEALED_REVIEW,678,678,77.0754773969148,77.26142333607949,,,0,0,0,0
W06,20260907,1,SEALED_REVIEW,678,678,76.87248393754906,77.54636165721523,,,0,0,0,0
W06_LR15,17011,0,SEALED_REVIEW,678,678,77.66259005544518,77.41075075797792,76.54367598763884,0.023122060695543,1356,0,0,0
W06_LR15,17011,1,SEALED_REVIEW,678,678,77.3816593301559,78.15223202588962,77.17389632152299,0.02204785440248608,1356,0,0,0
W06_LR15,29009,0,SEALED_REVIEW,678,678,77.63900842747674,77.5155560963705,76.64819207649919,0.02298519216861804,1356,0,0,0
W06_LR15,29009,1,SEALED_REVIEW,678,678,77.4100334692383,78.1783615583252,77.18115615825273,0.021997682998201516,1356,0,0,0
W06_LR15,20260907,0,SEALED_REVIEW,678,678,77.66333644047526,77.38367501153577,,,0,0,0,0
W06_LR15,20260907,1,SEALED_REVIEW,678,678,77.44598236716844,78.25153947315205,,,0,0,0,0
