assd,assd_undefined,assd_valid,channel,dice,domain,job,method,n,order,seed
31.388127889612267,0,37,OC,0.5324254327884812,Drishti_GS,A_FULL_20260924_order0,A_FULL,37,0,20260924
17.116759978606144,0,37,OD,0.840898012685575,Drishti_GS,A_FULL_20260924_order0,A_FULL,37,0,20260924
25.9661071899992,0,586,OC,0.5362014091813851,ORIGA,A_FULL_20260924_order0,A_FULL,586,0,20260924
26.966188041288483,0,586,OD,0.7492259484680326,ORIGA,A_FULL_20260924_order0,A_FULL,586,0,20260924
8.209923605119364,0,336,OC,0.8133353066163476,REFUGE,A_FULL_20260924_order0,A_FULL,336,0,20260924
12.453932398175898,0,336,OD,0.8679526864103725,REFUGE,A_FULL_20260924_order0,A_FULL,336,0,20260924
11.411178774788743,0,736,OC,0.7150723073284851,REFUGE_Valid,A_FULL_20260924_order0,A_FULL,736,0,20260924
20.556893812751152,0,736,OD,0.8589873752521583,REFUGE_Valid,A_FULL_20260924_order0,A_FULL,736,0,20260924
31.473806859086473,0,37,OC,0.5305614703325354,Drishti_GS,A_FULL_20260924_order1,A_FULL,37,1,20260924
17.19417287338163,0,37,OD,0.8401225063384707,Drishti_GS,A_FULL_20260924_order1,A_FULL,37,1,20260924
25.965420752861615,0,586,OC,0.5361496943193924,ORIGA,A_FULL_20260924_order1,A_FULL,586,1,20260924
26.966903335694095,0,586,OD,0.7492115722669832,ORIGA,A_FULL_20260924_order1,A_FULL,586,1,20260924
8.191890846638954,0,336,OC,0.8137274637391905,REFUGE,A_FULL_20260924_order1,A_FULL,336,1,20260924
12.434631949344258,0,336,OD,0.8681357762047894,REFUGE,A_FULL_20260924_order1,A_FULL,336,1,20260924
11.412987628217843,0,736,OC,0.7150392952263469,REFUGE_Valid,A_FULL_20260924_order1,A_FULL,736,1,20260924
20.556046942182604,0,736,OD,0.858985096840642,REFUGE_Valid,A_FULL_20260924_order1,A_FULL,736,1,20260924
30.959018585793988,0,37,OC,0.5395316230689735,Drishti_GS,A_FULL_20260925_order0,A_FULL,37,0,20260925
16.54370070679396,0,37,OD,0.8463579433403496,Drishti_GS,A_FULL_20260925_order0,A_FULL,37,0,20260925
25.72355940964646,0,586,OC,0.5427573278803575,ORIGA,A_FULL_20260925_order0,A_FULL,586,0,20260925
26.744043375994707,0,586,OD,0.7545504614799804,ORIGA,A_FULL_20260925_order0,A_FULL,586,0,20260925
8.049611995494002,0,336,OC,0.8177477788799958,REFUGE,A_FULL_20260925_order0,A_FULL,336,0,20260925
12.326552595765477,0,336,OD,0.8721798053776281,REFUGE,A_FULL_20260925_order0,A_FULL,336,0,20260925
12.058404597645602,0,736,OC,0.7041871664259272,REFUGE_Valid,A_FULL_20260925_order0,A_FULL,736,0,20260925
22.745498184147337,0,736,OD,0.8523940636967557,REFUGE_Valid,A_FULL_20260925_order0,A_FULL,736,0,20260925
31.08217523750799,0,37,OC,0.5370735377267168,Drishti_GS,A_FULL_20260925_order1,A_FULL,37,1,20260925
16.6265697911978,0,37,OD,0.8455948981659416,Drishti_GS,A_FULL_20260925_order1,A_FULL,37,1,20260925
25.724958042554572,0,586,OC,0.5427275165785649,ORIGA,A_FULL_20260925_order1,A_FULL,586,1,20260925
26.74418764653594,0,586,OD,0.7545546909941062,ORIGA,A_FULL_20260925_order1,A_FULL,586,1,20260925
8.03296611872353,0,336,OC,0.8181438168594859,REFUGE,A_FULL_20260925_order1,A_FULL,336,1,20260925
12.31366500496668,0,336,OD,0.872318910144043,REFUGE,A_FULL_20260925_order1,A_FULL,336,1,20260925
12.05836728438288,0,736,OC,0.7041832461316236,REFUGE_Valid,A_FULL_20260925_order1,A_FULL,736,1,20260925
22.743587291340237,0,736,OD,0.8523958510100137,REFUGE_Valid,A_FULL_20260925_order1,A_FULL,736,1,20260925
30.974674654941985,0,37,OC,0.5408542274951968,Drishti_GS,A_STATIC_20260924_order0,A_STATIC,37,0,20260924
17.149072244742214,0,37,OD,0.840548747319247,Drishti_GS,A_STATIC_20260924_order0,A_STATIC,37,0,20260924
25.859047382637694,0,586,OC,0.5395371738277124,ORIGA,A_STATIC_20260924_order0,A_STATIC,586,0,20260924
27.01266163160525,0,586,OD,0.748408119697198,ORIGA,A_STATIC_20260924_order0,A_STATIC,586,0,20260924
8.072739316040945,0,336,OC,0.8167405385278099,REFUGE,A_STATIC_20260924_order0,A_STATIC,336,0,20260924
12.420163568540243,0,336,OD,0.8682174642497754,REFUGE,A_STATIC_20260924_order0,A_STATIC,336,0,20260924
11.55218026251467,0,736,OC,0.7131341173329926,REFUGE_Valid,A_STATIC_20260924_order0,A_STATIC,736,0,20260924
21.069736564023046,0,736,OD,0.8576557761173026,REFUGE_Valid,A_STATIC_20260924_order0,A_STATIC,736,0,20260924
30.974674654941985,0,37,OC,0.5408542274951968,Drishti_GS,A_STATIC_20260924_order1,A_STATIC,37,1,20260924
17.149072244742214,0,37,OD,0.840548747319247,Drishti_GS,A_STATIC_20260924_order1,A_STATIC,37,1,20260924
25.859047382637694,0,586,OC,0.5395371738277124,ORIGA,A_STATIC_20260924_order1,A_STATIC,586,1,20260924
27.01266163160525,0,586,OD,0.748408119697198,ORIGA,A_STATIC_20260924_order1,A_STATIC,586,1,20260924
8.072739316040945,0,336,OC,0.8167405385278099,REFUGE,A_STATIC_20260924_order1,A_STATIC,336,1,20260924
12.420163568540243,0,336,OD,0.8682174642497754,REFUGE,A_STATIC_20260924_order1,A_STATIC,336,1,20260924
11.55218026251467,0,736,OC,0.7131341173329926,REFUGE_Valid,A_STATIC_20260924_order1,A_STATIC,736,1,20260924
21.069736564023046,0,736,OD,0.8576557761173026,REFUGE_Valid,A_STATIC_20260924_order1,A_STATIC,736,1,20260924
30.312280059457304,0,37,OC,0.5543760087448064,Drishti_GS,A_STATIC_20260925_order0,A_STATIC,37,0,20260925
16.72509299352352,0,37,OD,0.8446630495132367,Drishti_GS,A_STATIC_20260925_order0,A_STATIC,37,0,20260925
25.54264806726344,0,586,OC,0.5494017339210281,ORIGA,A_STATIC_20260925_order0,A_STATIC,586,0,20260925
26.784525583535558,0,586,OD,0.7530307925778659,ORIGA,A_STATIC_20260925_order0,A_STATIC,586,0,20260925
7.989997516243081,0,336,OC,0.8196166886891616,REFUGE,A_STATIC_20260925_order0,A_STATIC,336,0,20260925
12.337113543322529,0,336,OD,0.8711210519636708,REFUGE,A_STATIC_20260925_order0,A_STATIC,336,0,20260925
12.080702794552561,0,736,OC,0.7035050996769889,REFUGE_Valid,A_STATIC_20260925_order0,A_STATIC,736,0,20260925
22.33047627667997,0,736,OD,0.853465582301881,REFUGE_Valid,A_STATIC_20260925_order0,A_STATIC,736,0,20260925
30.312280059457304,0,37,OC,0.5543760087448064,Drishti_GS,A_STATIC_20260925_order1,A_STATIC,37,1,20260925
16.72509299352352,0,37,OD,0.8446630495132367,Drishti_GS,A_STATIC_20260925_order1,A_STATIC,37,1,20260925
25.54264806726344,0,586,OC,0.5494017339210281,ORIGA,A_STATIC_20260925_order1,A_STATIC,586,1,20260925
26.784525583535558,0,586,OD,0.7530307925778659,ORIGA,A_STATIC_20260925_order1,A_STATIC,586,1,20260925
7.989997516243081,0,336,OC,0.8196166886891616,REFUGE,A_STATIC_20260925_order1,A_STATIC,336,1,20260925
12.337113543322529,0,336,OD,0.8711210519636708,REFUGE,A_STATIC_20260925_order1,A_STATIC,336,1,20260925
12.080702794552561,0,736,OC,0.7035050996769889,REFUGE_Valid,A_STATIC_20260925_order1,A_STATIC,736,1,20260925
22.33047627667997,0,736,OD,0.853465582301881,REFUGE_Valid,A_STATIC_20260925_order1,A_STATIC,736,1,20260925
33.78620885834682,0,37,OC,0.48673964283773724,Drishti_GS,B_FULL_20260924_order0,B_FULL,37,0,20260924
17.238022105417077,0,37,OD,0.8396926896292997,Drishti_GS,B_FULL_20260924_order0,B_FULL,37,0,20260924
27.365665707816145,0,586,OC,0.498163864605163,ORIGA,B_FULL_20260924_order0,B_FULL,586,0,20260924
26.978964845221817,0,586,OD,0.7463553006571664,ORIGA,B_FULL_20260924_order0,B_FULL,586,0,20260924
8.954804244074564,0,336,OC,0.794192454223645,REFUGE,B_FULL_20260924_order0,B_FULL,336,0,20260924
12.594315472148052,0,336,OD,0.8640608252974814,REFUGE,B_FULL_20260924_order0,B_FULL,336,0,20260924
9.49338675268515,0,736,OC,0.7499881619540592,REFUGE_Valid,B_FULL_20260924_order0,B_FULL,736,0,20260924
19.5929614518334,0,736,OD,0.8629083357058959,REFUGE_Valid,B_FULL_20260924_order0,B_FULL,736,0,20260924
33.77472538177639,0,37,OC,0.4870050485534283,Drishti_GS,B_FULL_20260924_order1,B_FULL,37,1,20260924
17.23788842348326,0,37,OD,0.8396982454620501,Drishti_GS,B_FULL_20260924_order1,B_FULL,37,1,20260924
27.370342379265736,0,586,OC,0.4981354175878633,ORIGA,B_FULL_20260924_order1,B_FULL,586,1,20260924
26.979352556557064,0,586,OD,0.7463490962960775,ORIGA,B_FULL_20260924_order1,B_FULL,586,1,20260924
8.961434987199032,0,336,OC,0.794035812850501,REFUGE,B_FULL_20260924_order1,B_FULL,336,1,20260924
12.59748449313439,0,336,OD,0.864022036648592,REFUGE,B_FULL_20260924_order1,B_FULL,336,1,20260924
9.49437700536489,0,736,OC,0.7499775219813841,REFUGE_Valid,B_FULL_20260924_order1,B_FULL,736,1,20260924
19.5930201067494,0,736,OD,0.8629066632020304,REFUGE_Valid,B_FULL_20260924_order1,B_FULL,736,1,20260924
33.31725378996285,0,37,OC,0.49702958807546266,Drishti_GS,B_FULL_20260925_order0,B_FULL,37,0,20260925
16.97013483534043,0,37,OD,0.8426568401713633,Drishti_GS,B_FULL_20260925_order0,B_FULL,37,0,20260925
27.01015387918138,0,586,OC,0.5081708457070359,ORIGA,B_FULL_20260925_order0,B_FULL,586,0,20260925
26.711406385051074,0,586,OD,0.749585515773359,ORIGA,B_FULL_20260925_order0,B_FULL,586,0,20260925
8.622941412979893,0,336,OC,0.8022228582835862,REFUGE,B_FULL_20260925_order0,B_FULL,336,0,20260925
12.440549801957378,0,336,OD,0.8664519165545739,REFUGE,B_FULL_20260925_order0,B_FULL,336,0,20260925
9.57051244548541,0,736,OC,0.7483175679922824,REFUGE_Valid,B_FULL_20260925_order0,B_FULL,736,0,20260925
19.035860357970176,0,736,OD,0.8632591753718811,REFUGE_Valid,B_FULL_20260925_order0,B_FULL,736,0,20260925
33.30193627856369,0,37,OC,0.49732565765196696,Drishti_GS,B_FULL_20260925_order1,B_FULL,37,1,20260925
16.969077796340102,0,37,OD,0.8426701118700508,Drishti_GS,B_FULL_20260925_order1,B_FULL,37,1,20260925
27.011185795748126,0,586,OC,0.5081388743300406,ORIGA,B_FULL_20260925_order1,B_FULL,586,1,20260925
26.711956119426763,0,586,OD,0.7495818710884427,ORIGA,B_FULL_20260925_order1,B_FULL,586,1,20260925
8.630336583965924,0,336,OC,0.80207937002196,REFUGE,B_FULL_20260925_order1,B_FULL,336,1,20260925
12.441284874909375,0,336,OD,0.8664302900509157,REFUGE,B_FULL_20260925_order1,B_FULL,336,1,20260925
9.57114851527706,0,736,OC,0.748307853626052,REFUGE_Valid,B_FULL_20260925_order1,B_FULL,736,1,20260925
19.03558201346523,0,736,OD,0.8632593273315975,REFUGE_Valid,B_FULL_20260925_order1,B_FULL,736,1,20260925
33.28206812749897,0,37,OC,0.49657380505267623,Drishti_GS,B_STATIC_20260924_order0,B_STATIC,37,0,20260924
17.121450939832023,0,37,OD,0.8409846257958405,Drishti_GS,B_STATIC_20260924_order0,B_STATIC,37,0,20260924
27.008057402771236,0,586,OC,0.5086718857457757,ORIGA,B_STATIC_20260924_order0,B_STATIC,586,0,20260924
26.846724237870742,0,586,OD,0.7479272016991781,ORIGA,B_STATIC_20260924_order0,B_STATIC,586,0,20260924
8.787178518480587,0,336,OC,0.7982200546195355,REFUGE,B_STATIC_20260924_order0,B_STATIC,336,0,20260924
12.455976792935505,0,336,OD,0.865528220892156,REFUGE,B_STATIC_20260924_order0,B_STATIC,336,0,20260924
9.802634603707281,0,736,OC,0.7441668804141525,REFUGE_Valid,B_STATIC_20260924_order0,B_STATIC,736,0,20260924
19.361936950530925,0,736,OD,0.8629605153885175,REFUGE_Valid,B_STATIC_20260924_order0,B_STATIC,736,0,20260924
33.28206812749897,0,37,OC,0.49657380505267623,Drishti_GS,B_STATIC_20260924_order1,B_STATIC,37,1,20260924
17.121450939832023,0,37,OD,0.8409846257958405,Drishti_GS,B_STATIC_20260924_order1,B_STATIC,37,1,20260924
27.008057402771236,0,586,OC,0.5086718857457757,ORIGA,B_STATIC_20260924_order1,B_STATIC,586,1,20260924
26.846724237870742,0,586,OD,0.7479272016991781,ORIGA,B_STATIC_20260924_order1,B_STATIC,586,1,20260924
8.787178518480587,0,336,OC,0.7982200546195355,REFUGE,B_STATIC_20260924_order1,B_STATIC,336,1,20260924
12.455976792935505,0,336,OD,0.865528220892156,REFUGE,B_STATIC_20260924_order1,B_STATIC,336,1,20260924
9.802634603707281,0,736,OC,0.7441668804141525,REFUGE_Valid,B_STATIC_20260924_order1,B_STATIC,736,1,20260924
19.361936950530925,0,736,OD,0.8629605153885175,REFUGE_Valid,B_STATIC_20260924_order1,B_STATIC,736,1,20260924
32.79587236987889,0,37,OC,0.5072647054874716,Drishti_GS,B_STATIC_20260925_order0,B_STATIC,37,0,20260925
16.902013701970166,0,37,OD,0.8434240118107869,Drishti_GS,B_STATIC_20260925_order0,B_STATIC,37,0,20260925
26.834539769701042,0,586,OC,0.5135825078846551,ORIGA,B_STATIC_20260925_order0,B_STATIC,586,0,20260925
26.666842253097414,0,586,OD,0.7501340675403757,ORIGA,B_STATIC_20260925_order0,B_STATIC,586,0,20260925
8.485541852952295,0,336,OC,0.8057861726705737,REFUGE,B_STATIC_20260925_order0,B_STATIC,336,0,20260925
12.384339248472244,0,336,OD,0.8674632593435238,REFUGE,B_STATIC_20260925_order0,B_STATIC,336,0,20260925
9.713303403548418,0,736,OC,0.7457641686552512,REFUGE_Valid,B_STATIC_20260925_order0,B_STATIC,736,0,20260925
19.07497879935828,0,736,OD,0.8631388777746628,REFUGE_Valid,B_STATIC_20260925_order0,B_STATIC,736,0,20260925
32.79587236987889,0,37,OC,0.5072647054874716,Drishti_GS,B_STATIC_20260925_order1,B_STATIC,37,1,20260925
16.902013701970166,0,37,OD,0.8434240118107869,Drishti_GS,B_STATIC_20260925_order1,B_STATIC,37,1,20260925
26.834539769701042,0,586,OC,0.5135825078846551,ORIGA,B_STATIC_20260925_order1,B_STATIC,586,1,20260925
26.666842253097414,0,586,OD,0.7501340675403757,ORIGA,B_STATIC_20260925_order1,B_STATIC,586,1,20260925
8.485541852952295,0,336,OC,0.8057861726705737,REFUGE,B_STATIC_20260925_order1,B_STATIC,336,1,20260925
12.384339248472244,0,336,OD,0.8674632593435238,REFUGE,B_STATIC_20260925_order1,B_STATIC,336,1,20260925
9.713303403548418,0,736,OC,0.7457641686552512,REFUGE_Valid,B_STATIC_20260925_order1,B_STATIC,736,1,20260925
19.07497879935828,0,736,OD,0.8631388777746628,REFUGE_Valid,B_STATIC_20260925_order1,B_STATIC,736,1,20260925
27.195871885570124,0,37,OC,0.6084801236480549,Drishti_GS,C0_CURRENT_STATS_order0,C0_CURRENT_STATS,37,0,
16.08925395582764,0,37,OD,0.8510133128734226,Drishti_GS,C0_CURRENT_STATS_order0,C0_CURRENT_STATS,37,0,
24.700045708156704,0,586,OC,0.575890728510784,ORIGA,C0_CURRENT_STATS_order0,C0_CURRENT_STATS,586,0,
26.705503978941575,0,586,OD,0.7561922103243354,ORIGA,C0_CURRENT_STATS_order0,C0_CURRENT_STATS,586,0,
7.892411056499042,0,336,OC,0.8252420390576913,REFUGE,C0_CURRENT_STATS_order0,C0_CURRENT_STATS,336,0,
12.182543915627448,0,336,OD,0.8750622057161991,REFUGE,C0_CURRENT_STATS_order0,C0_CURRENT_STATS,336,0,
14.394922611694836,0,736,OC,0.6659466956158417,REFUGE_Valid,C0_CURRENT_STATS_order0,C0_CURRENT_STATS,736,0,
23.98399770938847,0,736,OD,0.8485262992888692,REFUGE_Valid,C0_CURRENT_STATS_order0,C0_CURRENT_STATS,736,0,
27.195871885570124,0,37,OC,0.6084801236480549,Drishti_GS,C0_CURRENT_STATS_order1,C0_CURRENT_STATS,37,1,
16.08925395582764,0,37,OD,0.8510133128734226,Drishti_GS,C0_CURRENT_STATS_order1,C0_CURRENT_STATS,37,1,
24.700045708156704,0,586,OC,0.575890728510784,ORIGA,C0_CURRENT_STATS_order1,C0_CURRENT_STATS,586,1,
26.705503978941575,0,586,OD,0.7561922103243354,ORIGA,C0_CURRENT_STATS_order1,C0_CURRENT_STATS,586,1,
7.892411056499042,0,336,OC,0.8252420390576913,REFUGE,C0_CURRENT_STATS_order1,C0_CURRENT_STATS,336,1,
12.182543915627448,0,336,OD,0.8750622057161991,REFUGE,C0_CURRENT_STATS_order1,C0_CURRENT_STATS,336,1,
14.394922611694836,0,736,OC,0.6659466956158417,REFUGE_Valid,C0_CURRENT_STATS_order1,C0_CURRENT_STATS,736,1,
23.98399770938847,0,736,OD,0.8485262992888692,REFUGE_Valid,C0_CURRENT_STATS_order1,C0_CURRENT_STATS,736,1,
31.428281772556566,0,37,OC,0.5320853693525388,Drishti_GS,CURRENT_MLP_None_20260924_order0,CURRENT_MLP,37,0,20260924
16.55897398079785,0,37,OD,0.8475693999050836,Drishti_GS,CURRENT_MLP_None_20260924_order0,CURRENT_MLP,37,0,20260924
25.586678382192318,0,586,OC,0.540530829205056,ORIGA,CURRENT_MLP_None_20260924_order0,CURRENT_MLP,586,0,20260924
25.526743025280926,0,586,OD,0.7600562125417254,ORIGA,CURRENT_MLP_None_20260924_order0,CURRENT_MLP,586,0,20260924
8.082999684343722,0,336,OC,0.815362312061139,REFUGE,CURRENT_MLP_None_20260924_order0,CURRENT_MLP,336,0,20260924
11.965073990764791,0,336,OD,0.8694829979608245,REFUGE,CURRENT_MLP_None_20260924_order0,CURRENT_MLP,336,0,20260924
11.47004784205826,0,736,OC,0.7125117982391898,REFUGE_Valid,CURRENT_MLP_None_20260924_order0,CURRENT_MLP,736,0,20260924
17.91015940976119,0,736,OD,0.8638541114035001,REFUGE_Valid,CURRENT_MLP_None_20260924_order0,CURRENT_MLP,736,0,20260924
31.428281772556566,0,37,OC,0.5320853693525388,Drishti_GS,CURRENT_MLP_None_20260924_order1,CURRENT_MLP,37,1,20260924
16.55897398079785,0,37,OD,0.8475693999050836,Drishti_GS,CURRENT_MLP_None_20260924_order1,CURRENT_MLP,37,1,20260924
25.586678382192318,0,586,OC,0.540530829205056,ORIGA,CURRENT_MLP_None_20260924_order1,CURRENT_MLP,586,1,20260924
25.526743025280926,0,586,OD,0.7600562125417254,ORIGA,CURRENT_MLP_None_20260924_order1,CURRENT_MLP,586,1,20260924
8.082999684343722,0,336,OC,0.815362312061139,REFUGE,CURRENT_MLP_None_20260924_order1,CURRENT_MLP,336,1,20260924
11.965073990764791,0,336,OD,0.8694829979608245,REFUGE,CURRENT_MLP_None_20260924_order1,CURRENT_MLP,336,1,20260924
11.47004784205826,0,736,OC,0.7125117982391898,REFUGE_Valid,CURRENT_MLP_None_20260924_order1,CURRENT_MLP,736,1,20260924
17.91015940976119,0,736,OD,0.8638541114035001,REFUGE_Valid,CURRENT_MLP_None_20260924_order1,CURRENT_MLP,736,1,20260924
31.184141569089867,0,37,OC,0.5379196217740564,Drishti_GS,CURRENT_MLP_None_20260925_order0,CURRENT_MLP,37,0,20260925
16.080489218972144,0,37,OD,0.8523735753967188,Drishti_GS,CURRENT_MLP_None_20260925_order0,CURRENT_MLP,37,0,20260925
25.4775216616561,0,586,OC,0.5442517672053281,ORIGA,CURRENT_MLP_None_20260925_order0,CURRENT_MLP,586,0,20260925
25.3621109310741,0,586,OD,0.7628554803516773,ORIGA,CURRENT_MLP_None_20260925_order0,CURRENT_MLP,586,0,20260925
8.012396657485104,0,336,OC,0.8169953621846155,REFUGE,CURRENT_MLP_None_20260925_order0,CURRENT_MLP,336,0,20260925
11.80148002942371,0,336,OD,0.8720400263518635,REFUGE,CURRENT_MLP_None_20260925_order0,CURRENT_MLP,336,0,20260925
11.688201862661142,0,736,OC,0.7086298279141351,REFUGE_Valid,CURRENT_MLP_None_20260925_order0,CURRENT_MLP,736,0,20260925
18.764285285014957,0,736,OD,0.8620366107866312,REFUGE_Valid,CURRENT_MLP_None_20260925_order0,CURRENT_MLP,736,0,20260925
31.184141569089867,0,37,OC,0.5379196217740564,Drishti_GS,CURRENT_MLP_None_20260925_order1,CURRENT_MLP,37,1,20260925
16.080489218972144,0,37,OD,0.8523735753967188,Drishti_GS,CURRENT_MLP_None_20260925_order1,CURRENT_MLP,37,1,20260925
25.4775216616561,0,586,OC,0.5442517672053281,ORIGA,CURRENT_MLP_None_20260925_order1,CURRENT_MLP,586,1,20260925
25.3621109310741,0,586,OD,0.7628554803516773,ORIGA,CURRENT_MLP_None_20260925_order1,CURRENT_MLP,586,1,20260925
8.012396657485104,0,336,OC,0.8169953621846155,REFUGE,CURRENT_MLP_None_20260925_order1,CURRENT_MLP,336,1,20260925
11.80148002942371,0,336,OD,0.8720400263518635,REFUGE,CURRENT_MLP_None_20260925_order1,CURRENT_MLP,336,1,20260925
11.688201862661142,0,736,OC,0.7086298279141351,REFUGE_Valid,CURRENT_MLP_None_20260925_order1,CURRENT_MLP,736,1,20260925
18.764285285014957,0,736,OD,0.8620366107866312,REFUGE_Valid,CURRENT_MLP_None_20260925_order1,CURRENT_MLP,736,1,20260925
23.498576944650708,0,37,OC,0.6936867603266048,Drishti_GS,C_CTTA_FIXED_LR_20260907_order0,C_CTTA_FIXED_LR,37,0,20260907
8.034825882606853,0,37,OD,0.9294947586476542,Drishti_GS,C_CTTA_FIXED_LR_20260907_order0,C_CTTA_FIXED_LR,37,0,20260907
16.868975751639816,0,586,OC,0.7246894910986826,ORIGA,C_CTTA_FIXED_LR_20260907_order0,C_CTTA_FIXED_LR,586,0,20260907
12.57681455764324,0,586,OD,0.8825708328613435,ORIGA,C_CTTA_FIXED_LR_20260907_order0,C_CTTA_FIXED_LR,586,0,20260907
7.541661994267889,0,336,OC,0.8327966210909303,REFUGE,C_CTTA_FIXED_LR_20260907_order0,C_CTTA_FIXED_LR,336,0,20260907
10.582681881661108,0,336,OD,0.883771914422293,REFUGE,C_CTTA_FIXED_LR_20260907_order0,C_CTTA_FIXED_LR,336,0,20260907
18.36035788558486,0,736,OC,0.5972251146944682,REFUGE_Valid,C_CTTA_FIXED_LR_20260907_order0,C_CTTA_FIXED_LR,736,0,20260907
20.695563988632028,0,736,OD,0.7841050005855557,REFUGE_Valid,C_CTTA_FIXED_LR_20260907_order0,C_CTTA_FIXED_LR,736,0,20260907
27.05460753149691,0,37,OC,0.6128186406542727,Drishti_GS,C_CTTA_FIXED_LR_20260907_order1,C_CTTA_FIXED_LR,37,1,20260907
15.193805943096432,0,37,OD,0.8595899660557197,Drishti_GS,C_CTTA_FIXED_LR_20260907_order1,C_CTTA_FIXED_LR,37,1,20260907
18.566709198973374,0,586,OC,0.6985253871598226,ORIGA,C_CTTA_FIXED_LR_20260907_order1,C_CTTA_FIXED_LR,586,1,20260907
13.301494528512045,0,586,OD,0.8784554846283864,ORIGA,C_CTTA_FIXED_LR_20260907_order1,C_CTTA_FIXED_LR,586,1,20260907
8.750577843635838,0,336,OC,0.8106637633862896,REFUGE,C_CTTA_FIXED_LR_20260907_order1,C_CTTA_FIXED_LR,336,1,20260907
8.132185324146857,0,336,OD,0.9104440483046775,REFUGE,C_CTTA_FIXED_LR_20260907_order1,C_CTTA_FIXED_LR,336,1,20260907
15.371625873010748,0,736,OC,0.6450324749119121,REFUGE_Valid,C_CTTA_FIXED_LR_20260907_order1,C_CTTA_FIXED_LR,736,1,20260907
17.00359301229681,0,736,OD,0.8249780776701519,REFUGE_Valid,C_CTTA_FIXED_LR_20260907_order1,C_CTTA_FIXED_LR,736,1,20260907
23.38434688957344,0,37,OC,0.6949794317980631,Drishti_GS,C_CTTA_FIXED_LR_20260908_order0,C_CTTA_FIXED_LR,37,0,20260908
9.036944703934576,0,37,OD,0.9205260346438388,Drishti_GS,C_CTTA_FIXED_LR_20260908_order0,C_CTTA_FIXED_LR,37,0,20260908
16.94440467907392,0,586,OC,0.7217296398161744,ORIGA,C_CTTA_FIXED_LR_20260908_order0,C_CTTA_FIXED_LR,586,0,20260908
13.28720406784263,0,586,OD,0.8756353944142055,ORIGA,C_CTTA_FIXED_LR_20260908_order0,C_CTTA_FIXED_LR,586,0,20260908
7.475167737286454,0,336,OC,0.8338181636259779,REFUGE,C_CTTA_FIXED_LR_20260908_order0,C_CTTA_FIXED_LR,336,0,20260908
11.742649508623495,0,336,OD,0.8737910152356541,REFUGE,C_CTTA_FIXED_LR_20260908_order0,C_CTTA_FIXED_LR,336,0,20260908
17.765916237614142,0,736,OC,0.6061048498362619,REFUGE_Valid,C_CTTA_FIXED_LR_20260908_order0,C_CTTA_FIXED_LR,736,0,20260908
18.721150920273438,0,736,OD,0.805829874110049,REFUGE_Valid,C_CTTA_FIXED_LR_20260908_order0,C_CTTA_FIXED_LR,736,0,20260908
26.909962096245827,0,37,OC,0.6140446132342373,Drishti_GS,C_CTTA_FIXED_LR_20260908_order1,C_CTTA_FIXED_LR,37,1,20260908
14.701903078653356,0,37,OD,0.8645489805884284,Drishti_GS,C_CTTA_FIXED_LR_20260908_order1,C_CTTA_FIXED_LR,37,1,20260908
18.575804409760856,0,586,OC,0.6995958354183284,ORIGA,C_CTTA_FIXED_LR_20260908_order1,C_CTTA_FIXED_LR,586,1,20260908
13.418425959881304,0,586,OD,0.878264101402568,ORIGA,C_CTTA_FIXED_LR_20260908_order1,C_CTTA_FIXED_LR,586,1,20260908
9.130420945629385,0,336,OC,0.8044192703583557,REFUGE,C_CTTA_FIXED_LR_20260908_order1,C_CTTA_FIXED_LR,336,1,20260908
8.462709026108376,0,336,OD,0.9073640463861743,REFUGE,C_CTTA_FIXED_LR_20260908_order1,C_CTTA_FIXED_LR,336,1,20260908
15.617133575808527,0,736,OC,0.6416855107689866,REFUGE_Valid,C_CTTA_FIXED_LR_20260908_order1,C_CTTA_FIXED_LR,736,1,20260908
17.268115312036578,0,736,OD,0.8197180933188495,REFUGE_Valid,C_CTTA_FIXED_LR_20260908_order1,C_CTTA_FIXED_LR,736,1,20260908
26.596930333556013,0,37,OC,0.6266875475021351,Drishti_GS,G_CTTA_RELEASE_TRANSFER_20260907_order0,G_CTTA_RELEASE_TRANSFER,37,0,20260907
13.453069762246145,0,37,OD,0.877015274398476,Drishti_GS,G_CTTA_RELEASE_TRANSFER_20260907_order0,G_CTTA_RELEASE_TRANSFER,37,0,20260907
20.188969576027745,0,586,OC,0.6529508408286007,ORIGA,G_CTTA_RELEASE_TRANSFER_20260907_order0,G_CTTA_RELEASE_TRANSFER,586,0,20260907
19.582079343980254,0,586,OD,0.819769999245805,ORIGA,G_CTTA_RELEASE_TRANSFER_20260907_order0,G_CTTA_RELEASE_TRANSFER,586,0,20260907
7.68309412325399,0,336,OC,0.8296832033408206,REFUGE,G_CTTA_RELEASE_TRANSFER_20260907_order0,G_CTTA_RELEASE_TRANSFER,336,0,20260907
11.71414278490373,0,336,OD,0.8770437753726564,REFUGE,G_CTTA_RELEASE_TRANSFER_20260907_order0,G_CTTA_RELEASE_TRANSFER,336,0,20260907
14.731212278083003,0,736,OC,0.653613792718653,REFUGE_Valid,G_CTTA_RELEASE_TRANSFER_20260907_order0,G_CTTA_RELEASE_TRANSFER,736,0,20260907
15.047601624245877,0,736,OD,0.8530035888751065,REFUGE_Valid,G_CTTA_RELEASE_TRANSFER_20260907_order0,G_CTTA_RELEASE_TRANSFER,736,0,20260907
27.14461799708481,0,37,OC,0.6091963756636153,Drishti_GS,G_CTTA_RELEASE_TRANSFER_20260907_order1,G_CTTA_RELEASE_TRANSFER,37,1,20260907
15.759251723745596,0,37,OD,0.8539033317939853,Drishti_GS,G_CTTA_RELEASE_TRANSFER_20260907_order1,G_CTTA_RELEASE_TRANSFER,37,1,20260907
21.406371840483104,0,586,OC,0.6296088684736925,ORIGA,G_CTTA_RELEASE_TRANSFER_20260907_order1,G_CTTA_RELEASE_TRANSFER,586,1,20260907
20.00610795927332,0,586,OD,0.8142651332029203,ORIGA,G_CTTA_RELEASE_TRANSFER_20260907_order1,G_CTTA_RELEASE_TRANSFER,586,1,20260907
7.4328723932653755,0,336,OC,0.8349046242656999,REFUGE,G_CTTA_RELEASE_TRANSFER_20260907_order1,G_CTTA_RELEASE_TRANSFER,336,1,20260907
8.535334449653202,0,336,OD,0.903881157280643,REFUGE,G_CTTA_RELEASE_TRANSFER_20260907_order1,G_CTTA_RELEASE_TRANSFER,336,1,20260907
14.37800101011767,0,736,OC,0.6623084251304597,REFUGE_Valid,G_CTTA_RELEASE_TRANSFER_20260907_order1,G_CTTA_RELEASE_TRANSFER,736,1,20260907
17.610844225273947,0,736,OD,0.8589149168856595,REFUGE_Valid,G_CTTA_RELEASE_TRANSFER_20260907_order1,G_CTTA_RELEASE_TRANSFER,736,1,20260907
26.658347461472296,0,37,OC,0.6256827040640203,Drishti_GS,G_CTTA_RELEASE_TRANSFER_20260908_order0,G_CTTA_RELEASE_TRANSFER,37,0,20260908
13.64104460158114,0,37,OD,0.8749165651796937,Drishti_GS,G_CTTA_RELEASE_TRANSFER_20260908_order0,G_CTTA_RELEASE_TRANSFER,37,0,20260908
20.107355180450444,0,586,OC,0.6543470465598653,ORIGA,G_CTTA_RELEASE_TRANSFER_20260908_order0,G_CTTA_RELEASE_TRANSFER,586,0,20260908
19.67953188879802,0,586,OD,0.8191883754709838,ORIGA,G_CTTA_RELEASE_TRANSFER_20260908_order0,G_CTTA_RELEASE_TRANSFER,586,0,20260908
7.6691295178474626,0,336,OC,0.8299418574168065,REFUGE,G_CTTA_RELEASE_TRANSFER_20260908_order0,G_CTTA_RELEASE_TRANSFER,336,0,20260908
12.078110560987325,0,336,OD,0.8741048720785596,REFUGE,G_CTTA_RELEASE_TRANSFER_20260908_order0,G_CTTA_RELEASE_TRANSFER,336,0,20260908
14.568389249678546,0,736,OC,0.6558276094962786,REFUGE_Valid,G_CTTA_RELEASE_TRANSFER_20260908_order0,G_CTTA_RELEASE_TRANSFER,736,0,20260908
15.215435152666457,0,736,OD,0.8570785815673307,REFUGE_Valid,G_CTTA_RELEASE_TRANSFER_20260908_order0,G_CTTA_RELEASE_TRANSFER,736,0,20260908
27.126378908186535,0,37,OC,0.6094606111674215,Drishti_GS,G_CTTA_RELEASE_TRANSFER_20260908_order1,G_CTTA_RELEASE_TRANSFER,37,1,20260908
15.678573012716354,0,37,OD,0.8547236116462388,Drishti_GS,G_CTTA_RELEASE_TRANSFER_20260908_order1,G_CTTA_RELEASE_TRANSFER,37,1,20260908
21.20189767734751,0,586,OC,0.6336205694846633,ORIGA,G_CTTA_RELEASE_TRANSFER_20260908_order1,G_CTTA_RELEASE_TRANSFER,586,1,20260908
19.786190305172898,0,586,OD,0.8167695676179488,ORIGA,G_CTTA_RELEASE_TRANSFER_20260908_order1,G_CTTA_RELEASE_TRANSFER,586,1,20260908
7.419751998140919,0,336,OC,0.8354654095153222,REFUGE,G_CTTA_RELEASE_TRANSFER_20260908_order1,G_CTTA_RELEASE_TRANSFER,336,1,20260908
8.49153133057315,0,336,OD,0.9043478668250119,REFUGE,G_CTTA_RELEASE_TRANSFER_20260908_order1,G_CTTA_RELEASE_TRANSFER,336,1,20260908
14.392614537758277,0,736,OC,0.6625667068563206,REFUGE_Valid,G_CTTA_RELEASE_TRANSFER_20260908_order1,G_CTTA_RELEASE_TRANSFER,736,1,20260908
17.787013298800435,0,736,OD,0.8585935245116623,REFUGE_Valid,G_CTTA_RELEASE_TRANSFER_20260908_order1,G_CTTA_RELEASE_TRANSFER,736,1,20260908
24.36197245327172,0,37,OC,0.6289980486229534,Drishti_GS,N_SOURCE_EVAL_order0,N_SOURCE_EVAL,37,0,
17.092493150600152,0,37,OD,0.8386385127761768,Drishti_GS,N_SOURCE_EVAL_order0,N_SOURCE_EVAL,37,0,
29.77041580634575,86,500,OC,0.3646301605852443,ORIGA,N_SOURCE_EVAL_order0,N_SOURCE_EVAL,586,0,
30.196976623371594,0,586,OD,0.6983706878624707,ORIGA,N_SOURCE_EVAL_order0,N_SOURCE_EVAL,586,0,
8.657649105912121,1,335,OC,0.7849053659064704,REFUGE,N_SOURCE_EVAL_order0,N_SOURCE_EVAL,336,0,
12.686314132966084,0,336,OD,0.8630737610929213,REFUGE,N_SOURCE_EVAL_order0,N_SOURCE_EVAL,336,0,
13.203247889972243,36,700,OC,0.5284811077800978,REFUGE_Valid,N_SOURCE_EVAL_order0,N_SOURCE_EVAL,736,0,
52.23809299549114,0,736,OD,0.7489488898626976,REFUGE_Valid,N_SOURCE_EVAL_order0,N_SOURCE_EVAL,736,0,
24.36197245327172,0,37,OC,0.6289980486229534,Drishti_GS,N_SOURCE_EVAL_order1,N_SOURCE_EVAL,37,1,
17.092493150600152,0,37,OD,0.8386385127761768,Drishti_GS,N_SOURCE_EVAL_order1,N_SOURCE_EVAL,37,1,
29.77041580634575,86,500,OC,0.3646301605852443,ORIGA,N_SOURCE_EVAL_order1,N_SOURCE_EVAL,586,1,
30.196976623371594,0,586,OD,0.6983706878624707,ORIGA,N_SOURCE_EVAL_order1,N_SOURCE_EVAL,586,1,
8.657649105912121,1,335,OC,0.7849053659064704,REFUGE,N_SOURCE_EVAL_order1,N_SOURCE_EVAL,336,1,
12.686314132966084,0,336,OD,0.8630737610929213,REFUGE,N_SOURCE_EVAL_order1,N_SOURCE_EVAL,336,1,
13.203247889972243,36,700,OC,0.5284811077800978,REFUGE_Valid,N_SOURCE_EVAL_order1,N_SOURCE_EVAL,736,1,
52.23809299549114,0,736,OD,0.7489488898626976,REFUGE_Valid,N_SOURCE_EVAL_order1,N_SOURCE_EVAL,736,1,
27.205343217097266,0,37,OC,0.6083616927485586,Drishti_GS,R7_C_FULL_order0,R7_C_FULL,37,0,
16.09048083396716,0,37,OD,0.8510677036908243,Drishti_GS,R7_C_FULL_order0,R7_C_FULL,37,0,
24.70573713882079,0,586,OC,0.5757775549959567,ORIGA,R7_C_FULL_order0,R7_C_FULL,586,0,
26.699684510400804,0,586,OD,0.7562378669715101,ORIGA,R7_C_FULL_order0,R7_C_FULL,586,0,
7.890316516655678,0,336,OC,0.8252525600964337,REFUGE,R7_C_FULL_order0,R7_C_FULL,336,0,
12.18469405328652,0,336,OD,0.8750871573293687,REFUGE,R7_C_FULL_order0,R7_C_FULL,336,0,
14.390755362216382,0,736,OC,0.6660459395526502,REFUGE_Valid,R7_C_FULL_order0,R7_C_FULL,736,0,
24.003735354850292,0,736,OD,0.8485167827701929,REFUGE_Valid,R7_C_FULL_order0,R7_C_FULL,736,0,
27.20399241097906,0,37,OC,0.6083715473840255,Drishti_GS,R7_C_FULL_order1,R7_C_FULL,37,1,
16.090749979791493,0,37,OD,0.8510666658134085,Drishti_GS,R7_C_FULL_order1,R7_C_FULL,37,1,
24.705875196979267,0,586,OC,0.575777290279574,ORIGA,R7_C_FULL_order1,R7_C_FULL,586,1,
26.699684510400804,0,586,OD,0.7562378669715101,ORIGA,R7_C_FULL_order1,R7_C_FULL,586,1,
7.890951216890671,0,336,OC,0.8252504007154473,REFUGE,R7_C_FULL_order1,R7_C_FULL,336,1,
12.184650320496404,0,336,OD,0.8750862174051216,REFUGE,R7_C_FULL_order1,R7_C_FULL,336,1,
14.390834109427495,0,736,OC,0.6660450816731465,REFUGE_Valid,R7_C_FULL_order1,R7_C_FULL,736,1,
24.003753114963494,0,736,OD,0.8485164252317032,REFUGE_Valid,R7_C_FULL_order1,R7_C_FULL,736,1,
27.193363886146724,0,37,OC,0.6084915320365367,Drishti_GS,R7_C_STATIC_order0,R7_C_STATIC,37,0,
16.090679244960405,0,37,OD,0.8510414985199851,Drishti_GS,R7_C_STATIC_order0,R7_C_STATIC,37,0,
24.702340126605222,0,586,OC,0.5758941513511898,ORIGA,R7_C_STATIC_order0,R7_C_STATIC,586,0,
26.70466291110464,0,586,OD,0.7562214274778157,ORIGA,R7_C_STATIC_order0,R7_C_STATIC,586,0,
7.890552738818998,0,336,OC,0.8252532826705551,REFUGE,R7_C_STATIC_order0,R7_C_STATIC,336,0,
12.18282062318298,0,336,OD,0.8750766576987774,REFUGE,R7_C_STATIC_order0,R7_C_STATIC,336,0,
14.395710703568463,0,736,OC,0.6659326528599564,REFUGE_Valid,R7_C_STATIC_order0,R7_C_STATIC,736,0,
24.001028669855234,0,736,OD,0.8485101740501322,REFUGE_Valid,R7_C_STATIC_order0,R7_C_STATIC,736,0,
27.193363886146724,0,37,OC,0.6084915320365367,Drishti_GS,R7_C_STATIC_order1,R7_C_STATIC,37,1,
16.090679244960405,0,37,OD,0.8510414985199851,Drishti_GS,R7_C_STATIC_order1,R7_C_STATIC,37,1,
24.702340126605222,0,586,OC,0.5758941513511898,ORIGA,R7_C_STATIC_order1,R7_C_STATIC,586,1,
26.70466291110464,0,586,OD,0.7562214274778157,ORIGA,R7_C_STATIC_order1,R7_C_STATIC,586,1,
7.890552738818998,0,336,OC,0.8252532826705551,REFUGE,R7_C_STATIC_order1,R7_C_STATIC,336,1,
12.18282062318298,0,336,OD,0.8750766576987774,REFUGE,R7_C_STATIC_order1,R7_C_STATIC,336,1,
14.395710703568463,0,736,OC,0.6659326528599564,REFUGE_Valid,R7_C_STATIC_order1,R7_C_STATIC,736,1,
24.001028669855234,0,736,OD,0.8485101740501322,REFUGE_Valid,R7_C_STATIC_order1,R7_C_STATIC,736,1,
27.03307980682023,0,37,OC,0.5949424360753256,Drishti_GS,VPTTA_NATIVE_20260907_order0,VPTTA_NATIVE,37,0,20260907
16.665373706814457,0,37,OD,0.8443389029825333,Drishti_GS,VPTTA_NATIVE_20260907_order0,VPTTA_NATIVE,37,0,20260907
27.36093023168998,7,579,OC,0.478335999057184,ORIGA,VPTTA_NATIVE_20260907_order0,VPTTA_NATIVE,586,0,20260907
24.900053059228746,0,586,OD,0.7592744865509361,ORIGA,VPTTA_NATIVE_20260907_order0,VPTTA_NATIVE,586,0,20260907
8.154463488951762,0,336,OC,0.8189458121785703,REFUGE,VPTTA_NATIVE_20260907_order0,VPTTA_NATIVE,336,0,20260907
11.753538988190881,0,336,OD,0.872391498051297,REFUGE,VPTTA_NATIVE_20260907_order0,VPTTA_NATIVE,336,0,20260907
9.740520968932763,0,736,OC,0.7430771148276286,REFUGE_Valid,VPTTA_NATIVE_20260907_order0,VPTTA_NATIVE,736,0,20260907
20.55971077310151,0,736,OD,0.8294360738634876,REFUGE_Valid,VPTTA_NATIVE_20260907_order0,VPTTA_NATIVE,736,0,20260907
25.358270772925184,0,37,OC,0.638517053405568,Drishti_GS,VPTTA_NATIVE_20260907_order1,VPTTA_NATIVE,37,1,20260907
15.339906823586357,0,37,OD,0.8577542948180586,Drishti_GS,VPTTA_NATIVE_20260907_order1,VPTTA_NATIVE,37,1,20260907
27.842162513989532,18,568,OC,0.45759658168705064,ORIGA,VPTTA_NATIVE_20260907_order1,VPTTA_NATIVE,586,1,20260907
24.455681301544814,0,586,OD,0.7604038559403286,ORIGA,VPTTA_NATIVE_20260907_order1,VPTTA_NATIVE,586,1,20260907
8.245237440287067,0,336,OC,0.8113188389273106,REFUGE,VPTTA_NATIVE_20260907_order1,VPTTA_NATIVE,336,1,20260907
12.167354786507973,0,336,OD,0.8644443349328773,REFUGE,VPTTA_NATIVE_20260907_order1,VPTTA_NATIVE,336,1,20260907
10.323490015027362,0,736,OC,0.7371471389410863,REFUGE_Valid,VPTTA_NATIVE_20260907_order1,VPTTA_NATIVE,736,1,20260907
23.250160191991718,0,736,OD,0.836253472418627,REFUGE_Valid,VPTTA_NATIVE_20260907_order1,VPTTA_NATIVE,736,1,20260907
27.03307980682023,0,37,OC,0.5949424360753256,Drishti_GS,VPTTA_NATIVE_20260908_order0,VPTTA_NATIVE,37,0,20260908
16.665373706814457,0,37,OD,0.8443389029825333,Drishti_GS,VPTTA_NATIVE_20260908_order0,VPTTA_NATIVE,37,0,20260908
27.36093023168998,7,579,OC,0.478335999057184,ORIGA,VPTTA_NATIVE_20260908_order0,VPTTA_NATIVE,586,0,20260908
24.900053059228746,0,586,OD,0.7592744865509361,ORIGA,VPTTA_NATIVE_20260908_order0,VPTTA_NATIVE,586,0,20260908
8.154463488951762,0,336,OC,0.8189458121785703,REFUGE,VPTTA_NATIVE_20260908_order0,VPTTA_NATIVE,336,0,20260908
11.753538988190881,0,336,OD,0.872391498051297,REFUGE,VPTTA_NATIVE_20260908_order0,VPTTA_NATIVE,336,0,20260908
9.740520968932763,0,736,OC,0.7430771148276286,REFUGE_Valid,VPTTA_NATIVE_20260908_order0,VPTTA_NATIVE,736,0,20260908
20.55971077310151,0,736,OD,0.8294360738634876,REFUGE_Valid,VPTTA_NATIVE_20260908_order0,VPTTA_NATIVE,736,0,20260908
25.358270772925184,0,37,OC,0.638517053405568,Drishti_GS,VPTTA_NATIVE_20260908_order1,VPTTA_NATIVE,37,1,20260908
15.339906823586357,0,37,OD,0.8577542948180586,Drishti_GS,VPTTA_NATIVE_20260908_order1,VPTTA_NATIVE,37,1,20260908
27.842162513989532,18,568,OC,0.45759658168705064,ORIGA,VPTTA_NATIVE_20260908_order1,VPTTA_NATIVE,586,1,20260908
24.455681301544814,0,586,OD,0.7604038559403286,ORIGA,VPTTA_NATIVE_20260908_order1,VPTTA_NATIVE,586,1,20260908
8.245237440287067,0,336,OC,0.8113188389273106,REFUGE,VPTTA_NATIVE_20260908_order1,VPTTA_NATIVE,336,1,20260908
12.167354786507973,0,336,OD,0.8644443349328773,REFUGE,VPTTA_NATIVE_20260908_order1,VPTTA_NATIVE,336,1,20260908
10.323490015027362,0,736,OC,0.7371471389410863,REFUGE_Valid,VPTTA_NATIVE_20260908_order1,VPTTA_NATIVE,736,1,20260908
23.250160191991718,0,736,OD,0.836253472418627,REFUGE_Valid,VPTTA_NATIVE_20260908_order1,VPTTA_NATIVE,736,1,20260908
