job,arm,order,records,worker_seconds,host_seconds,pipeline_seconds,peak_allocated_bytes,peak_bank_state_bytes,peak_context_tensor_bytes,peak_slots,context_created,context_switches,context_overflows,context_load_seconds,network_forwards,loss_backward_calls,jacobian_vjp_calls,adam_calls,actual_parameter_replacements
o0a0,C,0,1951,1305.439153505955,1150.545979868155,1301.8137174102012,615037952,0,0,0,0,0,0,0.0,15608,1951,0,1951,0
o0a1,RP,0,1951,1320.3549901880324,1167.0590630986262,1316.5437267913949,667991040,0,0,0,0,0,0,0.0,15608,1951,0,1951,0
o0a2,T_LR,0,1951,1444.7619222148787,1293.2486687791534,1441.4672064385377,675395072,77056,0,0,0,0,0,0.0,17559,1951,0,1951,0
o0a3,T_ISO,0,1951,1412.1025748790707,1258.0027196868323,1408.68623247114,675395072,77056,0,0,0,0,0,0.0,17559,1951,0,1951,0
o0a5,U_PCA,0,1951,1578.9130245589186,1425.374116428662,1574.8704375063535,832226304,77056,0,0,0,0,0,0.0,15608,1951,15470,1951,1935
o0a4,T_DIAG,0,1951,1416.8745570520405,1258.195575907128,1413.2812026606407,675395072,77056,0,0,0,0,0,0.0,17559,1951,0,1951,0
o0a6,U_RAND,0,1951,1582.462234265171,1430.9474234865047,1579.0245081004687,832226304,77056,0,0,0,0,0,0.0,15608,1951,15472,1951,1935
o0a7,U_SCALE,0,1951,1573.5378462190274,1421.9903004253283,1570.0590485876892,832226304,77056,0,0,0,0,0,0.0,15608,1951,15472,1951,1935
o0a8,S_JOINT,0,1951,1419.5576816359535,1267.99535248545,1416.0556545006111,723890688,77056,999128,3,3,301,36,7.0857763616368175,17559,1951,0,1951,302
o0a9,S_SHARED,0,1951,1414.7710577859543,1262.2156227505766,1411.2293814525474,723890688,77056,309248,3,3,301,36,0.5514488010667264,17559,1951,0,1951,0
o0a10,S_NOPCA,0,1951,1407.0766267240979,1252.380974401487,1403.4176642345265,673297920,77056,999128,3,3,301,36,7.7282485794276,17559,1951,0,1951,302
o0a11,M_TRANSPORT,0,1951,1301.7468605339527,1148.3816521081608,1298.1180458751041,632860160,77056,0,0,0,0,0,0.0,15608,1951,0,1951,0
o0a12,M_IDPOST,0,1951,1299.729520983994,1143.0830622084904,1295.9706001556478,632860160,77056,0,0,0,0,0,0.0,15608,1951,0,1951,0
o0a13,M_SHUFFLE,0,1951,1300.7444658421446,1144.36873474624,1297.0116014066152,632991232,77056,0,0,0,0,0,0.0,15608,1951,0,1951,0
o0a14,G_PCA,0,1951,1360.1361422019545,1207.411785758799,1356.6205762482714,584364544,77056,0,0,0,0,0,0.0,15608,1951,0,1951,0
o0a15,G_ISO,0,1951,1358.3088139591273,1205.1373992708977,1354.4576055789366,584364544,77056,0,0,0,0,0,0.0,15608,1951,0,1951,0
o0a16,G_ORDER,0,1951,1298.0770478658378,1144.3714528190903,1294.609055744484,584364544,77056,0,0,0,0,0,0.0,15608,1951,0,1951,0
o1a0,C,1,1951,1284.576314480044,1128.4122032027226,1280.6698459219187,617135104,0,0,0,0,0,0,0.0,15608,1951,0,1951,0
o1a1,RP,1,1951,1349.6488952529617,1193.109933210304,1345.572341792751,667991040,0,0,0,0,0,0,0.0,15608,1951,0,1951,0
o1a2,T_LR,1,1951,1438.1423570101615,1284.4866250650957,1434.4195059323683,675395072,77056,0,0,0,0,0,0.0,17559,1951,0,1951,0
o1a3,T_ISO,1,1951,1435.9304087150376,1282.3424806299154,1432.1858454202302,675395072,77056,0,0,0,0,0,0.0,17559,1951,0,1951,0
o1a4,T_DIAG,1,1951,1404.7335403161123,1250.300581555115,1400.9067136857193,675395072,77056,0,0,0,0,0,0.0,17559,1951,0,1951,0
o1a5,U_PCA,1,1951,1547.9240940799937,1393.1212826750707,1544.122688199859,832226304,77056,0,0,0,0,0,0.0,15608,1951,15462,1951,1935
o1a6,U_RAND,1,1951,1574.9070420558564,1422.2755550197326,1571.173603235511,832226304,77056,0,0,0,0,0,0.0,15608,1951,15462,1951,1935
o1a7,U_SCALE,1,1951,1565.1798217589967,1413.4187056145165,1561.3655382096767,832226304,77056,0,0,0,0,0,0.0,15608,1951,15462,1951,1935
o1a8,S_JOINT,1,1951,1423.4367235070094,1270.639450063929,1419.4987466032617,723890688,77056,999128,3,3,84,3,2.383721788879484,17559,1951,0,1951,85
o1a10,S_NOPCA,1,1951,1403.3931837989949,1250.4970114007592,1399.3936511690263,673297920,77056,999128,3,3,84,3,2.6442309063859284,17559,1951,0,1951,85
o1a9,S_SHARED,1,1951,1414.8377545450348,1262.820554309059,1410.6740776910447,723890688,77056,309248,3,3,84,3,0.4571534004062414,17559,1951,0,1951,0
o1a12,M_IDPOST,1,1951,1294.2189334190916,1140.3494624292944,1290.4014817262068,632860160,77056,0,0,0,0,0,0.0,15608,1951,0,1951,0
o1a11,M_TRANSPORT,1,1951,1302.837093676906,1149.2978514959104,1298.8241804502904,632991232,77056,0,0,0,0,0,0.0,15608,1951,0,1951,0
o1a14,G_PCA,1,1951,1376.5514881049749,1223.394930909155,1372.6782510557678,584364544,77056,0,0,0,0,0,0.0,15608,1951,0,1951,0
o1a13,M_SHUFFLE,1,1951,1327.1563531230204,1172.8575292939786,1323.3763829427771,632860160,77056,0,0,0,0,0,0.0,15608,1951,0,1951,0
o1a16,G_ORDER,1,1951,1280.748256788822,1129.0894510375801,1276.89417114947,584364544,77056,0,0,0,0,0,0.0,15608,1951,0,1951,0
o1a15,G_ISO,1,1951,1347.1198588339612,1194.5779443783686,1343.2239178980235,584364544,77056,0,0,0,0,0,0.0,15608,1951,0,1951,0
o2a1,RP,2,1951,1283.5036890709307,1130.2251995557453,1279.020249716239,667991040,0,0,0,0,0,0,0.0,15608,1951,0,1951,0
o2a0,C,2,1951,1264.900829410879,1112.2077656483743,1260.6089898827486,617135104,0,0,0,0,0,0,0.0,15608,1951,0,1951,0
o2a3,T_ISO,2,1951,1336.8758487768937,1184.805401862599,1332.766436839942,675395072,77056,0,0,0,0,0,0.0,17559,1951,0,1951,0
o2a2,T_LR,2,1951,1373.17294725799,1220.0574892505538,1369.1637944991235,675395072,77056,0,0,0,0,0,0.0,17559,1951,0,1951,0
o2a5,U_PCA,2,1951,1449.6687284430955,1297.8003709604964,1445.7057691821828,832226304,77056,0,0,0,0,0,0.0,15608,1951,15450,1951,1935
o2a4,T_DIAG,2,1951,1363.5901036050636,1210.3090088502504,1359.5716736973263,675395072,77056,0,0,0,0,0,0.0,17559,1951,0,1951,0
o2a7,U_SCALE,2,1951,1442.0619873350952,1288.5160687919706,1437.8805904367473,832226304,77056,0,0,0,0,0,0.0,15608,1951,15452,1951,1935
o2a6,U_RAND,2,1951,1439.9341328141745,1288.6536990466993,1435.9344885002356,832226304,77056,0,0,0,0,0,0.0,15608,1951,15450,1951,1935
o2a9,S_SHARED,2,1951,1347.4186416820157,1194.0324758074712,1343.3051599550527,723890688,77056,309248,3,3,641,28,0.5478461007587612,17559,1951,0,1951,0
o2a8,S_JOINT,2,1951,1374.64143191115,1223.0545832200442,1370.5815399256535,723890688,77056,999128,3,3,641,28,21.111059649148956,17559,1951,0,1951,642
o2a11,M_TRANSPORT,2,1951,1256.8546345350333,1103.7816511413548,1252.6578518082388,632860160,77056,0,0,0,0,0,0.0,15608,1951,0,1951,0
o2a10,S_NOPCA,2,1951,1375.4560313730035,1223.3563147967216,1371.1820390888024,673297920,77056,999128,3,3,641,28,17.596647322410718,17559,1951,0,1951,642
o2a13,M_SHUFFLE,2,1951,1303.8852856238373,1150.720216496149,1299.8301463783719,632860160,77056,0,0,0,0,0,0.0,15608,1951,0,1951,0
o2a12,M_IDPOST,2,1951,1283.1442809230648,1130.5152173817623,1279.0385162509046,632860160,77056,0,0,0,0,0,0.0,15608,1951,0,1951,0
o2a15,G_ISO,2,1951,1319.7065988620743,1169.007484131027,1315.4421935521532,584364544,77056,0,0,0,0,0,0.0,15608,1951,0,1951,0
o2a14,G_PCA,2,1951,1360.513358619064,1208.7366310621146,1356.0825955565087,584364544,77056,0,0,0,0,0,0.0,15608,1951,0,1951,0
o3a0,C,3,1951,1308.2692570609506,1155.2954614711925,1303.5394306916278,615037952,0,0,0,0,0,0,0.0,15608,1951,0,1951,0
o2a16,G_ORDER,2,1951,1294.2160763600841,1142.9969865921885,1290.01002506027,584364544,77056,0,0,0,0,0,0.0,15608,1951,0,1951,0
o3a2,T_LR,3,1951,1395.4040578738786,1242.3151777796447,1391.1590130531695,675395072,77056,0,0,0,0,0,0.0,17559,1951,0,1951,0
o3a1,RP,3,1951,1328.0657290141098,1173.6276293110568,1323.402765540639,667991040,0,0,0,0,0,0,0.0,15608,1951,0,1951,0
o3a4,T_DIAG,3,1951,1432.4231743048877,1278.1922272627708,1428.0067941350862,675395072,77056,0,0,0,0,0,0.0,17559,1951,0,1951,0
o3a3,T_ISO,3,1951,1418.712307953043,1263.9999473113567,1414.2885095351376,675395072,77056,0,0,0,0,0,0.0,17559,1951,0,1951,0
o3a6,U_RAND,3,1951,1550.1487620088737,1395.814181557158,1545.8042120172177,832226304,77056,0,0,0,0,0,0.0,15608,1951,15422,1951,1935
o3a5,U_PCA,3,1951,1567.938609719975,1415.5282705535647,1563.5618054533843,832226304,77056,0,0,0,0,0,0.0,15608,1951,15422,1951,1935
o3a8,S_JOINT,3,1951,1435.3975224571768,1282.1200677885208,1430.983773062937,723890688,77056,999128,3,3,593,81,16.20395336393267,17559,1951,0,1951,594
o3a7,U_SCALE,3,1951,1576.0252442730125,1423.4732220247388,1571.4839400853962,832226304,77056,0,0,0,0,0,0.0,15608,1951,15422,1951,1935
o3a10,S_NOPCA,3,1951,1416.4913803429808,1263.5906851007603,1411.9837615203578,673297920,77056,999128,3,3,593,81,18.034184970892966,17559,1951,0,1951,594
o3a9,S_SHARED,3,1951,1392.7185274909716,1239.43969048094,1388.2802529910114,723890688,77056,309248,3,3,593,81,0.5517448196187615,17559,1951,0,1951,0
o3a12,M_IDPOST,3,1951,1288.3110460289754,1135.814193095779,1283.7474850940052,632991232,77056,0,0,0,0,0,0.0,15608,1951,0,1951,0
o3a11,M_TRANSPORT,3,1951,1265.7484580518212,1113.123057371471,1261.2795333818067,632860160,77056,0,0,0,0,0,0.0,15608,1951,0,1951,0
o3a14,G_PCA,3,1951,1328.7047798170242,1175.336932336213,1324.222353057703,584364544,77056,0,0,0,0,0,0.0,15608,1951,0,1951,0
o3a13,M_SHUFFLE,3,1951,1265.7531278349925,1111.708528536139,1261.352922641905,632991232,77056,0,0,0,0,0,0.0,15608,1951,0,1951,0
o3a16,G_ORDER,3,1951,1249.4640658081044,1098.0253774307203,1245.0291221558582,584364544,77056,0,0,0,0,0,0.0,15608,1951,0,1951,0
o3a15,G_ISO,3,1951,1310.8903752979822,1159.4657308121677,1306.3390569710173,584364544,77056,0,0,0,0,0,0.0,15608,1951,0,1951,0
o4a1,RP,4,1951,1279.57942592795,1124.536128475098,1274.682107814122,667991040,0,0,0,0,0,0,0.0,15608,1951,0,1951,0
o4a0,C,4,1951,1251.6847130118404,1095.934929037001,1246.7879910152406,615037952,0,0,0,0,0,0,0.0,15608,1951,0,1951,0
o4a3,T_ISO,4,1951,1386.1699202121235,1234.627507358091,1381.2179495885503,675395072,77056,0,0,0,0,0,0.0,17559,1951,0,1951,0
o4a2,T_LR,4,1951,1382.0378386590164,1230.6787544123363,1377.4261380410753,675395072,77056,0,0,0,0,0,0.0,17559,1951,0,1951,0
o4a5,U_PCA,4,1951,1505.8036683478858,1353.6318170430604,1501.0736043129582,832226304,77056,0,0,0,0,0,0.0,15608,1951,15454,1951,1935
o4a4,T_DIAG,4,1951,1383.2513720609713,1228.4651197132189,1378.428322041873,675395072,77056,0,0,0,0,0,0.0,17559,1951,0,1951,0
o4a7,U_SCALE,4,1951,1553.246055264026,1400.637584003387,1548.5713731294964,832226304,77056,0,0,0,0,0,0.0,15608,1951,15456,1951,1935
o4a6,U_RAND,4,1951,1781.5264724490698,1629.3536206188146,1776.9191687332932,832226304,77056,0,0,0,0,0,0.0,15608,1951,15456,1951,1935
o4a9,S_SHARED,4,1951,1374.3351033329964,1220.3018866160419,1369.5398602131754,723890688,77056,309248,3,3,289,3,0.5462915194220841,17559,1951,0,1951,0
o4a8,S_JOINT,4,1951,2424.905462628929,2272.999316801084,2420.152758363867,723890688,77056,999128,3,3,289,3,36.458848538575694,17559,1951,0,1951,290
o4a11,M_TRANSPORT,4,1951,1813.1889697939623,1660.9050618167967,1808.479990482796,632991232,77056,0,0,0,0,0,0.0,15608,1951,0,1951,0
o4a10,S_NOPCA,4,1951,2421.8557222550735,2270.528683946235,2416.700889286585,673297920,77056,999128,3,3,289,3,35.365872918162495,17559,1951,0,1951,290
o4a13,M_SHUFFLE,4,1951,2228.9116372768767,2074.9690312470775,2223.751638260437,632860160,77056,0,0,0,0,0,0.0,15608,1951,0,1951,0
o4a12,M_IDPOST,4,1951,2215.201878675027,2062.2196499388665,2210.107986731222,632860160,77056,0,0,0,0,0,0.0,15608,1951,0,1951,0
o4a15,G_ISO,4,1951,2465.068674535025,2314.9739711934235,2459.9393937056884,584364544,77056,0,0,0,0,0,0.0,15608,1951,0,1951,0
o4a14,G_PCA,4,1951,2530.3252648850903,2379.139761440456,2525.1741147241555,584364544,77056,0,0,0,0,0,0.0,15608,1951,0,1951,0
o4a16,G_ORDER,4,1951,2264.6286502410658,2113.009700481547,2259.304969400866,584364544,77056,0,0,0,0,0,0.0,15608,1951,0,1951,0
