order,pair,channel,n,mean,median,p10,p90,positive,zero,negative,minimum,worst_decile_mean,tail_count,assd_common_valid,assd_not_jointly_defined,assd_left_undefined,assd_right_undefined,assd_delta_mean_px,assd_delta_median_px,assd_adverse_upper_decile_mean_px
0,T_LR-C,OD,1695,-6.063109346607926,-1.0822454549290983,-17.709493676015647,2.279193584204589,681,17,997,-26.711518474708217,-19.491492480143165,170,1695,0,0,0,6.632926022172505,1.5528622619893238,23.985722598398155
0,T_LR-C,OC,1695,-5.926126048737735,-4.321987236032799,-17.97693604775918,5.752399653627983,513,16,1166,-25.539435597068927,-20.170080186146595,170,1695,0,0,0,5.809320981836841,3.5727748376362882,19.87352366758015
0,T_LR-C,macro,1695,-5.9946176976728305,-2.300816725663435,-17.372658885703306,3.7984325902879736,545,16,1134,-22.061753706782582,-18.82163070805263,170,,,,,,,
0,T_LR-RP,OD,1695,-5.908892488357133,-1.0965976841793013,-17.17152091979282,2.2935847018887703,668,16,1011,-25.815364275044818,-18.957145140044947,170,1695,0,0,0,6.527391183881607,1.584308561374657,23.585040469778313
0,T_LR-RP,OC,1695,-5.693903214251535,-4.357400655884181,-16.755742810280285,4.91005840113293,482,16,1197,-24.0346074721697,-18.841878544386596,170,1695,0,0,0,5.610576076871845,3.519129334940537,18.897957654422363
0,T_LR-RP,macro,1695,-5.801397851304335,-2.277904049964341,-16.56782808924913,3.4604972328534043,529,16,1150,-21.264760319421548,-17.90564135749564,170,,,,,,,
0,T_LR-T_ISO,OD,1695,-5.217307337305087,-1.769162802373736,-14.678111418826004,1.1725609595605957,420,16,1259,-19.588211364671558,-16.26840892138156,170,1695,0,0,0,5.996754546311808,1.8059284535186926,20.312291562253442
0,T_LR-T_ISO,OC,1695,-2.0435781821888224,-1.9785087361374742,-5.727672009046414,1.4952565522178478,450,16,1229,-9.601369632055047,-6.723643795171526,170,1695,0,0,0,2.287304024574739,1.581034364106337,8.541032072011259
0,T_LR-T_ISO,macro,1695,-3.630442759746955,-1.5745032226642142,-10.10229608502577,0.9012240594990109,441,16,1238,-13.328730822888923,-11.088610419945692,170,,,,,,,
0,T_LR-T_DIAG,OD,1695,-0.3664311584888598,-0.1519126391430481,-2.058356811448505,1.2532435317927029,621,16,1058,-3.56005319884547,-2.4672019404902,170,1695,0,0,0,0.7080093570206022,0.15244229901766104,4.829372154526437
0,T_LR-T_DIAG,OC,1695,1.1380467348416379,1.3726714760361802,-0.9610368856007722,2.945345192586744,1317,16,362,-10.51618341339533,-2.110622554643809,170,1695,0,0,0,-1.2787326543603048,-1.1911042995658363,1.9776048198089062
0,T_LR-T_DIAG,macro,1695,0.3858077881763891,0.3069943239761286,-0.5385193253029685,1.3593150294964624,1157,16,522,-4.63941078799942,-1.0603878099150381,170,,,,,,,
0,U_PCA-C,OD,1695,0.09695592619094484,-0.02766754844633068,-0.44763101275867134,0.7780104683200739,786,18,891,-4.876735232960316,-0.7480389238689626,170,1695,0,0,0,-0.08204172713528195,0.013723938884224296,1.1443654395234502
0,U_PCA-C,OC,1695,0.42354022197045393,0.2834006523352528,-1.4394509215672113,2.089254694652814,1015,17,663,-9.642095861231848,-2.3350847316995247,170,1695,0,0,0,-0.3203140108207546,-0.20289967562986888,1.371680569632783
0,U_PCA-C,macro,1695,0.2602480740806994,0.10743760910862932,-0.9131292451507322,1.3895471850633736,959,17,719,-6.712497875305701,-1.4383463407721764,170,,,,,,,
0,U_PCA-RP,OD,1695,0.2511727844417375,0.0,-0.4371075184286455,1.1883615126079499,846,18,831,-5.152309457494686,-0.807421389766677,170,1695,0,0,0,-0.18757656542617923,-0.001933506529782747,1.3761344768218242
0,U_PCA-RP,OC,1695,0.6557630564566528,0.4169628034135342,-2.309434228650864,3.35093916104127,991,18,686,-11.019195550381205,-3.7849482687836393,170,1695,0,0,0,-0.5190589157857509,-0.3361442171373916,2.355479026721546
0,U_PCA-RP,macro,1695,0.45346792044919526,0.17136809399904696,-1.333023590707052,2.249048171851152,948,17,730,-7.3686486228547015,-2.1637736166334416,170,,,,,,,
0,U_PCA-U_RAND,OD,1695,-0.017202510732967313,-0.006134361162024593,-0.14438123265727576,0.12845429783231,768,24,903,-1.3079171877160123,-0.3348282976073077,170,1695,0,0,0,0.023485017274722034,0.00739383390995485,0.6331754809923026
0,U_PCA-U_RAND,OC,1695,0.10893171693952682,0.10232285689278087,-0.3898926194305852,0.6143559044391101,1015,23,657,-3.0067370095507417,-0.7665132300363785,170,1695,0,0,0,-0.06782424347844668,-0.05168758058239398,0.4845042673145842
0,U_PCA-U_RAND,macro,1695,0.04586460310327961,0.036308273139828984,-0.23724276667283828,0.3482740218108371,958,19,718,-1.6336475442933485,-0.4515994337283848,170,,,,,,,
0,U_PCA-U_SCALE,OD,1695,0.06306266538794114,-0.0274680041752684,-0.3784253428848028,0.6200929848786951,773,20,902,-3.9930115009009337,-0.6711779335051147,170,1695,0,0,0,-0.04427840774812581,0.015080463224744989,1.089982295052383
0,U_PCA-U_SCALE,OC,1695,0.4131369827276617,0.26660676336721645,-1.3602936852860603,2.0109109092050352,1016,17,662,-8.162860867945614,-2.2175406055543476,170,1695,0,0,0,-0.3083676367602964,-0.18875331788640892,1.3099209462407146
0,U_PCA-U_SCALE,macro,1695,0.23809982405780125,0.10108580218403107,-0.8531275393648374,1.2706340572501353,968,17,710,-5.6694567548083,-1.3304443270068014,170,,,,,,,
0,S_JOINT-C,OD,1695,0.1642111070920419,-0.21759552178061137,-4.293547156709192,4.850794644589379,766,20,909,-37.78147016519967,-7.246321989662853,170,1695,0,0,0,0.1360953089316485,0.23560334200267086,9.844667148209268
0,S_JOINT-C,OC,1695,-0.35693233710697064,0.6733325131981549,-5.014635952390119,2.780824785440894,1006,20,669,-60.62625545794167,-10.351320468602047,170,1695,0,0,0,-0.05181698843408361,-0.4186385738790328,5.2707831993932155
0,S_JOINT-C,macro,1695,-0.09636061500746444,0.011050665440093255,-4.5960354009363975,3.701186961240772,859,19,817,-49.203862811570666,-8.609372913848455,170,,,,,,,
0,S_JOINT-RP,OD,1695,0.3184279653428345,-0.1944105171305388,-4.231580673003981,5.277561156037384,774,32,889,-38.05704438973404,-7.32300208399903,170,1695,0,0,0,0.030560470640751174,0.16698215104480596,10.076661948180577
0,S_JOINT-RP,OC,1695,-0.12470950262077167,0.7954350764261098,-5.445532217304227,3.9605204361203996,978,32,685,-61.66298272850529,-11.28575881004009,170,1695,0,0,0,-0.25056189339907975,-0.510664467125638,5.731160807438328
0,S_JOINT-RP,macro,1695,0.09685923136103129,0.07741328625386901,-4.75306026609479,4.469003608988921,864,32,799,-49.860013559119665,-9.118968377951473,170,,,,,,,
0,S_JOINT-S_SHARED,OD,1695,0.2910626441769714,-0.18832879925420043,-4.201542046924918,5.189810250995441,771,32,892,-38.07600852812265,-7.310654246086412,170,1695,0,0,0,0.062463122099089566,0.16956071696038943,10.07693912645246
0,S_JOINT-S_SHARED,OC,1695,-0.10689753801567137,0.8120265162419815,-5.562850933297772,4.1192638884452855,976,32,687,-61.84291465171966,-11.422243324670893,170,1695,0,0,0,-0.2671138253110003,-0.5303883601936157,5.833212275962608
0,S_JOINT-S_SHARED,macro,1695,0.09208255308064983,0.0892123975644088,-4.827780006142761,4.499407134909845,868,32,795,-49.95946158992116,-9.180054106007537,170,,,,,,,
0,S_JOINT-S_NOPCA,OD,1695,-0.10637049671596668,-0.0228648578999624,-0.3984317689178085,0.052299896768299756,552,62,1081,-1.0578722066362012,-0.5393052489650593,170,1695,0,0,0,0.0806519740541419,0.019362048354196304,0.7474420909387683
0,S_JOINT-S_NOPCA,OC,1695,-0.15766213754640734,-0.034286945867278984,-0.7467860894904921,0.3455486664562458,741,56,898,-1.3467708290802904,-0.885205001434333,170,1695,0,0,0,0.10274462465071135,0.03128593906231103,0.7233834382619173
0,S_JOINT-S_NOPCA,macro,1695,-0.1320163171311871,-0.01573807091428403,-0.5590643725972821,0.18983461354215483,737,52,906,-0.9785653785179038,-0.6780469031025947,170,,,,,,,
0,M_TRANSPORT-C,OD,1695,-0.14361202115663035,-0.0662590479536651,-0.4871497618184506,0.08744397236996947,552,23,1120,-1.3613647445637644,-0.6048345292764775,170,1695,0,0,0,0.07813884085928705,0.0409651605121546,0.7770418164225293
0,M_TRANSPORT-C,OC,1695,-0.24168217383457172,-0.17690050174513638,-1.2817011756228847,0.8803690859908984,701,21,973,-2.4471430546728623,-1.4814358769421787,170,1695,0,0,0,0.2507615986810602,0.1714334954310317,1.4274229390120674
0,M_TRANSPORT-C,macro,1695,-0.19264709749560097,-0.09073138012772874,-0.8645997341742495,0.4594109065410623,703,19,973,-1.3108225342261304,-0.9947296762568798,170,,,,,,,
0,M_TRANSPORT-RP,OD,1695,0.010604837094162309,0.005697636340373791,-0.03552095846267589,0.052563036172113005,1012,113,570,-0.14637115136026946,-0.055338247718195885,170,1695,0,0,0,-0.027395997431610218,-0.010712232006634181,0.19177261904737572
0,M_TRANSPORT-RP,OC,1695,-0.00945933934837283,-0.004550641361733554,-0.0692140794517826,0.05849045469076167,686,93,916,-0.8400422185016743,-0.13494869910222645,170,1695,0,0,0,0.05201669371606388,0.015755494987418572,0.4050343271481224
0,M_TRANSPORT-RP,macro,1695,0.0005727488728949362,0.0001156408900748751,-0.043339993279882805,0.043753658628344905,851,48,796,-0.4009562154135615,-0.07342751772201687,170,,,,,,,
0,M_TRANSPORT-M_IDPOST,OD,1695,0.011336162884764687,0.006068112362545008,-0.03162958350590994,0.052923690057491445,996,109,590,-0.16890845872177263,-0.053502959040725113,170,1695,0,0,0,-0.02572840162579148,-0.007316363097949363,0.19899807518370588
0,M_TRANSPORT-M_IDPOST,OC,1695,-0.004656273207785321,0.0,-0.06647798568005348,0.06462699482468805,782,91,822,-0.9362710807804264,-0.14240406540605996,170,1695,0,0,0,0.04756167072057834,0.011996052325105921,0.4024250333318436
0,M_TRANSPORT-M_IDPOST,macro,1695,0.003339944838489798,0.0017877302970203957,-0.03629491418971176,0.04483143736253585,889,53,753,-0.4474813347996265,-0.0713607608951723,170,,,,,,,
0,M_TRANSPORT-M_SHUFFLE,OD,1695,1.4996434805091994,0.04315509968518816,-1.5119437239815414,5.277811831602535,868,21,806,-3.9329638140548684,-2.094360069065583,170,1695,0,0,0,-1.4392239256996915,-0.15989976743372125,2.628046710319562
0,M_TRANSPORT-M_SHUFFLE,OC,1695,1.780591931714427,1.109447341874481,-1.843317237821096,5.682008691722399,1128,18,549,-7.316651465927682,-3.5412909258328416,170,1695,0,0,0,-1.0952407804042583,-0.6519637434566619,2.5725948444751867
0,M_TRANSPORT-M_SHUFFLE,macro,1695,1.6401177061118133,0.47423862790489935,-1.5537562742223066,5.357094107268905,1004,17,674,-4.93281466221026,-2.5680411378166093,170,,,,,,,
0,G_PCA-C,OD,1695,-0.433533872048585,0.0,-1.7036952590969645,0.6326766626054009,836,18,841,-2.8211443129109504,-1.890886574955224,170,1695,0,0,0,0.3909451692494433,0.036798894734059395,2.2871786109849634
0,G_PCA-C,OC,1695,-0.2423931700924088,-0.25719500504666204,-0.5609648011492363,0.08902350180195709,316,28,1351,-2.9044919645027703,-0.692629778430418,170,1695,0,0,0,0.16994344653069052,0.14542684357037672,0.6759885736565897
0,G_PCA-C,macro,1695,-0.337963521070497,-0.08806985200167095,-1.0943273929376107,0.30311817142703923,733,18,944,-1.596399398019266,-1.1985495657954321,170,,,,,,,
0,G_PCA-RP,OD,1695,-0.27931701379779234,0.0,-1.286965602705188,0.6503820874291856,839,18,838,-2.3450975421146714,-1.4388165327156588,170,1695,0,0,0,0.28541033095854607,0.02268334439794195,2.0946010401682287
0,G_PCA-RP,OC,1695,-0.010170335606209864,0.050130996036046316,-0.9237828217609745,0.814426158256173,899,21,775,-8.136299348821712,-1.70515846816256,170,1695,0,0,0,-0.028801458434305708,-0.047695604718827056,1.2882838637665528
0,G_PCA-RP,macro,1695,-0.14474367470200108,-0.11301309588924724,-0.48652546601499314,0.19760268028482753,576,17,1102,-3.6657213674454625,-0.7746020798721023,170,,,,,,,
0,G_PCA-G_ISO,OD,1695,-0.10176685445852562,-0.01385560912672279,-0.4097499050756226,0.18114344863891854,796,20,879,-0.7293392470341997,-0.4580660643500885,170,1695,0,0,0,0.08402018159858213,0.010352602223614227,0.6332303229178109
0,G_PCA-G_ISO,OC,1695,-0.02450703669827818,0.0024440527867319872,-0.15157353871688706,0.08150980102735739,860,70,765,-1.5209326272757506,-0.2974354329164884,170,1695,0,0,0,0.007044803129005172,-0.0008595478916575416,0.24680042952299108
0,G_PCA-G_ISO,macro,1695,-0.06313694557840192,-0.06167845626413593,-0.1887208505812299,0.06438083794794826,572,20,1103,-0.651606273007721,-0.22449879868976058,170,,,,,,,
0,G_PCA-G_ORDER,OD,1695,-0.4342047201787917,0.0,-1.6992214032357378,0.6288374617303805,833,18,844,-2.900466724241313,-1.8825954318612041,170,1695,0,0,0,0.39360501313636037,0.0406712252267738,2.290170518978367
0,G_PCA-G_ORDER,OC,1695,-0.2410788622376802,-0.2541442777760916,-0.5502568265241226,0.0882441360670796,316,27,1352,-2.963166975688586,-0.6899602261139045,170,1695,0,0,0,0.1675229941264089,0.1442756169580477,0.6617391724592437
0,G_PCA-G_ORDER,macro,1695,-0.3376417912082359,-0.09329078143598402,-1.0891433503964354,0.30048350844813504,728,18,949,-1.6304948406312247,-1.189549564990691,170,,,,,,,
1,T_LR-C,OD,1695,-3.3653072925196597,-3.0113530114484033,-9.02119682256526,1.7814341527547817,433,4,1258,-15.832094791099205,-10.105981988762895,170,1695,0,0,0,3.541247876426127,3.338399397141761,11.586319790835852
1,T_LR-C,OC,1695,-4.340526905472776,-4.893827634982761,-15.510491268881061,6.33922561508528,434,4,1257,-21.601882095205905,-17.681640054875995,170,1695,0,0,0,3.431135485414596,3.681455003136275,12.14951648525711
1,T_LR-C,macro,1695,-3.852917098996217,-4.871948944274118,-9.717123877069676,3.748655972664126,404,4,1287,-13.949357469881797,-10.774398250315794,170,,,,,,,
1,T_LR-RP,OD,1695,-3.231898071585309,-2.8870367099232297,-8.67194932780087,1.6767018983668722,429,4,1262,-14.923247985584586,-9.67990382034526,170,1695,0,0,0,3.4293543000080593,3.223412015447259,11.208918967763422
1,T_LR-RP,OC,1695,-4.206180999138564,-4.833720705711164,-13.692006037157192,5.1131573913599,402,4,1289,-19.17009017284832,-15.461632310598304,170,1695,0,0,0,3.3039037046871997,3.5350553795081066,10.926579393477269
1,T_LR-RP,macro,1695,-3.719039535361936,-4.739539293578076,-8.868837696721119,3.1227020083777286,390,4,1301,-12.887638478954244,-9.904544901875866,170,,,,,,,
1,T_LR-T_ISO,OD,1695,-2.3365733762678147,-2.6896264505681167,-7.862754837503179,3.9384175420807686,518,4,1173,-15.276179451139239,-9.228205171951066,170,1695,0,0,0,2.6521422801302093,2.8609102892880705,10.787637834367848
1,T_LR-T_ISO,OC,1695,-0.6621994994058539,-0.587318364416034,-2.8121746573852446,1.3884118757439547,491,5,1199,-7.353928287078892,-4.139420024379619,170,1695,0,0,0,0.6303696421480897,0.39830710167186467,4.074335746846127
1,T_LR-T_ISO,macro,1695,-1.4993864378368345,-1.6972590965842693,-4.591949908878689,1.9481857132117006,437,4,1254,-8.695884114425922,-5.463918293040621,170,,,,,,,
1,T_LR-T_DIAG,OD,1695,-0.857602145290743,-0.7222567778914724,-2.6022925721303847,0.5316246294971696,450,4,1241,-5.0200820827458585,-3.1693440874354684,170,1695,0,0,0,1.0036878788380503,0.788108588148166,4.303161874332674
1,T_LR-T_DIAG,OC,1695,1.3133171481924601,1.576678397404363,-1.8645805848611083,4.062042655437216,1306,4,385,-7.22884315961001,-3.063683316155405,170,1695,0,0,0,-1.0585427906016618,-1.230134031740878,2.778190556286577
1,T_LR-T_DIAG,macro,1695,0.22785750145085842,0.30821149829168837,-1.1277860655441785,1.4623542053875818,1105,4,586,-4.312819826016023,-1.8260318832992846,170,,,,,,,
1,U_PCA-C,OD,1695,0.09757891737783247,0.13721091162839372,-0.4476660795805354,0.6054571985296686,1038,4,653,-2.4054869392883704,-0.7306628943231613,170,1695,0,0,0,-0.04790143295389399,-0.1124647050835983,1.10056102570918
1,U_PCA-C,OC,1695,0.11140933137984159,0.410017846623828,-1.9982794018034733,1.6694905984915926,1077,4,614,-7.830166901201824,-2.7022221889265605,170,1695,0,0,0,-0.13428081609360498,-0.2707314474974112,1.6793862510189517
1,U_PCA-C,macro,1695,0.10449412437883676,0.29206926574074643,-1.1883712371966504,1.0229537882859099,1057,4,634,-5.117826920245094,-1.570728521969167,170,,,,,,,
1,U_PCA-RP,OD,1695,0.23098813831218323,0.20993419288551918,-0.5092964480185969,1.0036796097703184,1081,4,610,-2.4540168073398316,-0.8057660779403639,170,1695,0,0,0,-0.15979500937196162,-0.2093199861829702,1.3510260637052187
1,U_PCA-RP,OC,1695,0.24575523771405403,0.5814047358434826,-3.447908358441787,3.3317353356999857,1063,4,628,-8.654160316804138,-4.6358767168318895,170,1695,0,0,0,-0.2615125968210015,-0.4641819558763718,2.9933707777409433
1,U_PCA-RP,macro,1695,0.23837168801311867,0.4426729330847312,-1.8508388144034749,1.8875382981998867,1056,4,635,-5.51081152503844,-2.514511580618771,170,,,,,,,
1,U_PCA-U_RAND,OD,1695,-0.012058618320192073,0.005182584911056498,-0.13880043713710988,0.10084496844684934,906,8,781,-0.6824634862958256,-0.27905580105386024,170,1695,0,0,0,0.014608615902811973,0.00037672650122999585,0.4669364449600706
1,U_PCA-U_RAND,OC,1695,-0.029611683424292864,0.045586440190981126,-0.49145726138683843,0.32321416180928686,1008,16,671,-1.9377686798459803,-0.717781860156834,170,1695,0,0,0,0.011607526587937197,-0.026536137761567602,0.569097248268742
1,U_PCA-U_RAND,macro,1695,-0.020835150872242594,0.025728554577553187,-0.2936751369406876,0.19094477912779528,964,4,727,-1.3101160830709002,-0.4577927279421986,170,,,,,,,
1,U_PCA-U_SCALE,OD,1695,0.07892475415405117,0.11545571777659136,-0.3877771323141155,0.5169500302582586,1028,4,663,-1.9159343299277487,-0.6388146541454383,170,1695,0,0,0,-0.0379625380655051,-0.0899244273703772,0.9419656237703122
1,U_PCA-U_SCALE,OC,1695,0.11138033092713281,0.3986492918464868,-1.8709751686717468,1.5909099591766673,1077,4,614,-6.593805044753653,-2.5464741166162126,170,1695,0,0,0,-0.13151709417179142,-0.27034213692266995,1.5878293157025687
1,U_PCA-U_SCALE,macro,1695,0.09515254254059197,0.27795581601886,-1.1197328737474188,0.944315203543087,1053,4,638,-4.254869687340701,-1.459500529579571,170,,,,,,,
1,S_JOINT-C,OD,1695,-0.9931010256537863,-0.20164065428220912,-5.168946419765805,0.10415317845657637,319,8,1368,-20.63924455754527,-8.404861547853761,170,1695,0,0,0,0.9595352293999752,0.1931856247948005,9.132276648242813
1,S_JOINT-C,OC,1695,0.2764493265323587,-0.09565253515567695,-1.2296684483685993,3.336198934549415,713,8,974,-24.0042216449896,-5.714478101761098,170,1695,0,0,0,-0.12250587015616655,0.11384535211480973,2.8081417794430483
1,S_JOINT-C,macro,1695,-0.35832584956071384,-0.15381524083799558,-1.9528178400053007,1.0084443491125168,605,6,1084,-21.51305331491843,-6.059625536254348,170,,,,,,,
1,S_JOINT-RP,OD,1695,-0.8596918047194356,0.0,-5.090912397542848,0.013346618119880544,186,966,543,-20.442977401775096,-8.489561548041516,170,1695,0,0,0,0.8476416529819076,0.0,9.174587198521206
1,S_JOINT-RP,OC,1695,0.4107952328665713,0.0,-0.2791004623228321,4.602614342663601,351,967,377,-25.378996690421584,-6.121740190644094,170,1695,0,0,0,-0.2497376508835631,0.0,2.9032850625915887
1,S_JOINT-RP,macro,1695,-0.2244482859264321,0.0,-1.3023518849019444,0.22621493559539063,290,966,439,-21.38414697219084,-6.33125783735054,170,,,,,,,
1,S_JOINT-S_SHARED,OD,1695,-0.8593245286376211,0.0,-5.101439381498816,0.012544041687721118,187,966,542,-20.44124011165842,-8.491207170654297,170,1695,0,0,0,0.8471425780999283,0.0,9.178917444409077
1,S_JOINT-S_SHARED,OC,1695,0.4048825593044258,0.0,-0.2688964481912559,4.552129805110963,360,966,369,-25.366752278829107,-6.107446413951345,170,1695,0,0,0,-0.24685920423315272,0.0,2.8957917512458398
1,S_JOINT-S_SHARED,macro,1695,-0.2272209846665976,0.0,-1.2924563890237062,0.2328188305860055,294,966,435,-21.383278327132505,-6.328114046172298,170,,,,,,,
1,S_JOINT-S_NOPCA,OD,1695,-0.11880276754234055,-0.06545363409966587,-0.38964632139063093,0.06436935973602956,500,61,1134,-0.9088468055146182,-0.4684681384069,170,1695,0,0,0,0.08752363337912106,0.052352109424081306,0.6359399538441308
1,S_JOINT-S_NOPCA,OC,1695,0.03134030402011559,-0.043804974116989914,-0.7360643666273026,1.0549175458931888,691,56,948,-2.403444321676107,-1.0435982220980087,170,1695,0,0,0,0.03730712510610658,0.06639949659336608,0.8878882520069721
1,S_JOINT-S_NOPCA,macro,1695,-0.04373123176111259,-0.03867063416443939,-0.5496957000960423,0.5237671224955381,666,49,980,-1.2098940219292365,-0.6938607912074277,170,,,,,,,
1,M_TRANSPORT-C,OD,1695,-0.12485971068851606,-0.11529238113683338,-0.3948511352787043,0.12409806683865167,443,8,1244,-0.9125562685742161,-0.4744272532073058,170,1695,0,0,0,0.10224626626570273,0.10512282797648353,0.6371110723256354
1,M_TRANSPORT-C,OC,1695,-0.13439659810926252,-0.1740991701398409,-1.6427202685578557,1.54381617349467,617,13,1065,-3.587792269675605,-2.361477164575524,170,1695,0,0,0,0.15041767347470503,0.1963392699315456,1.4557469056447374
1,M_TRANSPORT-C,macro,1695,-0.12962815439888936,-0.16077333837523078,-0.8744687264095674,0.7858854742818012,590,6,1099,-1.936739380504282,-1.2431329235823285,170,,,,,,,
1,M_TRANSPORT-RP,OD,1695,0.008549510245834677,0.004886946870685804,-0.020686872881017226,0.04271579374711899,1022,67,606,-0.16365111269824872,-0.03893084621244132,170,1695,0,0,0,-0.009647310152364903,-0.005239537558754392,0.14366546944388578
1,M_TRANSPORT-RP,OC,1695,-5.069177505003803e-05,-0.004310587893296969,-0.13412909552107832,0.15107773938959795,743,74,878,-0.36047585424368034,-0.17989570148644055,170,1695,0,0,0,0.02318589274730849,0.011254971030936645,0.2985521150804647
1,M_TRANSPORT-RP,macro,1695,0.004249409235392459,-0.00044702919321792933,-0.06436935892918383,0.08456580219238452,816,23,856,-0.20196126377571844,-0.09091692102017071,170,,,,,,,
1,M_TRANSPORT-M_IDPOST,OD,1695,0.01028168865240115,0.0049658597144564,-0.02147239125467104,0.04738517810118026,1038,66,591,-0.1775341861074864,-0.038014208817616475,170,1695,0,0,0,-0.012136660119887855,-0.005582247818871622,0.13943846277577007
1,M_TRANSPORT-M_IDPOST,OC,1695,-0.0011376324734530625,-0.004911753287339948,-0.1345833818554487,0.14919835372700918,741,63,891,-0.355455224667689,-0.1841313393766826,170,1695,0,0,0,0.02393228698184472,0.011134502613522557,0.3002683368813399
1,M_TRANSPORT-M_IDPOST,macro,1695,0.004572028089474179,-0.0006179528849181715,-0.0657499137965889,0.085221168852625,809,26,860,-0.23503121907703095,-0.09149172005034467,170,,,,,,,
1,M_TRANSPORT-M_SHUFFLE,OD,1695,0.8636096595877327,0.7470313230779291,-0.6770727579269487,2.5481594214776737,1272,5,418,-3.6416520574484745,-1.3257509914720729,170,1695,0,0,0,-0.9306993289709661,-0.8274616446674283,1.5565450159172638
1,M_TRANSPORT-M_SHUFFLE,OC,1695,1.20669523561798,1.2507950115898336,-0.9777983057923523,3.6524100866598213,1342,6,347,-4.743893124273136,-2.1105758271958366,170,1695,0,0,0,-0.7722534713085895,-0.7608879100666694,1.7491426127928715
1,M_TRANSPORT-M_SHUFFLE,macro,1695,1.0351524476028564,1.0282532013146328,-0.6174903816860344,2.6341046848698073,1350,5,340,-3.1930260725052784,-1.3094892539510297,170,,,,,,,
1,G_PCA-C,OD,1695,-0.18999517013282569,-0.18317466686420536,-0.6605934247534306,0.2659707531509043,503,5,1187,-1.3686485860467834,-0.8153749949725033,170,1695,0,0,0,0.17762900891261812,0.17971100471139145,0.9609967404895443
1,G_PCA-C,OC,1695,-0.17353606423694098,-0.17081081046266267,-0.37555523760621545,0.023572422293136608,221,9,1465,-1.6733359549641058,-0.5213194967160696,170,1695,0,0,0,0.10347094496115393,0.08765380372665188,0.47407306161000534
1,G_PCA-C,macro,1695,-0.1817656171848832,-0.18345791032891023,-0.46590349914181095,0.09453663048709657,343,5,1347,-0.840614926902683,-0.5493876796220473,170,,,,,,,
1,G_PCA-RP,OD,1695,-0.05658594919847493,-0.07356599263592667,-0.3247050591887568,0.24339117770740634,596,5,1094,-1.0258440530162782,-0.47084881052383243,170,1695,0,0,0,0.06573543249455052,0.07624348201883357,0.689390432254303
1,G_PCA-RP,OC,1695,-0.03919015790272847,0.04601492149518549,-1.5690060293268138,1.4327184396170525,955,11,729,-5.838927042422981,-2.2152903134921074,170,1695,0,0,0,-0.023760835766242588,-0.08700968969009892,1.6624217155054057
1,G_PCA-RP,macro,1695,-0.047888053550601384,-0.0006895329324074773,-0.746282246839729,0.584178211760816,837,5,853,-2.7054212038126413,-1.064060694620763,170,,,,,,,
1,G_PCA-G_ISO,OD,1695,-0.07297294627349143,-0.06795209934267188,-0.2164766716108102,0.05663334152599789,399,10,1286,-0.40183853299273764,-0.26139817732410076,170,1695,0,0,0,0.06795540256508542,0.0639838930837544,0.3451384222511894
1,G_PCA-G_ISO,OC,1695,-0.0457930627437806,-0.02118338914524065,-0.22415530235177838,0.11089537439592527,490,73,1132,-1.173510486258167,-0.32021007012118163,170,1695,0,0,0,0.022264901972170854,0.006584568094119447,0.2691647868615985
1,G_PCA-G_ISO,macro,1695,-0.059383004508635776,-0.058919841876448054,-0.14896640169611342,0.024904666969576418,300,8,1387,-0.6859851164743525,-0.19179134162584183,170,,,,,,,
1,G_PCA-G_ORDER,OD,1695,-0.19130007816716763,-0.18541205917992354,-0.6490460633970963,0.24944299464644498,499,5,1191,-1.3529468204006467,-0.8064444567950737,170,1695,0,0,0,0.1781782501661616,0.18271979276705608,0.9425386003076062
1,G_PCA-G_ORDER,OC,1695,-0.17416512661148184,-0.17584276365766316,-0.37899885755135365,0.0276098222383526,225,10,1460,-1.634981186125195,-0.512927351600656,170,1695,0,0,0,0.10115186100393639,0.08851267035187149,0.45977845485139224
1,G_PCA-G_ORDER,macro,1695,-0.18273260238932462,-0.18571047921255301,-0.46133718977460214,0.0904997105438322,340,5,1350,-0.8412308970152216,-0.5463247824139724,170,,,,,,,
2,T_LR-C,OD,1695,-3.659672464468541,-0.2519164733504664,-13.079531070940625,2.091542932950661,780,16,899,-20.500324697606697,-14.57048719110384,170,1695,0,0,0,3.8041260905531322,0.4699735140348995,17.292402595670623
2,T_LR-C,OC,1695,-4.817391070357735,-4.600398421413998,-13.675045559093146,3.7520468754434915,486,17,1192,-20.33717219455583,-15.538500555188207,170,1695,0,0,0,4.104157469414535,2.7480140809901545,14.805457108623438
2,T_LR-C,macro,1695,-4.238531767413138,-2.4386336550078935,-13.093018845191153,2.7035037469889236,551,16,1128,-17.225778753724995,-14.362080573061307,170,,,,,,,
2,T_LR-RP,OD,1695,-3.5254544166213315,-0.2318701626257802,-12.563443129037738,2.0563344094924507,776,16,903,-19.70678776877123,-14.00442392290841,170,1695,0,0,0,3.680858515708181,0.44491216735131633,16.743482367063862
2,T_LR-RP,OC,1695,-4.514958788258539,-4.249843644096152,-12.691592121842072,3.3581207069188057,471,17,1207,-19.198327723315323,-14.459920941325208,170,1695,0,0,0,3.9052899922107205,2.621143245686751,14.109041109318996
2,T_LR-RP,macro,1695,-4.020206602439934,-2.212712903522418,-12.395472638446005,2.4986147427292393,535,16,1144,-16.352214735735227,-13.550897541270698,170,,,,,,,
2,T_LR-T_ISO,OD,1695,-2.1809828916339553,-0.3021023050806648,-10.163857594982879,3.070612882536478,780,16,899,-15.677114108604739,-11.850587574858253,170,1695,0,0,0,2.454156679676211,0.38012886101881094,13.710379303345546
2,T_LR-T_ISO,OC,1695,0.592464709402298,0.32409852559498464,-2.3057424712012984,3.867767273579826,976,18,701,-12.24484648555839,-3.2190126113293145,170,1695,0,0,0,-0.19237205289608947,-0.21362038693596475,3.419806337147307
2,T_LR-T_ISO,macro,1695,-0.7942590911158286,0.0,-5.949505746290023,2.60703073506142,838,16,841,-9.338712295134567,-6.993925695784869,170,,,,,,,
2,T_LR-T_DIAG,OD,1695,0.6193825839049844,0.37706437743528776,-0.6536374565730174,2.191716359903252,1103,16,576,-1.3950614154091046,-0.8396261621320775,170,1695,0,0,0,-0.5181655325560349,-0.28343691286270456,1.564585942039282
2,T_LR-T_DIAG,OC,1695,2.6342195278421907,3.4414907177449354,-1.5365798794600094,6.001694764807309,1341,17,337,-7.815484234088988,-3.5231780616239208,170,1695,0,0,0,-2.4266690020804926,-2.784504515136174,2.128587972354432
2,T_LR-T_DIAG,macro,1695,1.626801055873588,2.017766238750851,-0.7215205357604626,3.6761626018948443,1344,16,335,-4.21802183936244,-1.9052803006097871,170,,,,,,,
2,U_PCA-C,OD,1695,-0.0181725681458349,-0.005912378059313994,-0.44092390536385917,0.4596624642763737,819,16,860,-4.18264165036123,-0.877780818602394,170,1695,0,0,0,0.007375774303625852,0.0,1.1560800851719346
2,U_PCA-C,OC,1695,0.3132923623667371,0.4433453047326341,-0.9189269394108535,1.5594321208055952,1000,17,678,-16.4891429357482,-1.5595044358555255,170,1695,0,0,0,-0.23422027529742534,-0.22993733857140164,0.9527902108372369
2,U_PCA-C,macro,1695,0.1475598971104511,0.20050683351435783,-0.606960935357157,0.9883964069741324,972,16,707,-9.801418124413598,-1.138106693034703,170,,,,,,,
2,U_PCA-RP,OD,1695,0.11604547970137417,0.03615974798635291,-0.45568180016351434,0.9089545055969307,881,17,797,-4.452363444611507,-0.9333903566910147,170,1695,0,0,0,-0.11589180054132514,-0.03447393171334667,1.3096098219591485
2,U_PCA-RP,OC,1695,0.6157246444659338,0.7477326892377789,-1.4083387475821596,2.5552673367274825,997,17,681,-17.17474676447488,-2.1301289172005027,170,1695,0,0,0,-0.43308775250123993,-0.4076737880228549,1.2934907315977673
2,U_PCA-RP,macro,1695,0.365885062083654,0.39217553408638084,-0.8633499361052932,1.7060751010127184,977,16,702,-10.191282121623235,-1.4055357380742455,170,,,,,,,
2,U_PCA-U_RAND,OD,1695,-0.044503375422387755,-0.026104382947989002,-0.1689878733488892,0.0687894380355858,568,19,1108,-1.1885514300921662,-0.3115783178703787,170,1695,0,0,0,0.039734027858997115,0.01914443521592446,0.5091454610550552
2,U_PCA-U_RAND,OC,1695,0.09351448440353145,0.0870271367863773,-0.22926425736488287,0.46218088884161246,994,18,683,-2.517342649364744,-0.4198142148818616,170,1695,0,0,0,-0.053448416157189996,-0.043672613694738516,0.3471538270287542
2,U_PCA-U_RAND,macro,1695,0.02450555449057188,0.025942752001861802,-0.15667586096137498,0.23896184565733947,941,16,738,-1.6740057735115,-0.3222732677216927,170,,,,,,,
2,U_PCA-U_SCALE,OD,1695,-0.02353480842416294,-0.014222631087890125,-0.39191305026716305,0.39260462292957116,811,16,868,-3.622115807216675,-0.7730183260880369,170,1695,0,0,0,0.013880784067919899,0.0,1.0484418898894385
2,U_PCA-U_SCALE,OC,1695,0.3143954404792236,0.4210677125157325,-0.8532087800544619,1.49542252152482,995,17,683,-13.591665142945885,-1.3781264616950597,170,1695,0,0,0,-0.22876329758554545,-0.22297021516316207,0.8676097236026162
2,U_PCA-U_SCALE,macro,1695,0.1454303160275304,0.19014571273230363,-0.5622150258615433,0.918094955374933,974,16,705,-8.123524453756309,-0.9918137340255965,170,,,,,,,
2,S_JOINT-C,OD,1695,-0.5212388727722996,-0.5572547330188193,-3.9575263856038623,3.816234372317161,741,20,934,-31.43071798117677,-8.266911016346027,170,1695,0,0,0,0.8353791750369094,0.6985001438341474,11.084076909816599
2,S_JOINT-C,OC,1695,-0.5224283120576263,0.7255741635125101,-4.29265991096518,3.2139390117260485,960,21,714,-59.29274479842815,-11.539713986669273,170,1695,0,0,0,0.18452446576686585,-0.41251007969655706,6.770455054663
2,S_JOINT-C,macro,1695,-0.5218335924149631,-0.00841526659980385,-3.87959025969576,3.2315319726286265,828,18,849,-41.943945707004126,-9.575036553976926,170,,,,,,,
2,S_JOINT-RP,OD,1695,-0.38702082492509055,-0.5093026999123729,-3.963349616461247,4.225637628124876,747,26,922,-31.700439775427046,-8.318160434993937,170,1695,0,0,0,0.7121116001919585,0.6389327833367542,11.168390971357134
2,S_JOINT-RP,OC,1695,-0.21999602995842946,1.2297494202482495,-4.61267190119025,4.069648147263079,959,27,709,-59.60596154622445,-11.832468006849714,170,1695,0,0,0,-0.014343011436948846,-0.6557908205038725,6.797717518901852
2,S_JOINT-RP,macro,1695,-0.3035084274417598,0.04673277979037049,-4.023981727941959,3.9138401936017613,862,26,807,-42.200412784232824,-9.745755741370564,170,,,,,,,
2,S_JOINT-S_SHARED,OD,1695,-0.3637453294843181,-0.49726989120598697,-3.96865274030328,4.312283748329554,748,26,921,-31.675859601913658,-8.31474703480888,170,1695,0,0,0,0.6861712970891822,0.622583987839306,11.15973226860177
2,S_JOINT-S_SHARED,OC,1695,-0.21880277660619382,1.2297140713850352,-4.5967621741588545,4.052967555956968,958,27,710,-59.576968117648065,-11.81767944536933,170,1695,0,0,0,-0.017536638561440127,-0.6562055177923121,6.787185451916931
2,S_JOINT-S_SHARED,macro,1695,-0.2912740530452557,0.042774202054352006,-4.029803926930538,3.9494684405327174,859,26,810,-42.1652419336988,-9.738295721037549,170,,,,,,,
2,S_JOINT-S_NOPCA,OD,1695,-0.06721985754988681,-0.007379150346420449,-0.2932320029102775,0.06226860880299335,711,65,919,-0.786419081605072,-0.40700905481399263,170,1695,0,0,0,0.030287367407317477,0.004489289460213541,0.5755244991161154
2,S_JOINT-S_NOPCA,OC,1695,-0.12192854621753034,-0.051498523949200514,-0.5555315154165519,0.18528865488614882,693,66,936,-1.0965989622322758,-0.7172613949749846,170,1695,0,0,0,0.08376909326280416,0.028346586553584352,0.6192088113329247
2,S_JOINT-S_NOPCA,macro,1695,-0.09457420188370834,-0.018745694463806473,-0.42512005609292025,0.11021198767237293,724,54,917,-0.7632122983402656,-0.5377274104958232,170,,,,,,,
2,M_TRANSPORT-C,OD,1695,-0.117062242531677,-0.024028912806384195,-0.4389825686648341,0.05827130102510792,664,22,1009,-0.8692179601552219,-0.5472453544039263,170,1695,0,0,0,0.07245044695333264,0.02151665803829239,0.6855138120027149
2,M_TRANSPORT-C,OC,1695,-0.1972024838939838,-0.214957271266647,-0.6973540107889553,0.3220074194243284,668,25,1002,-1.0195067418793724,-0.7785849326002462,170,1695,0,0,0,0.13518154189050754,0.1031722108915698,0.6983062544852643
2,M_TRANSPORT-C,macro,1695,-0.15713236321283056,-0.12216855617450673,-0.5335377286858844,0.17580725700898192,678,17,1000,-0.8318707913169687,-0.6242878750166067,170,,,,,,,
2,M_TRANSPORT-RP,OD,1695,0.017155805315532045,0.012769007182245051,-0.021916583858321292,0.05698559023598949,1139,63,493,-0.21076626026202971,-0.03831274870668575,170,1695,0,0,0,-0.050817127891618324,-0.019512360535030027,0.12831827033646803
2,M_TRANSPORT-RP,OC,1695,0.10522979820521294,0.07234625629497504,-0.12857926229385086,0.36569375135754534,998,64,633,-0.7763493563905988,-0.22843072020756097,170,1695,0,0,0,-0.06368593531330706,-0.03176543222806849,0.17897848487813398
2,M_TRANSPORT-RP,macro,1695,0.061192801760372444,0.043364368097686956,-0.05703700038355741,0.20210556174608652,1045,40,610,-0.36115207467612986,-0.10332160552469713,170,,,,,,,
2,M_TRANSPORT-M_IDPOST,OD,1695,0.021358845775311757,0.013760178873523099,-0.017508569311439626,0.06981840770330819,1161,65,469,-0.20755146151474335,-0.03247332959794448,170,1695,0,0,0,-0.05254046607903579,-0.01876007447004735,0.13914968597527932
2,M_TRANSPORT-M_IDPOST,OC,1695,0.11224954347903499,0.0817106962375358,-0.13820005051297768,0.3902369290497643,992,54,649,-0.8156791699425459,-0.2403325929575071,170,1695,0,0,0,-0.06927483144741262,-0.04187115286146792,0.1875384101425914
2,M_TRANSPORT-M_IDPOST,macro,1695,0.06680419462717348,0.046727265335722024,-0.06436117654787576,0.2240673733123755,1017,43,635,-0.3832745652540104,-0.11081214896405246,170,,,,,,,
2,M_TRANSPORT-M_SHUFFLE,OD,1695,1.2163543931810559,0.0,-0.7629680782923587,4.121470108722601,841,18,836,-1.9729354540259814,-1.0968944853449825,170,1695,0,0,0,-1.2045187363897816,-0.05586533039485797,1.3536370554662414
2,M_TRANSPORT-M_SHUFFLE,OC,1695,1.6570084794262006,1.1278321262672253,-0.7828690937500871,4.7142338786206075,1070,21,604,-6.328448015154054,-1.3980018039675013,170,1695,0,0,0,-0.97676575468477,-0.48484378483351653,0.9386493255175985
2,M_TRANSPORT-M_SHUFFLE,macro,1695,1.4366814363036282,0.48585750087741797,-0.6743043057707365,4.363170899205859,979,18,698,-3.988043455124868,-1.0437587347827764,170,,,,,,,
2,G_PCA-C,OD,1695,-0.3538797446030849,-0.034063608042844695,-1.2687584229833448,0.3305723023610274,724,28,943,-2.490902649374205,-1.44493905880452,170,1695,0,0,0,0.3369000246125341,0.047228906787440295,1.7348084808619295
2,G_PCA-C,OC,1695,-0.16966027612587412,-0.1258784289548731,-0.42551652101932236,0.022116479954767985,253,49,1393,-0.8214315685713236,-0.5099288928040642,170,1695,0,0,0,0.10920835769040887,0.06786768120881703,0.45785194212829144
2,G_PCA-C,macro,1695,-0.26177001036447967,-0.06667237445110441,-0.8263767930021659,0.15189557252972555,596,28,1071,-1.4050005861980353,-0.9336844948326904,170,,,,,,,
2,G_PCA-RP,OD,1695,-0.21966169675587588,-0.0664306527166314,-0.8332421867957462,0.3507181738561971,652,22,1021,-1.697365720538735,-0.9368239079340673,170,1695,0,0,0,0.2136324497675832,0.056831080532191436,1.3480169641078872
2,G_PCA-RP,OC,1695,0.13277200597332264,0.17448850007235617,-0.48225584081501793,0.6944100274434397,951,26,718,-2.553607010957304,-0.7739980332764866,170,1695,0,0,0,-0.08965911951340574,-0.0659252109606836,0.5494663832079101
2,G_PCA-RP,macro,1695,-0.04344484539127661,-0.058998954288924654,-0.2583387790729974,0.22120355006089779,534,19,1142,-1.1015832058554165,-0.3859096183289054,170,,,,,,,
2,G_PCA-G_ISO,OD,1695,-0.11020568051905232,-0.0192409573334551,-0.3551357939861144,0.05023542411249916,569,42,1084,-0.701840497790529,-0.41350333421828206,170,1695,0,0,0,0.09981089129001414,0.016545822123278597,0.5398561122037229
2,G_PCA-G_ISO,OC,1695,-0.009484981331960862,-0.004128251924617743,-0.07336413521573881,0.04735295724423773,721,81,893,-0.4215614309744209,-0.11950931402261004,170,1695,0,0,0,0.0002376157912909957,0.0,0.1135225512519691
2,G_PCA-G_ISO,macro,1695,-0.059845330925506486,-0.03595127225395345,-0.17109281226717954,0.02735923631443486,364,33,1298,-0.3429012582643942,-0.20140774327852407,170,,,,,,,
2,G_PCA-G_ORDER,OD,1695,-0.3550866432743677,-0.03297219627197423,-1.2734136049702238,0.3318234001125631,724,29,942,-2.5075596834226666,-1.4500891502199227,170,1695,0,0,0,0.33773328278318987,0.046167995558171526,1.7396532475513475
2,G_PCA-G_ORDER,OC,1695,-0.169210026048097,-0.12794848084078936,-0.42647452562845745,0.020922102438545438,259,45,1391,-0.8416325685208226,-0.5095216260176777,170,1695,0,0,0,0.10976084394942899,0.06969331215229957,0.45941548276353267
2,G_PCA-G_ORDER,macro,1695,-0.2621483346612323,-0.06699517610687655,-0.8306342727195926,0.1542416319713502,594,29,1072,-1.4133291032222606,-0.9351999418373597,170,,,,,,,
3,T_LR-C,OD,1695,-1.2644570001807938,-0.809793924529123,-5.192396360431076,1.5337515669642858,582,15,1098,-10.172559699863626,-6.316887420304722,170,1695,0,0,0,0.9105628056898386,0.6708295870638104,6.764601533581105
3,T_LR-C,OC,1695,-0.9991156921064014,-2.400986987985293,-9.219557812778348,10.414382382002495,586,15,1094,-24.52519886991843,-12.58446299059794,170,1695,0,0,0,1.1512040695563603,1.9310782633975627,9.291232909213285
3,T_LR-C,macro,1695,-1.1317863461435977,-1.7024755380755208,-6.617005151545965,5.544841215989382,577,15,1103,-13.26414160835725,-7.976004945888256,170,,,,,,,
3,T_LR-RP,OD,1695,-1.2209450804347473,-0.8137792440006453,-4.9641985111130245,1.5386065787353758,575,15,1105,-9.769624967764356,-6.059763279858911,170,1695,0,0,0,0.8948729650383783,0.7063801578419362,6.520641912063094
3,T_LR-RP,OC,1695,-1.464440644689513,-2.4835099977851716,-7.886233691897731,7.525083317155853,550,15,1130,-20.363114053684562,-10.788232860309462,170,1695,0,0,0,1.305466088186442,1.8467182487395082,8.288500790823953
3,T_LR-RP,macro,1695,-1.3426928625621304,-1.7200656250619062,-5.957438065759506,4.113471459317221,545,15,1135,-11.178994323746938,-7.162554239323921,170,,,,,,,
3,T_LR-T_ISO,OD,1695,0.1478486773461426,0.04444788504873731,-1.788944069197267,2.3147422068609296,888,15,792,-7.43706252928188,-3.1302568704826905,170,1695,0,0,0,-0.0935065900772811,-0.044817494123675417,4.111497790601752
3,T_LR-T_ISO,OC,1695,0.9587841464905554,1.0438920178675426,-1.9478939896128478,4.381998890938132,1281,18,396,-8.11331434130545,-3.779845485451967,170,1695,0,0,0,-0.6154571524945028,-0.7571795642943506,3.026287338808355
3,T_LR-T_ISO,macro,1695,0.5533164119183491,0.5169022326337758,-1.139863953249893,2.461344910456809,1248,15,432,-5.840147461658008,-2.5973623082532806,170,,,,,,,
3,T_LR-T_DIAG,OD,1695,0.5904514534401625,0.5553148853689849,-0.44021381887199057,1.7640878496412207,1174,15,506,-2.361781964777254,-0.9251645511641233,170,1695,0,0,0,-0.5562491141827238,-0.3987664436706595,1.357299962396903
3,T_LR-T_DIAG,OC,1695,1.866500997359359,2.1960875639416177,-1.2602820298922657,4.674950093818045,1399,17,279,-9.237548255133825,-3.237969631442593,170,1695,0,0,0,-1.410636200230862,-1.6701879987005164,2.552727839379303
3,T_LR-T_DIAG,macro,1695,1.2284762253997605,1.5131248223077765,-0.5862535119458911,2.6006406731998277,1426,15,254,-4.896396741428943,-1.6025303743675254,170,,,,,,,
3,U_PCA-C,OD,1695,-0.012957697932377742,0.019502917969094202,-0.4533736146035494,0.4072981517912357,887,15,793,-1.8541942164687963,-0.6537022492839409,170,1695,0,0,0,0.0658040037976777,0.0,1.0824951874483737
3,U_PCA-C,OC,1695,-0.23491336802523607,0.1422805892331458,-2.0292947938720785,0.8824714070898312,989,16,690,-7.751489373744702,-3.061369909321296,170,1695,0,0,0,0.04913976671033221,-0.11939357167225673,1.8435618331016599
3,U_PCA-C,macro,1695,-0.12393553297880695,0.07492619089408681,-1.1855805349046467,0.5868416493750164,948,15,732,-4.268510213446208,-1.7033669745809281,170,,,,,,,
3,U_PCA-RP,OD,1695,0.03055422181366859,0.04613763070272503,-0.5361013527899483,0.591855062400424,916,15,764,-2.533323948150734,-0.7554490663319973,170,1695,0,0,0,0.05011416314621745,-0.00983532906631357,1.3677420040178454
3,U_PCA-RP,OC,1695,-0.7002383206083475,0.29476075295560844,-5.540085559655004,2.1680340208778675,968,16,711,-18.823536393170322,-7.810506983843347,170,1695,0,0,0,0.2034017853404136,-0.28351067578337474,4.953814619499607
3,U_PCA-RP,macro,1695,-0.33484204939733925,0.15185158403169252,-2.9114502950302756,1.2993465875445702,946,15,734,-9.536650305034655,-4.049412379958856,170,,,,,,,
3,U_PCA-U_RAND,OD,1695,-0.009769278735398864,0.0,-0.11662776622700877,0.09132018871195638,838,19,838,-0.5877030981146114,-0.2131830022226109,170,1695,0,0,0,0.025431988233660614,0.003757387907048937,0.39265404205867754
3,U_PCA-U_RAND,OC,1695,-0.09283322255112501,-0.004978726425552971,-0.47017589930862025,0.12637916681133468,782,44,869,-2.437034800928284,-0.8237604943752695,170,1695,0,0,0,0.04189836925397013,0.0,0.5772344158829719
3,U_PCA-U_RAND,macro,1695,-0.051301250643261714,-0.0018523364047950963,-0.2814427244585982,0.09353854835279847,807,15,873,-1.3683280463102854,-0.47417572245216355,170,,,,,,,
3,U_PCA-U_SCALE,OD,1695,-0.015910843378656604,0.012720572409319342,-0.41912666165151213,0.3614405892524776,877,16,802,-1.408502267280587,-0.5897666376904066,170,1695,0,0,0,0.0646264699565094,0.002257951646343237,0.9779225853703448
3,U_PCA-U_SCALE,OC,1695,-0.23290022225253665,0.13780051049192554,-2.001144301772461,0.8485261156295514,994,17,684,-7.5265299530894225,-2.985220547232988,170,1695,0,0,0,0.049544372434253386,-0.11037423776375377,1.8080234284489098
3,U_PCA-U_SCALE,macro,1695,-0.12440553281559633,0.07057948988796747,-1.14600296445178,0.5458675509305168,952,15,728,-4.129714804263629,-1.642759844562718,170,,,,,,,
3,S_JOINT-C,OD,1695,-1.1338709438837875,-0.3195946457890231,-4.9623310655528945,2.549238143335521,717,20,958,-29.56891404335977,-8.244723829190969,170,1695,0,0,0,1.8240568197953746,0.7531264681190031,12.515593145190477
3,S_JOINT-C,OC,1695,-0.29440830921772787,0.1402846899696386,-3.381913165119108,2.946718297655123,947,25,723,-53.49307997664432,-9.422982582413459,170,1695,0,0,0,0.005993861628526982,-0.12265526122142845,5.035931795320447
3,S_JOINT-C,macro,1695,-0.7141396265507578,-0.018955226416317306,-3.775256160017495,2.2926375133251686,799,18,878,-39.48344298039489,-8.331817268030475,170,,,,,,,
3,S_JOINT-RP,OD,1695,-1.0903590241377412,-0.3122290608002509,-5.025959918659346,2.679119165490137,724,37,934,-30.248043775041705,-8.255354076596403,170,1695,0,0,0,1.8083669791439145,0.7606537832440416,12.675679864452286
3,S_JOINT-RP,OC,1695,-0.7597332618008397,0.25766153272446246,-6.174853684487358,3.738324640200828,982,38,675,-56.675766181768886,-12.244574878581199,170,1695,0,0,0,0.16025588025860837,-0.2376070453183292,6.310318474975831
3,S_JOINT-RP,macro,1695,-0.9250461429692901,0.04438249940786898,-4.942745938493738,2.6750257712739165,868,37,790,-42.153735073054875,-9.776891680944194,170,,,,,,,
3,S_JOINT-S_SHARED,OD,1695,-1.0921167420120295,-0.3137107961870056,-5.048059188357025,2.7029351569410007,724,37,934,-30.317412290509164,-8.285297310878944,170,1695,0,0,0,1.8063972415417255,0.7390404818487859,12.673147505194525
3,S_JOINT-S_SHARED,OC,1695,-0.7491370941952121,0.23983894230704683,-6.130579051486319,3.676857686040545,982,38,675,-56.654428962252126,-12.218380078229789,170,1695,0,0,0,0.15433832993849556,-0.22487563775200137,6.290275557071064
3,S_JOINT-S_SHARED,macro,1695,-0.9206269181036206,0.04196587654080597,-4.9152182512100895,2.672183924447851,868,37,790,-42.17100033789818,-9.77034660546129,170,,,,,,,
3,S_JOINT-S_NOPCA,OD,1695,0.0057820702362748186,0.0023203561427043162,-0.10016606552808227,0.10100810108011572,878,60,757,-0.33362286057402324,-0.15417251598021756,170,1695,0,0,0,-0.0554693322236444,-0.008272043939372864,0.2344351406226478
3,S_JOINT-S_NOPCA,OC,1695,0.12689985415694682,0.0,-0.5172940745048615,0.9208830202799414,806,60,829,-1.3446246984456067,-0.7133995076678435,170,1695,0,0,0,-0.04189648406301282,0.020608350827325594,0.5110949793849838
3,S_JOINT-S_NOPCA,macro,1695,0.06634096219661081,0.0,-0.28965529749449104,0.4913920810057172,825,49,821,-0.6926882801875811,-0.3908796534059522,170,,,,,,,
3,M_TRANSPORT-C,OD,1695,-0.03111036620190472,-0.02621012946087964,-0.2096226592202144,0.1349006833317024,688,21,986,-0.42509931090328745,-0.2706075230886043,170,1695,0,0,0,0.009510600315977736,0.018654268048158507,0.43482857687647014
3,M_TRANSPORT-C,OC,1695,0.3966080137521182,-0.14418754175142823,-1.588271485322097,3.3580441404123,720,23,952,-4.613026629960881,-2.43504161670157,170,1695,0,0,0,-0.10316293081733818,0.1802020806707052,1.646635231776839
3,M_TRANSPORT-C,macro,1695,0.18274882377510665,-0.07623684623427884,-0.8535881728267958,1.6907505270702161,715,18,962,-2.32897338003889,-1.2245111982726749,170,,,,,,,
3,M_TRANSPORT-RP,OD,1695,0.012401553544141608,0.005243640377794456,-0.022422072148025052,0.05668340139011409,998,90,607,-0.12059021757462318,-0.038212872527378726,170,1695,0,0,0,-0.006179240335482514,0.0,0.1739583019448318
3,M_TRANSPORT-RP,OC,1695,-0.06871693883099338,-0.06255264670247396,-0.253021715222117,0.10630898294668134,417,60,1218,-0.531388199616567,-0.3356926944590061,170,1695,0,0,0,0.051099087812743214,0.03289313816832262,0.3899214371703595
3,M_TRANSPORT-RP,macro,1695,-0.028157692643425727,-0.026735111830844538,-0.12019417510147123,0.06658056350956633,480,47,1168,-0.26478307520743094,-0.1637502256464934,170,,,,,,,
3,M_TRANSPORT-M_IDPOST,OD,1695,0.012423755859481465,0.005851809735268887,-0.026550043965469783,0.059297896632495316,1022,86,587,-0.12758415452976957,-0.04362798171900903,170,1695,0,0,0,-0.006466368195432584,-7.460303901041243e-05,0.16736846344126508
3,M_TRANSPORT-M_IDPOST,OC,1695,-0.06972161409476889,-0.06181495417999505,-0.2535070469255718,0.09748730558623299,407,64,1224,-0.5254440648350567,-0.3312175266186489,170,1695,0,0,0,0.051465575563531776,0.032652106575737694,0.39753743594468544
3,M_TRANSPORT-M_IDPOST,macro,1695,-0.028648929117643662,-0.02475978518363675,-0.11694914309178461,0.06396523153415108,466,52,1177,-0.25548814041305157,-0.16208562587933642,170,,,,,,,
3,M_TRANSPORT-M_SHUFFLE,OD,1695,0.5850518280540882,0.48525207959509986,-1.408442879119638,2.5149000670980026,1189,16,490,-3.168055542066295,-1.9787190999910589,170,1695,0,0,0,-0.6658911444628559,-0.5303296774613737,2.4164982426179953
3,M_TRANSPORT-M_SHUFFLE,OC,1695,1.1056862281484348,1.0846760960725343,-0.9977568567144866,3.07428947458875,1371,19,305,-4.74667080195651,-2.093656424076028,170,1695,0,0,0,-0.7612818733305072,-0.6901507418164563,1.7875678615942032
3,M_TRANSPORT-M_SHUFFLE,macro,1695,0.8453690281012617,0.8114173881644815,-0.8152007175767362,2.526480973272842,1333,15,347,-2.9734801225782426,-1.4648669469654017,170,,,,,,,
3,G_PCA-C,OD,1695,-0.07938956854585658,-0.06900652739149082,-0.49946280635175366,0.3784288151076076,621,19,1055,-1.1615611743181042,-0.6792533149552656,170,1695,0,0,0,0.0781772499765234,0.05956815645545621,0.9198140647251309
3,G_PCA-C,OC,1695,-0.23497969897734491,-0.18141859488279843,-0.6266128269533477,0.05392442872351969,253,32,1410,-2.6625979886046425,-0.9332770847663229,170,1695,0,0,0,0.1303694713001267,0.08116556650075779,0.7179943924974344
3,G_PCA-C,macro,1695,-0.1571846337616008,-0.14072069362526252,-0.46082068344390326,0.12329037112445841,376,19,1300,-1.434495820806364,-0.6125710629346275,170,,,,,,,
3,G_PCA-RP,OD,1695,-0.035877648799810244,-0.01977004692261808,-0.40170145139822866,0.34832135066632086,683,28,984,-1.4190832014374766,-0.6698793707664178,170,1695,0,0,0,0.06248740932506314,0.014183547508184624,0.9706139472749997
3,G_PCA-RP,OC,1695,-0.7003046515604565,0.07091033633224164,-3.836399001081341,1.0823197998601142,916,22,757,-15.415878523193982,-5.634361306716565,170,1695,0,0,0,0.2846314899302081,-0.11545529648621944,3.796289207587801
3,G_PCA-RP,macro,1695,-0.3680911501801332,0.03619576215356801,-1.93626054737152,0.5233108581366368,925,19,751,-7.218936393301545,-2.787708578889624,170,,,,,,,
3,G_PCA-G_ISO,OD,1695,-0.04095296023280557,-0.03880133795296503,-0.16974053399809286,0.09154220166226477,520,28,1147,-0.3856994407227976,-0.21209384820204547,170,1695,0,0,0,0.041390207300763725,0.02796155526466393,0.3539925342846815
3,G_PCA-G_ISO,OC,1695,-0.0905095814152244,-0.024417910787299935,-0.32492000276181265,0.029131916652960235,414,99,1182,-1.1278194730687086,-0.4690268366010026,170,1695,0,0,0,0.04569945362129175,0.011108014872826644,0.36655351700322747
3,G_PCA-G_ISO,macro,1695,-0.06573127082401482,-0.04365662655678726,-0.19898688247024676,0.03468777213029077,390,27,1278,-0.6602851335691828,-0.2763585355496515,170,,,,,,,
3,G_PCA-G_ORDER,OD,1695,-0.08368135423610347,-0.07433946190721352,-0.509556450012898,0.3853423184448524,607,19,1069,-1.1996184864304094,-0.6987361540390973,170,1695,0,0,0,0.08460209264759747,0.06314133579733294,0.9550876447987969
3,G_PCA-G_ORDER,OC,1695,-0.24716996671361965,-0.18446920387074073,-0.6555065366251722,0.05219931718454033,248,30,1417,-2.8223934917134708,-0.987867108719951,170,1695,0,0,0,0.13822076927018578,0.08289222692881637,0.7505152266154893
3,G_PCA-G_ORDER,macro,1695,-0.16542566047486157,-0.1476525384643268,-0.48225062667263785,0.12339241690975117,371,19,1305,-1.5345216589971233,-0.6436732890974312,170,,,,,,,
4,T_LR-C,OD,1695,-3.5977450429098536,-1.5387457550205874,-12.828925350242733,2.362030219219126,618,17,1060,-22.78616815120732,-14.782678378751498,170,1695,0,0,0,3.8189877636280603,1.7227382127138036,17.569954542289327
4,T_LR-C,OC,1695,-4.410035438617729,-4.0463400151175115,-14.59099989282347,4.925759660058037,487,16,1192,-22.51044034737364,-16.9845298983885,170,1695,0,0,0,3.921742470857164,2.7976358115264546,16.09836573714035
4,T_LR-C,macro,1695,-4.003890240763792,-2.761151063995859,-13.569518927622306,3.34512911872606,519,16,1160,-18.24564010964369,-15.02852765479167,170,,,,,,,
4,T_LR-RP,OD,1695,-3.4603945630653627,-1.501041426283467,-12.313355187714077,2.348647031158888,620,16,1059,-22.558377564405852,-14.175952891493328,170,1695,0,0,0,3.7150102038555675,1.7027594401799337,17.071373807117727
4,T_LR-RP,OC,1695,-4.21033341815574,-3.8855348402452083,-13.460866046608603,4.201660016441259,465,16,1214,-20.995635633717036,-15.672865503537768,170,1695,0,0,0,3.7669902003604703,2.706595996020427,15.17185144520151
4,T_LR-RP,macro,1695,-3.8353639906105514,-2.7363234356627686,-12.692336475030727,2.999107636216075,507,16,1172,-17.369121580791113,-14.097397973907285,170,,,,,,,
4,T_LR-T_ISO,OD,1695,-3.0701566436008774,-0.8463030020030904,-12.274258186247602,2.5695987291519207,633,16,1046,-17.72226962622644,-14.039741659951105,170,1695,0,0,0,3.4473663844108664,1.1496016624876173,16.60377330719589
4,T_LR-T_ISO,OC,1695,-1.2848592940395422,-0.794513663933083,-4.448493056736735,0.7046726390156938,426,16,1253,-7.395473200694214,-5.257629266216991,170,1695,0,0,0,1.3008147439601485,0.5721800835822979,6.049940600080026
4,T_LR-T_ISO,macro,1695,-2.1775079688202097,-0.8273983679452313,-8.202597841587869,1.4006751282674617,571,16,1108,-11.465214268237233,-9.30415458511942,170,,,,,,,
4,T_LR-T_DIAG,OD,1695,-0.11963906926568402,-0.004549295316647051,-1.334900604279765,0.7055558935369866,821,16,858,-3.0113511742886567,-1.9483627750644723,170,1695,0,0,0,0.2419471839241476,0.002463845436659895,3.117478937859475
4,T_LR-T_DIAG,OC,1695,1.4836123043671166,1.7048846821935637,-0.8506025556309615,3.706106918484004,1347,16,332,-6.202768497229572,-2.136666951760912,170,1695,0,0,0,-1.389038040786083,-1.3201202603110076,1.7687312117955418
4,T_LR-T_DIAG,macro,1695,0.6819866175507164,0.7084750836648168,-0.40906909212443215,1.8197237751685027,1308,16,371,-3.1356331742565025,-1.0287542614853677,170,,,,,,,
4,U_PCA-C,OD,1695,-0.002619884544295347,-0.014563895524555281,-0.46529390307693763,0.5683217804859808,805,18,872,-4.548646388847128,-0.871858728799023,170,1695,0,0,0,0.00871350073841384,0.01845664307714756,1.2356500515135962
4,U_PCA-C,OC,1695,0.25528957228207844,0.38845135658959196,-1.5450282890474054,1.9308555672716292,1003,17,675,-6.183149792981641,-2.3783891835596447,170,1695,0,0,0,-0.21450609996829256,-0.2182177613450076,1.4197658084368596
4,U_PCA-C,macro,1695,0.12633484386889168,0.17986663705297223,-1.0121610302350748,1.204967610745823,975,17,703,-3.647987282042886,-1.4914373308506397,170,,,,,,,
4,U_PCA-RP,OD,1695,0.13473059530019607,0.041345966387962285,-0.4817324880605911,1.0388497644423955,887,17,791,-5.020597630290941,-0.9095346575986525,170,1695,0,0,0,-0.09526405903407885,-0.02035883000628047,1.4043416437194653
4,U_PCA-RP,OC,1695,0.4549915927440681,0.5691718163522208,-2.320382165699917,3.1398767800721425,1008,18,669,-8.495491175538577,-3.654854026653279,170,1695,0,0,0,-0.36925837046498544,-0.3572898344219295,2.349171389215143
4,U_PCA-RP,macro,1695,0.2948610940221322,0.31122137657938476,-1.4303926361619257,2.0156082290687216,980,17,698,-4.860801809400995,-2.1216937562420486,170,,,,,,,
4,U_PCA-U_RAND,OD,1695,-0.03838953980582236,-0.008328856487871406,-0.16598854590383239,0.07158159829225189,719,26,950,-1.1760825693393873,-0.3591257638274382,170,1695,0,0,0,0.03467729762113154,0.004662905285865548,0.5490702097153475
4,U_PCA-U_RAND,OC,1695,0.018662542389263327,0.04343043973877858,-0.4898581865999607,0.49873788518398415,966,27,702,-2.6237531268034573,-0.787493897577265,170,1695,0,0,0,-0.017958474547311108,-0.025591094383647928,0.520468368481663
4,U_PCA-U_RAND,macro,1695,-0.009863498708279381,0.011910880945209534,-0.29883460709162923,0.25007772271055806,908,19,768,-1.5063972684276394,-0.4728473050581596,170,,,,,,,
4,U_PCA-U_SCALE,OD,1695,-0.015051669264764082,-0.015082212591033262,-0.42796272430597915,0.46053418218661174,802,18,875,-3.659813300749554,-0.7740465554467134,170,1695,0,0,0,0.015304084579638303,0.022864454444966764,1.0749217563689448
4,U_PCA-U_SCALE,OC,1695,0.25003926563349643,0.34505235931456824,-1.4213133579112625,1.8581733943997718,1007,17,671,-5.6234134707984715,-2.2313086826878368,170,1695,0,0,0,-0.20562030466538542,-0.20316389178655214,1.338176464098241
4,U_PCA-U_SCALE,macro,1695,0.11749379818436627,0.16719025187525993,-0.9362951344335646,1.1138573056721834,974,17,704,-3.2979798640219715,-1.367017471313751,170,,,,,,,
4,S_JOINT-C,OD,1695,-0.09681579526756937,-0.09703762179434916,-3.147829893935805,2.85272957967118,794,20,881,-12.252986703693248,-4.600692751489763,170,1695,0,0,0,0.409833374489589,0.3370493801674401,6.939051371801841
4,S_JOINT-C,OC,1695,-0.059833666078929704,0.4986286352241964,-2.962593804224858,1.7906208955744454,1068,23,604,-17.49689174239692,-5.500695158708991,170,1695,0,0,0,-0.10103529489994251,-0.2872787018440839,2.8113983513453555
4,S_JOINT-C,macro,1695,-0.07832473067324974,0.14442882778640254,-2.805118931917334,1.9932147505631903,897,19,779,-13.798499312573597,-4.677900606658681,170,,,,,,,
4,S_JOINT-RP,OD,1695,0.040534684576922025,-0.032614954705967314,-3.204472544588275,3.2975603310613155,811,32,852,-12.72493794513706,-4.69408253830754,170,1695,0,0,0,0.30585581471709616,0.29976291573198743,7.095406592027046
4,S_JOINT-RP,OC,1695,0.13986835438306,0.8655738154056958,-3.3756437577611687,2.545390814583535,1008,32,655,-18.60887735740842,-6.0457294676973845,170,1695,0,0,0,-0.2557875653966354,-0.4871463441744579,3.0353995326491487
4,S_JOINT-RP,macro,1695,0.09020151947999075,0.20752941841071237,-3.0376663850296692,2.7167057716054503,902,32,761,-14.343490845623187,-4.985152057782035,170,,,,,,,
4,S_JOINT-S_SHARED,OD,1695,0.03361151499804556,-0.030374598562765698,-3.1949747096978887,3.2816259005339603,809,32,854,-12.689506253511768,-4.695742148584434,170,1695,0,0,0,0.30922885482809515,0.27952833252533127,7.081345875025074
4,S_JOINT-S_SHARED,OC,1695,0.1374695168261069,0.8466700165399965,-3.3708832233799013,2.556211123952667,1008,32,655,-18.62438466097151,-6.045242708171084,170,1695,0,0,0,-0.24733039678621963,-0.47765047440019615,3.045200245921506
4,S_JOINT-S_SHARED,macro,1695,0.0855405159120759,0.19784342970845525,-3.0654249200304573,2.7247146038017855,899,32,764,-14.348213279613153,-4.98589450735824,170,,,,,,,
4,S_JOINT-S_NOPCA,OD,1695,-0.07081946054470528,-0.013381831210090844,-0.3146935864501632,0.09558315820597854,682,42,971,-1.0798563499565539,-0.4147463014221688,170,1695,0,0,0,0.04211001999319653,0.007737656710352425,0.6384448951847639
4,S_JOINT-S_NOPCA,OC,1695,-0.09296045241522144,-0.04078570689117211,-0.8569518535405596,0.5486138483899298,718,49,928,-1.6569400241794097,-1.0465371147969218,170,1695,0,0,0,0.08038206705032738,0.04143740652648642,0.8216959326690279
4,S_JOINT-S_NOPCA,macro,1695,-0.08188995647996358,-0.018222196386830092,-0.5748080481719242,0.32484117912330523,741,40,914,-0.9997833379362886,-0.6950052997004932,170,,,,,,,
4,M_TRANSPORT-C,OD,1695,-0.1347398452553809,-0.04820381421484221,-0.5156477509632484,0.10640939793833405,616,22,1057,-1.4336446221360544,-0.6775248449868914,170,1695,0,0,0,0.09394785020202426,0.032671739318914206,0.8107193991407504
4,M_TRANSPORT-C,OC,1695,-0.22339113310731,-0.20409661199732865,-1.2900174528816477,0.8328204726832694,668,21,1006,-2.110797035105183,-1.4924452091450071,170,1695,0,0,0,0.20479518725559293,0.16242239934882807,1.30095855200698
4,M_TRANSPORT-C,macro,1695,-0.1790654891813454,-0.12276151751473563,-0.8854708459588911,0.4507521731749955,655,19,1021,-1.337927771612324,-1.0292870915008063,170,,,,,,,
4,M_TRANSPORT-RP,OD,1695,0.002610634589110512,0.0020608723133364037,-0.03244587511528785,0.035219977165863454,906,68,721,-0.20116322814736076,-0.049453032363784025,170,1695,0,0,0,-0.010029709570468436,-0.004616852219347933,0.1564291811046728
4,M_TRANSPORT-RP,OC,1695,-0.02368911264532035,-0.01538107509417852,-0.09694460137081751,0.032654805816676465,524,103,1068,-0.36445589074051155,-0.13204678420146024,170,1695,0,0,0,0.050042916758900054,0.02129882645819947,0.3413535952787456
4,M_TRANSPORT-RP,macro,1695,-0.010539239028104901,-0.006586044292977711,-0.0547990042545643,0.02517671055872531,645,43,1007,-0.14202630630724133,-0.07311081984182416,170,,,,,,,
4,M_TRANSPORT-M_IDPOST,OD,1695,0.004482701368012316,0.0035071808371922586,-0.022100204468773477,0.030465838186288806,976,93,626,-0.10541769596430495,-0.03638986445861535,170,1695,0,0,0,-0.011087519650883603,-0.0050138888348234545,0.1538419754754149
4,M_TRANSPORT-M_IDPOST,OC,1695,-0.019774364668898422,-0.010179587407677104,-0.08546437503758053,0.029817069208304407,564,111,1020,-0.4077986338461903,-0.12365005236134395,170,1695,0,0,0,0.0454373817935857,0.017084081232328074,0.3310850576465729
4,M_TRANSPORT-M_IDPOST,macro,1695,-0.0076458316504429795,-0.0035330100466079983,-0.0435525305780482,0.02107456385739504,671,49,975,-0.1672539570189202,-0.06286968160622664,170,,,,,,,
4,M_TRANSPORT-M_SHUFFLE,OD,1695,0.9825462922918773,0.15576371405638945,-1.1406629535727864,4.5887981362383155,911,21,763,-3.3260099307067303,-1.7273388068443878,170,1695,0,0,0,-1.041557263260355,-0.17475114838280348,2.0582750831382723
4,M_TRANSPORT-M_SHUFFLE,OC,1695,1.304708118190837,0.6807691022078011,-1.1850736668469963,4.75351259477348,1164,18,513,-6.005675012618195,-2.693314597905215,170,1695,0,0,0,-0.7547605270382645,-0.362212930955522,1.865982709762107
4,M_TRANSPORT-M_SHUFFLE,macro,1695,1.1436272052413572,0.40303045869667375,-1.0230899537607319,4.572602777867057,1068,17,610,-4.228934196005718,-1.910684908593345,170,,,,,,,
4,G_PCA-C,OD,1695,-0.264050867208894,-0.05829572328962529,-1.2485498762972402,0.40982392912127585,761,18,916,-2.0060851440290906,-1.4554265455847686,170,1695,0,0,0,0.2261442114486377,0.03125552224789985,1.7179693346856575
4,G_PCA-C,OC,1695,-0.1772834770413614,-0.1614394773040595,-0.40660461463043474,0.02456060388402531,248,28,1419,-1.6246822361891011,-0.5313415906817313,170,1695,0,0,0,0.11663476191118785,0.08555508395076217,0.5106747760801452
4,G_PCA-C,macro,1695,-0.22066717212512774,-0.10644018143312062,-0.789502034498164,0.16708403658546553,579,18,1098,-1.1989015268780046,-0.9054065828161096,170,,,,,,,
4,G_PCA-RP,OD,1695,-0.12670038736440262,-0.03482131647652986,-0.746057184387483,0.359327621636989,767,18,910,-1.830788524589333,-0.8855919568050885,170,1695,0,0,0,0.12216665167614497,0.020814114635393288,1.2244456168109585
4,G_PCA-RP,OC,1695,0.022418543420628285,0.08588123980095563,-0.9749243321065126,0.9027548010522014,944,21,730,-3.9370236187460383,-1.5456774281921817,170,1695,0,0,0,-0.038117508585505035,-0.07260827870753062,1.2500625773512026
4,G_PCA-RP,macro,1695,-0.05214092197188724,-0.015568309709634853,-0.4183875430289752,0.2622838613005166,754,17,924,-1.900515419668336,-0.6725045059637568,170,,,,,,,
4,G_PCA-G_ISO,OD,1695,-0.08132694524177957,-0.032173915825595145,-0.32987790505610404,0.10024401462743086,688,20,987,-0.5765893138806044,-0.38747535479339573,170,1695,0,0,0,0.06718012165257822,0.01763820502413327,0.5018380330568551
4,G_PCA-G_ISO,OC,1695,-0.028350031998195753,-0.0076717825926997385,-0.1648172682590121,0.0782143504965738,662,86,947,-0.8189443393381235,-0.26479658115448484,170,1695,0,0,0,0.01282516967049691,0.002056913430362073,0.2333115385549279
4,G_PCA-G_ISO,macro,1695,-0.05483848861998769,-0.046795699988810835,-0.1529370743174785,0.031840393269251296,434,20,1241,-0.3991805719073316,-0.18092904084694036,170,,,,,,,
4,G_PCA-G_ORDER,OD,1695,-0.2661230216590905,-0.06105433780548841,-1.2563977610592403,0.4085878271228158,760,18,917,-1.941958159106627,-1.4685763594765353,170,1695,0,0,0,0.22935846792876788,0.03234779090680817,1.7301516521093003
4,G_PCA-G_ORDER,OC,1695,-0.1770826207355552,-0.1566954602457038,-0.4107920782112029,0.025472018867147606,249,26,1420,-1.6219396589872814,-0.5297547127977505,170,1695,0,0,0,0.11779731032884205,0.08435010465351134,0.5138034708268532
4,G_PCA-G_ORDER,macro,1695,-0.22160282119732286,-0.10734694289171731,-0.7884729767857968,0.16924185817280396,581,18,1096,-1.2032880833897863,-0.9123600883186899,170,,,,,,,
