role,horizon,origin_domain,order,windows,keep,rollback,delta_pp
SEALED_REVIEW,64,Drishti_GS,0,3,76.34438071492987,76.22094529049933,-0.12343542443052986
SEALED_REVIEW,64,Drishti_GS,1,3,76.40120498997844,76.3964275299641,-0.004777460014333694
SEALED_REVIEW,64,ORIGA,0,15,82.25506016905489,81.72034325694088,-0.5347169121140164
SEALED_REVIEW,64,ORIGA,1,15,80.25106167101266,79.56285252640932,-0.6882091446033523
SEALED_REVIEW,64,REFUGE,0,9,85.83802394319768,85.7499980370014,-0.08802590619628524
SEALED_REVIEW,64,REFUGE,1,9,85.61936147402257,85.68399459935465,0.06463312533207323
SEALED_REVIEW,64,REFUGE_Valid,0,18,70.02474376281964,70.18972963429461,0.16498587147497623
SEALED_REVIEW,64,REFUGE_Valid,1,18,73.36855838735488,73.55825254256779,0.18969415521289554
SEALED_REVIEW,256,Drishti_GS,1,3,75.39240263943393,75.60622809458613,0.2138254551522086
SEALED_REVIEW,256,ORIGA,0,15,80.44082455655763,80.25090237475575,-0.18992218180187403
SEALED_REVIEW,256,ORIGA,1,15,81.2000784165136,80.82945076795113,-0.37062764856247554
SEALED_REVIEW,256,REFUGE,0,9,82.58594807846903,82.48548922121905,-0.10045885724997403
SEALED_REVIEW,256,REFUGE,1,3,84.88671289344335,84.87684929690852,-0.009863596534823197
SEALED_REVIEW,256,REFUGE_Valid,0,15,70.03149363166833,70.22397910985217,0.1924854781838339
SEALED_REVIEW,256,REFUGE_Valid,1,18,73.229072896564,73.3562202871304,0.12714739056639168
SEARCH,64,Drishti_GS,0,3,82.4919688540012,82.41393796493514,-0.07803088906605637
SEARCH,64,Drishti_GS,1,3,72.66210506539795,72.71060233856245,0.04849727316450014
SEARCH,64,ORIGA,0,15,79.80237113203381,79.2087600303251,-0.593611101708719
SEARCH,64,ORIGA,1,15,78.27191356439008,77.64853493525045,-0.6233786291396105
SEARCH,64,REFUGE,0,9,86.0392323810774,85.95034118065075,-0.08889120042664128
SEARCH,64,REFUGE,1,9,85.48761412890657,85.57509847361226,0.08748434470568611
SEARCH,64,REFUGE_Valid,0,18,69.36677545185731,69.52222221678605,0.15544676492873163
SEARCH,64,REFUGE_Valid,1,18,72.34771508820793,72.4871260825673,0.13941099435937096
SEARCH,256,Drishti_GS,1,3,72.5883312022031,72.83884899883233,0.25051779662923934
SEARCH,256,ORIGA,0,15,78.58309360054587,78.34413518479255,-0.23895841575331456
SEARCH,256,ORIGA,1,15,80.55543957459984,80.15411883782669,-0.40132073677316005
SEARCH,256,REFUGE,0,9,82.64240981510419,82.53992971919003,-0.10248009591416639
SEARCH,256,REFUGE,1,3,86.06908313945262,86.08308312783919,0.013999988386567944
SEARCH,256,REFUGE_Valid,0,15,69.47451534541516,69.6576687923628,0.18315344694764898
SEARCH,256,REFUGE_Valid,1,18,72.76467790481708,72.89071708627003,0.12603918145296136
